downloads,port,board,version,report_date,project,version_full
58,esp32,,1.17,2022-06-01,micropython-esp32-stubs,1.17.post1
90,esp32,,1.18,2022-06-01,micropython-esp32-stubs,1.18.post1
57,esp32,,1.19.1,2022-06-01,micropython-esp32-stubs,1.19.1.post2
87,esp32,,1.19.1,2022-06-01,micropython-esp32-stubs,1.19.1.post3
53,esp8266,,1.17,2022-06-01,micropython-esp8266-stubs,1.17.post1
90,esp8266,,1.18,2022-06-01,micropython-esp8266-stubs,1.18.post1
57,esp8266,,1.19.1,2022-06-01,micropython-esp8266-stubs,1.19.1.post1
80,esp8266,,1.19.1,2022-06-01,micropython-esp8266-stubs,1.19.1.post2
57,rp2,,1.17,2022-06-01,micropython-rp2-stubs,1.17.post1
110,rp2,,1.18,2022-06-01,micropython-rp2-stubs,1.18.post1
54,stm32,,1.17,2022-06-01,micropython-stm32-stubs,1.17.post1
89,stm32,,1.18,2022-06-01,micropython-stm32-stubs,1.18.post1
55,stm32,,1.19.1,2022-06-01,micropython-stm32-stubs,1.19.1.post1
64,stm32,,1.19.1,2022-06-01,micropython-stm32-stubs,1.19.1.post2
69,stm32,,1.19.1,2022-06-01,micropython-stm32-stubs,1.19.1.post3
13,esp32,,1.17,2022-07-01,micropython-esp32-stubs,1.17.post1
14,esp32,,1.18,2022-07-01,micropython-esp32-stubs,1.18.post1
11,esp32,,1.19.1,2022-07-01,micropython-esp32-stubs,1.19.1.post2
75,esp32,,1.19.1,2022-07-01,micropython-esp32-stubs,1.19.1.post3
17,esp8266,,1.17,2022-07-01,micropython-esp8266-stubs,1.17.post1
13,esp8266,,1.18,2022-07-01,micropython-esp8266-stubs,1.18.post1
59,esp8266,,1.18,2022-07-01,micropython-esp8266-stubs,1.18.post2
12,esp8266,,1.19.1,2022-07-01,micropython-esp8266-stubs,1.19.1.post1
21,esp8266,,1.19.1,2022-07-01,micropython-esp8266-stubs,1.19.1.post2
101,esp8266,,1.19.1,2022-07-01,micropython-esp8266-stubs,1.19.1.post3
11,rp2,,1.17,2022-07-01,micropython-rp2-stubs,1.17.post1
62,rp2,,1.18,2022-07-01,micropython-rp2-stubs,1.18.post1
14,stm32,,1.17,2022-07-01,micropython-stm32-stubs,1.17.post1
13,stm32,,1.18,2022-07-01,micropython-stm32-stubs,1.18.post1
55,stm32,,1.18,2022-07-01,micropython-stm32-stubs,1.18.post2
11,stm32,,1.19.1,2022-07-01,micropython-stm32-stubs,1.19.1.post1
9,stm32,,1.19.1,2022-07-01,micropython-stm32-stubs,1.19.1.post2
46,stm32,,1.19.1,2022-07-01,micropython-stm32-stubs,1.19.1.post3
8,esp32,,1.17,2022-08-01,micropython-esp32-stubs,1.17.post1
6,esp32,,1.18,2022-08-01,micropython-esp32-stubs,1.18.post1
4,esp32,,1.19.1,2022-08-01,micropython-esp32-stubs,1.19.1.post2
78,esp32,,1.19.1,2022-08-01,micropython-esp32-stubs,1.19.1.post3
6,esp8266,,1.17,2022-08-01,micropython-esp8266-stubs,1.17.post1
4,esp8266,,1.18,2022-08-01,micropython-esp8266-stubs,1.18.post1
8,esp8266,,1.18,2022-08-01,micropython-esp8266-stubs,1.18.post2
5,esp8266,,1.19.1,2022-08-01,micropython-esp8266-stubs,1.19.1.post1
6,esp8266,,1.19.1,2022-08-01,micropython-esp8266-stubs,1.19.1.post2
50,esp8266,,1.19.1,2022-08-01,micropython-esp8266-stubs,1.19.1.post3
4,rp2,,1.17,2022-08-01,micropython-rp2-stubs,1.17.post1
138,rp2,,1.18,2022-08-01,micropython-rp2-stubs,1.18.post1
4,stm32,,1.17,2022-08-01,micropython-stm32-stubs,1.17.post1
4,stm32,,1.18,2022-08-01,micropython-stm32-stubs,1.18.post1
8,stm32,,1.18,2022-08-01,micropython-stm32-stubs,1.18.post2
5,stm32,,1.19.1,2022-08-01,micropython-stm32-stubs,1.19.1.post1
5,stm32,,1.19.1,2022-08-01,micropython-stm32-stubs,1.19.1.post2
35,stm32,,1.19.1,2022-08-01,micropython-stm32-stubs,1.19.1.post3
5,esp32,,1.17,2022-09-01,micropython-esp32-stubs,1.17.post1
5,esp32,,1.18,2022-09-01,micropython-esp32-stubs,1.18.post1
57,esp32,,1.18,2022-09-01,micropython-esp32-stubs,1.18.post2
8,esp32,,1.19.1,2022-09-01,micropython-esp32-stubs,1.19.1.post2
34,esp32,,1.19.1,2022-09-01,micropython-esp32-stubs,1.19.1.post3
78,esp32,,1.19.1,2022-09-01,micropython-esp32-stubs,1.19.1.post4
72,esp32,,1.19.1,2022-09-01,micropython-esp32-stubs,1.19.1.post5
63,esp32,um-tinypico,1.19.1,2022-09-01,micropython-esp32-um-tinypico-stubs,1.19.1.post2
4,esp8266,,1.17,2022-09-01,micropython-esp8266-stubs,1.17.post1
7,esp8266,,1.18,2022-09-01,micropython-esp8266-stubs,1.18.post1
4,esp8266,,1.18,2022-09-01,micropython-esp8266-stubs,1.18.post2
60,esp8266,,1.18,2022-09-01,micropython-esp8266-stubs,1.18.post3
7,esp8266,,1.19.1,2022-09-01,micropython-esp8266-stubs,1.19.1.post1
5,esp8266,,1.19.1,2022-09-01,micropython-esp8266-stubs,1.19.1.post2
15,esp8266,,1.19.1,2022-09-01,micropython-esp8266-stubs,1.19.1.post3
77,esp8266,,1.19.1,2022-09-01,micropython-esp8266-stubs,1.19.1.post4
4,rp2,,1.17,2022-09-01,micropython-rp2-stubs,1.17.post1
65,rp2,,1.18,2022-09-01,micropython-rp2-stubs,1.18.post1
62,rp2,,1.18,2022-09-01,micropython-rp2-stubs,1.18.post2
109,rp2,,1.19.1,2022-09-01,micropython-rp2-stubs,1.19.1.post6
6,stm32,,1.17,2022-09-01,micropython-stm32-stubs,1.17.post1
4,stm32,,1.18,2022-09-01,micropython-stm32-stubs,1.18.post1
8,stm32,,1.18,2022-09-01,micropython-stm32-stubs,1.18.post2
58,stm32,,1.18,2022-09-01,micropython-stm32-stubs,1.18.post3
5,stm32,,1.19.1,2022-09-01,micropython-stm32-stubs,1.19.1.post1
4,stm32,,1.19.1,2022-09-01,micropython-stm32-stubs,1.19.1.post2
16,stm32,,1.19.1,2022-09-01,micropython-stm32-stubs,1.19.1.post3
70,stm32,,1.19.1,2022-09-01,micropython-stm32-stubs,1.19.1.post4
10,esp32,,1.17,2022-10-01,micropython-esp32-stubs,1.17.post1
9,esp32,,1.18,2022-10-01,micropython-esp32-stubs,1.18.post1
16,esp32,,1.18,2022-10-01,micropython-esp32-stubs,1.18.post2
11,esp32,,1.19.1,2022-10-01,micropython-esp32-stubs,1.19.1.post2
13,esp32,,1.19.1,2022-10-01,micropython-esp32-stubs,1.19.1.post3
14,esp32,,1.19.1,2022-10-01,micropython-esp32-stubs,1.19.1.post4
88,esp32,,1.19.1,2022-10-01,micropython-esp32-stubs,1.19.1.post5
66,esp32,,1.19.1,2022-10-01,micropython-esp32-stubs,1.19.1.post6
43,esp32,um-tinypico,1.19.1,2022-10-01,micropython-esp32-um-tinypico-stubs,1.19.1.post2
61,esp32,um-tinypico,1.19.1,2022-10-01,micropython-esp32-um-tinypico-stubs,1.19.1.post3
5,esp8266,,1.17,2022-10-01,micropython-esp8266-stubs,1.17.post1
5,esp8266,,1.18,2022-10-01,micropython-esp8266-stubs,1.18.post1
7,esp8266,,1.18,2022-10-01,micropython-esp8266-stubs,1.18.post2
9,esp8266,,1.18,2022-10-01,micropython-esp8266-stubs,1.18.post3
6,esp8266,,1.19.1,2022-10-01,micropython-esp8266-stubs,1.19.1.post1
6,esp8266,,1.19.1,2022-10-01,micropython-esp8266-stubs,1.19.1.post2
7,esp8266,,1.19.1,2022-10-01,micropython-esp8266-stubs,1.19.1.post3
62,esp8266,,1.19.1,2022-10-01,micropython-esp8266-stubs,1.19.1.post4
59,esp8266,,1.19.1,2022-10-01,micropython-esp8266-stubs,1.19.1.post5
9,rp2,,1.17,2022-10-01,micropython-rp2-stubs,1.17.post1
9,rp2,,1.18,2022-10-01,micropython-rp2-stubs,1.18.post1
12,rp2,,1.18,2022-10-01,micropython-rp2-stubs,1.18.post2
208,rp2,,1.19.1,2022-10-01,micropython-rp2-stubs,1.19.1.post6
67,rp2,,1.19.1,2022-10-01,micropython-rp2-stubs,1.19.1.post7
6,stm32,,1.17,2022-10-01,micropython-stm32-stubs,1.17.post1
4,stm32,,1.18,2022-10-01,micropython-stm32-stubs,1.18.post1
4,stm32,,1.18,2022-10-01,micropython-stm32-stubs,1.18.post2
10,stm32,,1.18,2022-10-01,micropython-stm32-stubs,1.18.post3
3,stm32,,1.19.1,2022-10-01,micropython-stm32-stubs,1.19.1.post1
4,stm32,,1.19.1,2022-10-01,micropython-stm32-stubs,1.19.1.post2
6,stm32,,1.19.1,2022-10-01,micropython-stm32-stubs,1.19.1.post3
28,stm32,,1.19.1,2022-10-01,micropython-stm32-stubs,1.19.1.post4
55,stm32,,1.19.1,2022-10-01,micropython-stm32-stubs,1.19.1.post5
9,esp32,,1.17,2022-11-01,micropython-esp32-stubs,1.17.post1
4,esp32,,1.18,2022-11-01,micropython-esp32-stubs,1.18.post1
6,esp32,,1.18,2022-11-01,micropython-esp32-stubs,1.18.post2
4,esp32,,1.19.1,2022-11-01,micropython-esp32-stubs,1.19.1.post2
4,esp32,,1.19.1,2022-11-01,micropython-esp32-stubs,1.19.1.post3
5,esp32,,1.19.1,2022-11-01,micropython-esp32-stubs,1.19.1.post4
6,esp32,,1.19.1,2022-11-01,micropython-esp32-stubs,1.19.1.post5
97,esp32,,1.19.1,2022-11-01,micropython-esp32-stubs,1.19.1.post6
142,esp32,,1.19.1,2022-11-01,micropython-esp32-stubs,1.19.1.post7
4,esp32,um-tinypico,1.19.1,2022-11-01,micropython-esp32-um-tinypico-stubs,1.19.1.post2
18,esp32,um-tinypico,1.19.1,2022-11-01,micropython-esp32-um-tinypico-stubs,1.19.1.post3
66,esp32,um-tinypico,1.19.1,2022-11-01,micropython-esp32-um-tinypico-stubs,1.19.1.post4
5,esp8266,,1.17,2022-11-01,micropython-esp8266-stubs,1.17.post1
3,esp8266,,1.18,2022-11-01,micropython-esp8266-stubs,1.18.post1
3,esp8266,,1.18,2022-11-01,micropython-esp8266-stubs,1.18.post2
6,esp8266,,1.18,2022-11-01,micropython-esp8266-stubs,1.18.post3
5,esp8266,,1.19.1,2022-11-01,micropython-esp8266-stubs,1.19.1.post1
3,esp8266,,1.19.1,2022-11-01,micropython-esp8266-stubs,1.19.1.post2
3,esp8266,,1.19.1,2022-11-01,micropython-esp8266-stubs,1.19.1.post3
5,esp8266,,1.19.1,2022-11-01,micropython-esp8266-stubs,1.19.1.post4
73,esp8266,,1.19.1,2022-11-01,micropython-esp8266-stubs,1.19.1.post5
112,esp8266,,1.19.1,2022-11-01,micropython-esp8266-stubs,1.19.1.post6
5,rp2,,1.17,2022-11-01,micropython-rp2-stubs,1.17.post1
4,rp2,,1.18,2022-11-01,micropython-rp2-stubs,1.18.post1
7,rp2,,1.18,2022-11-01,micropython-rp2-stubs,1.18.post2
5,rp2,,1.19.1,2022-11-01,micropython-rp2-stubs,1.19.1.post6
35,rp2,,1.19.1,2022-11-01,micropython-rp2-stubs,1.19.1.post7
75,rp2,,1.19.1,2022-11-01,micropython-rp2-stubs,1.19.1.post8
192,stdlib,,,2022-11-01,micropython-stdlib-stubs,0.9.0
8,stm32,,1.17,2022-11-01,micropython-stm32-stubs,1.17.post1
5,stm32,,1.18,2022-11-01,micropython-stm32-stubs,1.18.post1
4,stm32,,1.18,2022-11-01,micropython-stm32-stubs,1.18.post2
6,stm32,,1.18,2022-11-01,micropython-stm32-stubs,1.18.post3
4,stm32,,1.19.1,2022-11-01,micropython-stm32-stubs,1.19.1.post1
4,stm32,,1.19.1,2022-11-01,micropython-stm32-stubs,1.19.1.post2
4,stm32,,1.19.1,2022-11-01,micropython-stm32-stubs,1.19.1.post3
6,stm32,,1.19.1,2022-11-01,micropython-stm32-stubs,1.19.1.post4
24,stm32,,1.19.1,2022-11-01,micropython-stm32-stubs,1.19.1.post5
66,stm32,,1.19.1,2022-11-01,micropython-stm32-stubs,1.19.1.post6
2,esp32,,1.19.1,2022-12-01,micropython-esp32-stubs,1.19.1.post6
64,esp32,,1.19.1,2022-12-01,micropython-esp32-stubs,1.19.1.post7
1,esp32,um-tinypico,1.19.1,2022-12-01,micropython-esp32-um-tinypico-stubs,1.19.1.post2
3,esp32,um-tinypico,1.19.1,2022-12-01,micropython-esp32-um-tinypico-stubs,1.19.1.post3
12,esp32,um-tinypico,1.19.1,2022-12-01,micropython-esp32-um-tinypico-stubs,1.19.1.post4
1,esp8266,,1.19.1,2022-12-01,micropython-esp8266-stubs,1.19.1.post3
3,esp8266,,1.19.1,2022-12-01,micropython-esp8266-stubs,1.19.1.post5
24,esp8266,,1.19.1,2022-12-01,micropython-esp8266-stubs,1.19.1.post6
1,rp2,,1.17,2022-12-01,micropython-rp2-stubs,1.17.post1
2,rp2,,1.18,2022-12-01,micropython-rp2-stubs,1.18.post1
1,rp2,,1.18,2022-12-01,micropython-rp2-stubs,1.18.post2
1,rp2,,1.19.1,2022-12-01,micropython-rp2-stubs,1.19.1.post6
3,rp2,,1.19.1,2022-12-01,micropython-rp2-stubs,1.19.1.post7
19,rp2,,1.19.1,2022-12-01,micropython-rp2-stubs,1.19.1.post8
67,stdlib,,,2022-12-01,micropython-stdlib-stubs,0.9.0
3,stm32,,1.17,2022-12-01,micropython-stm32-stubs,1.17.post1
1,stm32,,1.18,2022-12-01,micropython-stm32-stubs,1.18.post1
1,stm32,,1.18,2022-12-01,micropython-stm32-stubs,1.18.post2
1,stm32,,1.18,2022-12-01,micropython-stm32-stubs,1.18.post3
1,stm32,,1.19.1,2022-12-01,micropython-stm32-stubs,1.19.1.post1
1,stm32,,1.19.1,2022-12-01,micropython-stm32-stubs,1.19.1.post2
1,stm32,,1.19.1,2022-12-01,micropython-stm32-stubs,1.19.1.post3
1,stm32,,1.19.1,2022-12-01,micropython-stm32-stubs,1.19.1.post4
4,stm32,,1.19.1,2022-12-01,micropython-stm32-stubs,1.19.1.post5
11,stm32,,1.19.1,2022-12-01,micropython-stm32-stubs,1.19.1.post6
5,esp32,,1.17,2023-01-01,micropython-esp32-stubs,1.17.post1
55,esp32,,1.17,2023-01-01,micropython-esp32-stubs,1.17.post2
56,esp32,,1.17,2023-01-01,micropython-esp32-stubs,1.17.post3
5,esp32,,1.18,2023-01-01,micropython-esp32-stubs,1.18.post1
6,esp32,,1.18,2023-01-01,micropython-esp32-stubs,1.18.post2
57,esp32,,1.18,2023-01-01,micropython-esp32-stubs,1.18.post3
62,esp32,,1.19.1,2023-01-01,micropython-esp32-stubs,1.19.1.post10
95,esp32,,1.19.1,2023-01-01,micropython-esp32-stubs,1.19.1.post11
5,esp32,,1.19.1,2023-01-01,micropython-esp32-stubs,1.19.1.post2
5,esp32,,1.19.1,2023-01-01,micropython-esp32-stubs,1.19.1.post3
6,esp32,,1.19.1,2023-01-01,micropython-esp32-stubs,1.19.1.post4
6,esp32,,1.19.1,2023-01-01,micropython-esp32-stubs,1.19.1.post5
5,esp32,,1.19.1,2023-01-01,micropython-esp32-stubs,1.19.1.post6
197,esp32,,1.19.1,2023-01-01,micropython-esp32-stubs,1.19.1.post7
60,esp32,,1.19.1,2023-01-01,micropython-esp32-stubs,1.19.1.post8
61,esp32,,1.19.1,2023-01-01,micropython-esp32-stubs,1.19.1.post9
5,esp32,um-tinypico,1.19.1,2023-01-01,micropython-esp32-um-tinypico-stubs,1.19.1.post2
5,esp32,um-tinypico,1.19.1,2023-01-01,micropython-esp32-um-tinypico-stubs,1.19.1.post3
16,esp32,um-tinypico,1.19.1,2023-01-01,micropython-esp32-um-tinypico-stubs,1.19.1.post4
66,esp32,um-tinypico,1.19.1,2023-01-01,micropython-esp32-um-tinypico-stubs,1.19.1.post5
8,esp8266,,1.17,2023-01-01,micropython-esp8266-stubs,1.17.post1
57,esp8266,,1.17,2023-01-01,micropython-esp8266-stubs,1.17.post2
59,esp8266,,1.17,2023-01-01,micropython-esp8266-stubs,1.17.post3
5,esp8266,,1.18,2023-01-01,micropython-esp8266-stubs,1.18.post1
6,esp8266,,1.18,2023-01-01,micropython-esp8266-stubs,1.18.post2
6,esp8266,,1.18,2023-01-01,micropython-esp8266-stubs,1.18.post3
58,esp8266,,1.18,2023-01-01,micropython-esp8266-stubs,1.18.post4
6,esp8266,,1.19.1,2023-01-01,micropython-esp8266-stubs,1.19.1.post1
6,esp8266,,1.19.1,2023-01-01,micropython-esp8266-stubs,1.19.1.post2
5,esp8266,,1.19.1,2023-01-01,micropython-esp8266-stubs,1.19.1.post3
7,esp8266,,1.19.1,2023-01-01,micropython-esp8266-stubs,1.19.1.post4
5,esp8266,,1.19.1,2023-01-01,micropython-esp8266-stubs,1.19.1.post5
33,esp8266,,1.19.1,2023-01-01,micropython-esp8266-stubs,1.19.1.post6
63,esp8266,,1.19.1,2023-01-01,micropython-esp8266-stubs,1.19.1.post7
62,esp8266,,1.19.1,2023-01-01,micropython-esp8266-stubs,1.19.1.post8
91,esp8266,,1.19.1,2023-01-01,micropython-esp8266-stubs,1.19.1.post9
5,rp2,,1.17,2023-01-01,micropython-rp2-stubs,1.17.post1
57,rp2,,1.17,2023-01-01,micropython-rp2-stubs,1.17.post2
55,rp2,,1.17,2023-01-01,micropython-rp2-stubs,1.17.post3
5,rp2,,1.18,2023-01-01,micropython-rp2-stubs,1.18.post1
6,rp2,,1.18,2023-01-01,micropython-rp2-stubs,1.18.post2
55,rp2,,1.18,2023-01-01,micropython-rp2-stubs,1.18.post3
64,rp2,,1.19.1,2023-01-01,micropython-rp2-stubs,1.19.1.post10
94,rp2,,1.19.1,2023-01-01,micropython-rp2-stubs,1.19.1.post11
6,rp2,,1.19.1,2023-01-01,micropython-rp2-stubs,1.19.1.post6
5,rp2,,1.19.1,2023-01-01,micropython-rp2-stubs,1.19.1.post7
39,rp2,,1.19.1,2023-01-01,micropython-rp2-stubs,1.19.1.post8
62,rp2,,1.19.1,2023-01-01,micropython-rp2-stubs,1.19.1.post9
397,stdlib,,,2023-01-01,micropython-stdlib-stubs,0.9.0
6,stm32,,1.17,2023-01-01,micropython-stm32-stubs,1.17.post1
55,stm32,,1.17,2023-01-01,micropython-stm32-stubs,1.17.post2
57,stm32,,1.17,2023-01-01,micropython-stm32-stubs,1.17.post3
5,stm32,,1.18,2023-01-01,micropython-stm32-stubs,1.18.post1
6,stm32,,1.18,2023-01-01,micropython-stm32-stubs,1.18.post2
6,stm32,,1.18,2023-01-01,micropython-stm32-stubs,1.18.post3
57,stm32,,1.18,2023-01-01,micropython-stm32-stubs,1.18.post4
5,stm32,,1.19.1,2023-01-01,micropython-stm32-stubs,1.19.1.post1
6,stm32,,1.19.1,2023-01-01,micropython-stm32-stubs,1.19.1.post2
6,stm32,,1.19.1,2023-01-01,micropython-stm32-stubs,1.19.1.post3
6,stm32,,1.19.1,2023-01-01,micropython-stm32-stubs,1.19.1.post4
5,stm32,,1.19.1,2023-01-01,micropython-stm32-stubs,1.19.1.post5
20,stm32,,1.19.1,2023-01-01,micropython-stm32-stubs,1.19.1.post6
66,stm32,,1.19.1,2023-01-01,micropython-stm32-stubs,1.19.1.post7
63,stm32,,1.19.1,2023-01-01,micropython-stm32-stubs,1.19.1.post8
69,stm32,,1.19.1,2023-01-01,micropython-stm32-stubs,1.19.1.post9
6,esp32,,1.17,2023-02-01,micropython-esp32-stubs,1.17.post2
10,esp32,,1.17,2023-02-01,micropython-esp32-stubs,1.17.post3
1,esp32,,1.18,2023-02-01,micropython-esp32-stubs,1.18.post2
10,esp32,,1.18,2023-02-01,micropython-esp32-stubs,1.18.post3
7,esp32,,1.19.1,2023-02-01,micropython-esp32-stubs,1.19.1.post10
74,esp32,,1.19.1,2023-02-01,micropython-esp32-stubs,1.19.1.post11
110,esp32,,1.19.1,2023-02-01,micropython-esp32-stubs,1.19.1.post12
1,esp32,,1.19.1,2023-02-01,micropython-esp32-stubs,1.19.1.post4
2,esp32,,1.19.1,2023-02-01,micropython-esp32-stubs,1.19.1.post5
3,esp32,,1.19.1,2023-02-01,micropython-esp32-stubs,1.19.1.post6
6,esp32,,1.19.1,2023-02-01,micropython-esp32-stubs,1.19.1.post7
8,esp32,,1.19.1,2023-02-01,micropython-esp32-stubs,1.19.1.post8
8,esp32,,1.19.1,2023-02-01,micropython-esp32-stubs,1.19.1.post9
3,esp32,um-tinypico,1.19.1,2023-02-01,micropython-esp32-um-tinypico-stubs,1.19.1.post2
4,esp32,um-tinypico,1.19.1,2023-02-01,micropython-esp32-um-tinypico-stubs,1.19.1.post3
5,esp32,um-tinypico,1.19.1,2023-02-01,micropython-esp32-um-tinypico-stubs,1.19.1.post4
27,esp32,um-tinypico,1.19.1,2023-02-01,micropython-esp32-um-tinypico-stubs,1.19.1.post5
71,esp32,um-tinypico,1.19.1,2023-02-01,micropython-esp32-um-tinypico-stubs,1.19.1.post6
2,esp8266,,1.17,2023-02-01,micropython-esp8266-stubs,1.17.post1
8,esp8266,,1.17,2023-02-01,micropython-esp8266-stubs,1.17.post2
9,esp8266,,1.17,2023-02-01,micropython-esp8266-stubs,1.17.post3
1,esp8266,,1.18,2023-02-01,micropython-esp8266-stubs,1.18.post3
9,esp8266,,1.18,2023-02-01,micropython-esp8266-stubs,1.18.post4
1,esp8266,,1.19.1,2023-02-01,micropython-esp8266-stubs,1.19.1.post2
1,esp8266,,1.19.1,2023-02-01,micropython-esp8266-stubs,1.19.1.post4
3,esp8266,,1.19.1,2023-02-01,micropython-esp8266-stubs,1.19.1.post5
8,esp8266,,1.19.1,2023-02-01,micropython-esp8266-stubs,1.19.1.post6
7,esp8266,,1.19.1,2023-02-01,micropython-esp8266-stubs,1.19.1.post7
11,esp8266,,1.19.1,2023-02-01,micropython-esp8266-stubs,1.19.1.post8
58,esp8266,,1.19.1,2023-02-01,micropython-esp8266-stubs,1.19.1.post9
1,rp2,,1.17,2023-02-01,micropython-rp2-stubs,1.17.post1
8,rp2,,1.17,2023-02-01,micropython-rp2-stubs,1.17.post2
7,rp2,,1.17,2023-02-01,micropython-rp2-stubs,1.17.post3
1,rp2,,1.18,2023-02-01,micropython-rp2-stubs,1.18.post2
8,rp2,,1.18,2023-02-01,micropython-rp2-stubs,1.18.post3
12,rp2,,1.19.1,2023-02-01,micropython-rp2-stubs,1.19.1.post10
117,rp2,,1.19.1,2023-02-01,micropython-rp2-stubs,1.19.1.post11
1,rp2,,1.19.1,2023-02-01,micropython-rp2-stubs,1.19.1.post6
3,rp2,,1.19.1,2023-02-01,micropython-rp2-stubs,1.19.1.post7
7,rp2,,1.19.1,2023-02-01,micropython-rp2-stubs,1.19.1.post8
7,rp2,,1.19.1,2023-02-01,micropython-rp2-stubs,1.19.1.post9
299,stdlib,,,2023-02-01,micropython-stdlib-stubs,0.9.0
8,stm32,,1.17,2023-02-01,micropython-stm32-stubs,1.17.post2
8,stm32,,1.17,2023-02-01,micropython-stm32-stubs,1.17.post3
1,stm32,,1.18,2023-02-01,micropython-stm32-stubs,1.18.post3
9,stm32,,1.18,2023-02-01,micropython-stm32-stubs,1.18.post4
1,stm32,,1.19.1,2023-02-01,micropython-stm32-stubs,1.19.1.post4
3,stm32,,1.19.1,2023-02-01,micropython-stm32-stubs,1.19.1.post5
6,stm32,,1.19.1,2023-02-01,micropython-stm32-stubs,1.19.1.post6
8,stm32,,1.19.1,2023-02-01,micropython-stm32-stubs,1.19.1.post7
11,stm32,,1.19.1,2023-02-01,micropython-stm32-stubs,1.19.1.post8
32,stm32,,1.19.1,2023-02-01,micropython-stm32-stubs,1.19.1.post9
7,esp32,,1.17,2023-03-01,micropython-esp32-stubs,1.17.post1
11,esp32,,1.17,2023-03-01,micropython-esp32-stubs,1.17.post2
8,esp32,,1.17,2023-03-01,micropython-esp32-stubs,1.17.post3
7,esp32,,1.18,2023-03-01,micropython-esp32-stubs,1.18.post1
7,esp32,,1.18,2023-03-01,micropython-esp32-stubs,1.18.post2
13,esp32,,1.18,2023-03-01,micropython-esp32-stubs,1.18.post3
10,esp32,,1.19.1,2023-03-01,micropython-esp32-stubs,1.19.1.post10
12,esp32,,1.19.1,2023-03-01,micropython-esp32-stubs,1.19.1.post11
161,esp32,,1.19.1,2023-03-01,micropython-esp32-stubs,1.19.1.post12
7,esp32,,1.19.1,2023-03-01,micropython-esp32-stubs,1.19.1.post2
7,esp32,,1.19.1,2023-03-01,micropython-esp32-stubs,1.19.1.post3
9,esp32,,1.19.1,2023-03-01,micropython-esp32-stubs,1.19.1.post4
10,esp32,,1.19.1,2023-03-01,micropython-esp32-stubs,1.19.1.post5
13,esp32,,1.19.1,2023-03-01,micropython-esp32-stubs,1.19.1.post6
12,esp32,,1.19.1,2023-03-01,micropython-esp32-stubs,1.19.1.post7
9,esp32,,1.19.1,2023-03-01,micropython-esp32-stubs,1.19.1.post8
8,esp32,,1.19.1,2023-03-01,micropython-esp32-stubs,1.19.1.post9
10,esp32,um-tinypico,1.19.1,2023-03-01,micropython-esp32-um-tinypico-stubs,1.19.1.post2
12,esp32,um-tinypico,1.19.1,2023-03-01,micropython-esp32-um-tinypico-stubs,1.19.1.post3
11,esp32,um-tinypico,1.19.1,2023-03-01,micropython-esp32-um-tinypico-stubs,1.19.1.post4
15,esp32,um-tinypico,1.19.1,2023-03-01,micropython-esp32-um-tinypico-stubs,1.19.1.post5
32,esp32,um-tinypico,1.19.1,2023-03-01,micropython-esp32-um-tinypico-stubs,1.19.1.post6
7,esp8266,,1.17,2023-03-01,micropython-esp8266-stubs,1.17.post1
8,esp8266,,1.17,2023-03-01,micropython-esp8266-stubs,1.17.post2
9,esp8266,,1.17,2023-03-01,micropython-esp8266-stubs,1.17.post3
7,esp8266,,1.18,2023-03-01,micropython-esp8266-stubs,1.18.post1
7,esp8266,,1.18,2023-03-01,micropython-esp8266-stubs,1.18.post2
7,esp8266,,1.18,2023-03-01,micropython-esp8266-stubs,1.18.post3
10,esp8266,,1.18,2023-03-01,micropython-esp8266-stubs,1.18.post4
8,esp8266,,1.19.1,2023-03-01,micropython-esp8266-stubs,1.19.1.post1
7,esp8266,,1.19.1,2023-03-01,micropython-esp8266-stubs,1.19.1.post2
7,esp8266,,1.19.1,2023-03-01,micropython-esp8266-stubs,1.19.1.post3
9,esp8266,,1.19.1,2023-03-01,micropython-esp8266-stubs,1.19.1.post4
12,esp8266,,1.19.1,2023-03-01,micropython-esp8266-stubs,1.19.1.post5
10,esp8266,,1.19.1,2023-03-01,micropython-esp8266-stubs,1.19.1.post6
9,esp8266,,1.19.1,2023-03-01,micropython-esp8266-stubs,1.19.1.post7
10,esp8266,,1.19.1,2023-03-01,micropython-esp8266-stubs,1.19.1.post8
50,esp8266,,1.19.1,2023-03-01,micropython-esp8266-stubs,1.19.1.post9
8,rp2,,1.17,2023-03-01,micropython-rp2-stubs,1.17.post1
10,rp2,,1.17,2023-03-01,micropython-rp2-stubs,1.17.post2
10,rp2,,1.17,2023-03-01,micropython-rp2-stubs,1.17.post3
8,rp2,,1.18,2023-03-01,micropython-rp2-stubs,1.18.post1
8,rp2,,1.18,2023-03-01,micropython-rp2-stubs,1.18.post2
10,rp2,,1.18,2023-03-01,micropython-rp2-stubs,1.18.post3
10,rp2,,1.19.1,2023-03-01,micropython-rp2-stubs,1.19.1.post10
87,rp2,,1.19.1,2023-03-01,micropython-rp2-stubs,1.19.1.post11
10,rp2,,1.19.1,2023-03-01,micropython-rp2-stubs,1.19.1.post6
13,rp2,,1.19.1,2023-03-01,micropython-rp2-stubs,1.19.1.post7
11,rp2,,1.19.1,2023-03-01,micropython-rp2-stubs,1.19.1.post8
10,rp2,,1.19.1,2023-03-01,micropython-rp2-stubs,1.19.1.post9
284,stdlib,,,2023-03-01,micropython-stdlib-stubs,0.9.0
8,stm32,,1.17,2023-03-01,micropython-stm32-stubs,1.17.post1
8,stm32,,1.17,2023-03-01,micropython-stm32-stubs,1.17.post2
9,stm32,,1.17,2023-03-01,micropython-stm32-stubs,1.17.post3
8,stm32,,1.18,2023-03-01,micropython-stm32-stubs,1.18.post1
8,stm32,,1.18,2023-03-01,micropython-stm32-stubs,1.18.post2
8,stm32,,1.18,2023-03-01,micropython-stm32-stubs,1.18.post3
9,stm32,,1.18,2023-03-01,micropython-stm32-stubs,1.18.post4
9,stm32,,1.19.1,2023-03-01,micropython-stm32-stubs,1.19.1.post1
8,stm32,,1.19.1,2023-03-01,micropython-stm32-stubs,1.19.1.post2
8,stm32,,1.19.1,2023-03-01,micropython-stm32-stubs,1.19.1.post3
10,stm32,,1.19.1,2023-03-01,micropython-stm32-stubs,1.19.1.post4
13,stm32,,1.19.1,2023-03-01,micropython-stm32-stubs,1.19.1.post5
13,stm32,,1.19.1,2023-03-01,micropython-stm32-stubs,1.19.1.post6
8,stm32,,1.19.1,2023-03-01,micropython-stm32-stubs,1.19.1.post7
9,stm32,,1.19.1,2023-03-01,micropython-stm32-stubs,1.19.1.post8
30,stm32,,1.19.1,2023-03-01,micropython-stm32-stubs,1.19.1.post9
4,esp32,,1.17,2023-04-01,micropython-esp32-stubs,1.17.post1
2,esp32,,1.17,2023-04-01,micropython-esp32-stubs,1.17.post2
3,esp32,,1.17,2023-04-01,micropython-esp32-stubs,1.17.post3
4,esp32,,1.18,2023-04-01,micropython-esp32-stubs,1.18.post1
2,esp32,,1.18,2023-04-01,micropython-esp32-stubs,1.18.post2
3,esp32,,1.18,2023-04-01,micropython-esp32-stubs,1.18.post3
4,esp32,,1.19.1,2023-04-01,micropython-esp32-stubs,1.19.1.post10
5,esp32,,1.19.1,2023-04-01,micropython-esp32-stubs,1.19.1.post11
122,esp32,,1.19.1,2023-04-01,micropython-esp32-stubs,1.19.1.post12
2,esp32,,1.19.1,2023-04-01,micropython-esp32-stubs,1.19.1.post2
3,esp32,,1.19.1,2023-04-01,micropython-esp32-stubs,1.19.1.post3
4,esp32,,1.19.1,2023-04-01,micropython-esp32-stubs,1.19.1.post4
4,esp32,,1.19.1,2023-04-01,micropython-esp32-stubs,1.19.1.post5
4,esp32,,1.19.1,2023-04-01,micropython-esp32-stubs,1.19.1.post6
3,esp32,,1.19.1,2023-04-01,micropython-esp32-stubs,1.19.1.post7
5,esp32,,1.19.1,2023-04-01,micropython-esp32-stubs,1.19.1.post8
5,esp32,,1.19.1,2023-04-01,micropython-esp32-stubs,1.19.1.post9
3,esp32,um-tinypico,1.19.1,2023-04-01,micropython-esp32-um-tinypico-stubs,1.19.1.post2
3,esp32,um-tinypico,1.19.1,2023-04-01,micropython-esp32-um-tinypico-stubs,1.19.1.post3
1,esp32,um-tinypico,1.19.1,2023-04-01,micropython-esp32-um-tinypico-stubs,1.19.1.post4
3,esp32,um-tinypico,1.19.1,2023-04-01,micropython-esp32-um-tinypico-stubs,1.19.1.post5
18,esp32,um-tinypico,1.19.1,2023-04-01,micropython-esp32-um-tinypico-stubs,1.19.1.post6
1,esp8266,,1.17,2023-04-01,micropython-esp8266-stubs,1.17.post1
1,esp8266,,1.17,2023-04-01,micropython-esp8266-stubs,1.17.post2
1,esp8266,,1.17,2023-04-01,micropython-esp8266-stubs,1.17.post3
3,esp8266,,1.18,2023-04-01,micropython-esp8266-stubs,1.18.post1
3,esp8266,,1.18,2023-04-01,micropython-esp8266-stubs,1.18.post2
3,esp8266,,1.18,2023-04-01,micropython-esp8266-stubs,1.18.post3
5,esp8266,,1.18,2023-04-01,micropython-esp8266-stubs,1.18.post4
5,esp8266,,1.19.1,2023-04-01,micropython-esp8266-stubs,1.19.1.post1
5,esp8266,,1.19.1,2023-04-01,micropython-esp8266-stubs,1.19.1.post2
4,esp8266,,1.19.1,2023-04-01,micropython-esp8266-stubs,1.19.1.post3
5,esp8266,,1.19.1,2023-04-01,micropython-esp8266-stubs,1.19.1.post4
5,esp8266,,1.19.1,2023-04-01,micropython-esp8266-stubs,1.19.1.post5
4,esp8266,,1.19.1,2023-04-01,micropython-esp8266-stubs,1.19.1.post6
2,esp8266,,1.19.1,2023-04-01,micropython-esp8266-stubs,1.19.1.post7
3,esp8266,,1.19.1,2023-04-01,micropython-esp8266-stubs,1.19.1.post8
57,esp8266,,1.19.1,2023-04-01,micropython-esp8266-stubs,1.19.1.post9
1,rp2,,1.17,2023-04-01,micropython-rp2-stubs,1.17.post1
1,rp2,,1.17,2023-04-01,micropython-rp2-stubs,1.17.post2
3,rp2,,1.17,2023-04-01,micropython-rp2-stubs,1.17.post3
4,rp2,,1.18,2023-04-01,micropython-rp2-stubs,1.18.post1
5,rp2,,1.18,2023-04-01,micropython-rp2-stubs,1.18.post2
3,rp2,,1.18,2023-04-01,micropython-rp2-stubs,1.18.post3
2,rp2,,1.19.1,2023-04-01,micropython-rp2-stubs,1.19.1.post10
139,rp2,,1.19.1,2023-04-01,micropython-rp2-stubs,1.19.1.post11
5,rp2,,1.19.1,2023-04-01,micropython-rp2-stubs,1.19.1.post6
5,rp2,,1.19.1,2023-04-01,micropython-rp2-stubs,1.19.1.post7
5,rp2,,1.19.1,2023-04-01,micropython-rp2-stubs,1.19.1.post8
2,rp2,,1.19.1,2023-04-01,micropython-rp2-stubs,1.19.1.post9
777,stdlib,,,2023-04-01,micropython-stdlib-stubs,0.9.0
3,stm32,,1.17,2023-04-01,micropython-stm32-stubs,1.17.post1
1,stm32,,1.17,2023-04-01,micropython-stm32-stubs,1.17.post2
3,stm32,,1.17,2023-04-01,micropython-stm32-stubs,1.17.post3
3,stm32,,1.18,2023-04-01,micropython-stm32-stubs,1.18.post1
3,stm32,,1.18,2023-04-01,micropython-stm32-stubs,1.18.post2
3,stm32,,1.18,2023-04-01,micropython-stm32-stubs,1.18.post3
3,stm32,,1.18,2023-04-01,micropython-stm32-stubs,1.18.post4
4,stm32,,1.19.1,2023-04-01,micropython-stm32-stubs,1.19.1.post1
4,stm32,,1.19.1,2023-04-01,micropython-stm32-stubs,1.19.1.post2
4,stm32,,1.19.1,2023-04-01,micropython-stm32-stubs,1.19.1.post3
6,stm32,,1.19.1,2023-04-01,micropython-stm32-stubs,1.19.1.post4
5,stm32,,1.19.1,2023-04-01,micropython-stm32-stubs,1.19.1.post5
5,stm32,,1.19.1,2023-04-01,micropython-stm32-stubs,1.19.1.post6
2,stm32,,1.19.1,2023-04-01,micropython-stm32-stubs,1.19.1.post7
2,stm32,,1.19.1,2023-04-01,micropython-stm32-stubs,1.19.1.post8
485,stm32,,1.19.1,2023-04-01,micropython-stm32-stubs,1.19.1.post9
124,esp32,ota,1.20.0,2023-05-01,micropython-esp32-ota-stubs,1.20.0.post1
5,esp32,,1.17,2023-05-01,micropython-esp32-stubs,1.17.post1
6,esp32,,1.17,2023-05-01,micropython-esp32-stubs,1.17.post2
6,esp32,,1.17,2023-05-01,micropython-esp32-stubs,1.17.post3
6,esp32,,1.18,2023-05-01,micropython-esp32-stubs,1.18.post1
7,esp32,,1.18,2023-05-01,micropython-esp32-stubs,1.18.post2
6,esp32,,1.18,2023-05-01,micropython-esp32-stubs,1.18.post3
7,esp32,,1.19.1,2023-05-01,micropython-esp32-stubs,1.19.1.post10
8,esp32,,1.19.1,2023-05-01,micropython-esp32-stubs,1.19.1.post11
39,esp32,,1.19.1,2023-05-01,micropython-esp32-stubs,1.19.1.post12
10,esp32,,1.19.1,2023-05-01,micropython-esp32-stubs,1.19.1.post2
8,esp32,,1.19.1,2023-05-01,micropython-esp32-stubs,1.19.1.post3
9,esp32,,1.19.1,2023-05-01,micropython-esp32-stubs,1.19.1.post4
10,esp32,,1.19.1,2023-05-01,micropython-esp32-stubs,1.19.1.post5
11,esp32,,1.19.1,2023-05-01,micropython-esp32-stubs,1.19.1.post6
11,esp32,,1.19.1,2023-05-01,micropython-esp32-stubs,1.19.1.post7
8,esp32,,1.19.1,2023-05-01,micropython-esp32-stubs,1.19.1.post8
8,esp32,,1.19.1,2023-05-01,micropython-esp32-stubs,1.19.1.post9
160,esp32,,1.20.0,2023-05-01,micropython-esp32-stubs,1.20.0.post1
6,esp32,um-tinypico,1.19.1,2023-05-01,micropython-esp32-um-tinypico-stubs,1.19.1.post2
6,esp32,um-tinypico,1.19.1,2023-05-01,micropython-esp32-um-tinypico-stubs,1.19.1.post3
5,esp32,um-tinypico,1.19.1,2023-05-01,micropython-esp32-um-tinypico-stubs,1.19.1.post4
9,esp32,um-tinypico,1.19.1,2023-05-01,micropython-esp32-um-tinypico-stubs,1.19.1.post5
17,esp32,um-tinypico,1.19.1,2023-05-01,micropython-esp32-um-tinypico-stubs,1.19.1.post6
7,esp8266,,1.17,2023-05-01,micropython-esp8266-stubs,1.17.post1
5,esp8266,,1.17,2023-05-01,micropython-esp8266-stubs,1.17.post2
4,esp8266,,1.17,2023-05-01,micropython-esp8266-stubs,1.17.post3
5,esp8266,,1.18,2023-05-01,micropython-esp8266-stubs,1.18.post1
5,esp8266,,1.18,2023-05-01,micropython-esp8266-stubs,1.18.post2
4,esp8266,,1.18,2023-05-01,micropython-esp8266-stubs,1.18.post3
8,esp8266,,1.18,2023-05-01,micropython-esp8266-stubs,1.18.post4
7,esp8266,,1.19.1,2023-05-01,micropython-esp8266-stubs,1.19.1.post1
6,esp8266,,1.19.1,2023-05-01,micropython-esp8266-stubs,1.19.1.post2
6,esp8266,,1.19.1,2023-05-01,micropython-esp8266-stubs,1.19.1.post3
6,esp8266,,1.19.1,2023-05-01,micropython-esp8266-stubs,1.19.1.post4
6,esp8266,,1.19.1,2023-05-01,micropython-esp8266-stubs,1.19.1.post5
9,esp8266,,1.19.1,2023-05-01,micropython-esp8266-stubs,1.19.1.post6
7,esp8266,,1.19.1,2023-05-01,micropython-esp8266-stubs,1.19.1.post7
8,esp8266,,1.19.1,2023-05-01,micropython-esp8266-stubs,1.19.1.post8
47,esp8266,,1.19.1,2023-05-01,micropython-esp8266-stubs,1.19.1.post9
146,rp2,pico,1.20.0,2023-05-01,micropython-rp2-pico-stubs,1.20.0.post1
144,rp2,pico-w,1.20.0,2023-05-01,micropython-rp2-pico-w-stubs,1.20.0.post1
131,rp2,pimoroni-picolipo-16mb,1.20.0,2023-05-01,micropython-rp2-pimoroni-picolipo-16mb-stubs,1.20.0.post1
7,rp2,,1.17,2023-05-01,micropython-rp2-stubs,1.17.post1
7,rp2,,1.17,2023-05-01,micropython-rp2-stubs,1.17.post2
7,rp2,,1.17,2023-05-01,micropython-rp2-stubs,1.17.post3
9,rp2,,1.18,2023-05-01,micropython-rp2-stubs,1.18.post1
10,rp2,,1.18,2023-05-01,micropython-rp2-stubs,1.18.post2
9,rp2,,1.18,2023-05-01,micropython-rp2-stubs,1.18.post3
10,rp2,,1.19.1,2023-05-01,micropython-rp2-stubs,1.19.1.post10
26,rp2,,1.19.1,2023-05-01,micropython-rp2-stubs,1.19.1.post11
7,rp2,,1.19.1,2023-05-01,micropython-rp2-stubs,1.19.1.post6
9,rp2,,1.19.1,2023-05-01,micropython-rp2-stubs,1.19.1.post7
7,rp2,,1.19.1,2023-05-01,micropython-rp2-stubs,1.19.1.post8
9,rp2,,1.19.1,2023-05-01,micropython-rp2-stubs,1.19.1.post9
96,rp2,,1.20.0,2023-05-01,micropython-rp2-stubs,1.20.0.post1
105,samd,seeed-wio-terminal,1.20.0,2023-05-01,micropython-samd-seeed-wio-terminal-stubs,1.20.0.post1
565,stdlib,,,2023-05-01,micropython-stdlib-stubs,0.9.0
140,stm32,pybv11,1.20.0,2023-05-01,micropython-stm32-pybv11-stubs,1.20.0.post1
4,stm32,,1.17,2023-05-01,micropython-stm32-stubs,1.17.post1
5,stm32,,1.17,2023-05-01,micropython-stm32-stubs,1.17.post2
7,stm32,,1.17,2023-05-01,micropython-stm32-stubs,1.17.post3
5,stm32,,1.18,2023-05-01,micropython-stm32-stubs,1.18.post1
4,stm32,,1.18,2023-05-01,micropython-stm32-stubs,1.18.post2
5,stm32,,1.18,2023-05-01,micropython-stm32-stubs,1.18.post3
6,stm32,,1.18,2023-05-01,micropython-stm32-stubs,1.18.post4
7,stm32,,1.19.1,2023-05-01,micropython-stm32-stubs,1.19.1.post1
7,stm32,,1.19.1,2023-05-01,micropython-stm32-stubs,1.19.1.post2
7,stm32,,1.19.1,2023-05-01,micropython-stm32-stubs,1.19.1.post3
8,stm32,,1.19.1,2023-05-01,micropython-stm32-stubs,1.19.1.post4
8,stm32,,1.19.1,2023-05-01,micropython-stm32-stubs,1.19.1.post5
6,stm32,,1.19.1,2023-05-01,micropython-stm32-stubs,1.19.1.post6
8,stm32,,1.19.1,2023-05-01,micropython-stm32-stubs,1.19.1.post7
9,stm32,,1.19.1,2023-05-01,micropython-stm32-stubs,1.19.1.post8
86,stm32,,1.19.1,2023-05-01,micropython-stm32-stubs,1.19.1.post9
269,stm32,,1.20.0,2023-05-01,micropython-stm32-stubs,1.20.0.post1
29,esp32,ota,1.20.0,2023-06-01,micropython-esp32-ota-stubs,1.20.0.post1
6,esp32,,1.17,2023-06-01,micropython-esp32-stubs,1.17.post1
6,esp32,,1.17,2023-06-01,micropython-esp32-stubs,1.17.post2
6,esp32,,1.17,2023-06-01,micropython-esp32-stubs,1.17.post3
7,esp32,,1.18,2023-06-01,micropython-esp32-stubs,1.18.post1
6,esp32,,1.18,2023-06-01,micropython-esp32-stubs,1.18.post2
8,esp32,,1.18,2023-06-01,micropython-esp32-stubs,1.18.post3
9,esp32,,1.19.1,2023-06-01,micropython-esp32-stubs,1.19.1.post10
7,esp32,,1.19.1,2023-06-01,micropython-esp32-stubs,1.19.1.post11
19,esp32,,1.19.1,2023-06-01,micropython-esp32-stubs,1.19.1.post12
6,esp32,,1.19.1,2023-06-01,micropython-esp32-stubs,1.19.1.post2
7,esp32,,1.19.1,2023-06-01,micropython-esp32-stubs,1.19.1.post3
8,esp32,,1.19.1,2023-06-01,micropython-esp32-stubs,1.19.1.post4
8,esp32,,1.19.1,2023-06-01,micropython-esp32-stubs,1.19.1.post5
10,esp32,,1.19.1,2023-06-01,micropython-esp32-stubs,1.19.1.post6
9,esp32,,1.19.1,2023-06-01,micropython-esp32-stubs,1.19.1.post7
8,esp32,,1.19.1,2023-06-01,micropython-esp32-stubs,1.19.1.post8
8,esp32,,1.19.1,2023-06-01,micropython-esp32-stubs,1.19.1.post9
100,esp32,,1.20.0,2023-06-01,micropython-esp32-stubs,1.20.0.post1
7,esp32,um-tinypico,1.19.1,2023-06-01,micropython-esp32-um-tinypico-stubs,1.19.1.post2
7,esp32,um-tinypico,1.19.1,2023-06-01,micropython-esp32-um-tinypico-stubs,1.19.1.post3
8,esp32,um-tinypico,1.19.1,2023-06-01,micropython-esp32-um-tinypico-stubs,1.19.1.post4
9,esp32,um-tinypico,1.19.1,2023-06-01,micropython-esp32-um-tinypico-stubs,1.19.1.post5
28,esp32,um-tinypico,1.19.1,2023-06-01,micropython-esp32-um-tinypico-stubs,1.19.1.post6
7,esp8266,,1.17,2023-06-01,micropython-esp8266-stubs,1.17.post1
5,esp8266,,1.17,2023-06-01,micropython-esp8266-stubs,1.17.post2
6,esp8266,,1.17,2023-06-01,micropython-esp8266-stubs,1.17.post3
6,esp8266,,1.18,2023-06-01,micropython-esp8266-stubs,1.18.post1
8,esp8266,,1.18,2023-06-01,micropython-esp8266-stubs,1.18.post2
7,esp8266,,1.18,2023-06-01,micropython-esp8266-stubs,1.18.post3
9,esp8266,,1.18,2023-06-01,micropython-esp8266-stubs,1.18.post4
8,esp8266,,1.19.1,2023-06-01,micropython-esp8266-stubs,1.19.1.post1
9,esp8266,,1.19.1,2023-06-01,micropython-esp8266-stubs,1.19.1.post2
8,esp8266,,1.19.1,2023-06-01,micropython-esp8266-stubs,1.19.1.post3
8,esp8266,,1.19.1,2023-06-01,micropython-esp8266-stubs,1.19.1.post4
9,esp8266,,1.19.1,2023-06-01,micropython-esp8266-stubs,1.19.1.post5
10,esp8266,,1.19.1,2023-06-01,micropython-esp8266-stubs,1.19.1.post6
7,esp8266,,1.19.1,2023-06-01,micropython-esp8266-stubs,1.19.1.post7
12,esp8266,,1.19.1,2023-06-01,micropython-esp8266-stubs,1.19.1.post8
41,esp8266,,1.19.1,2023-06-01,micropython-esp8266-stubs,1.19.1.post9
48,rp2,pico,1.20.0,2023-06-01,micropython-rp2-pico-stubs,1.20.0.post1
52,rp2,pico-w,1.20.0,2023-06-01,micropython-rp2-pico-w-stubs,1.20.0.post1
19,rp2,pimoroni-picolipo-16mb,1.20.0,2023-06-01,micropython-rp2-pimoroni-picolipo-16mb-stubs,1.20.0.post1
4,rp2,,1.17,2023-06-01,micropython-rp2-stubs,1.17.post1
3,rp2,,1.17,2023-06-01,micropython-rp2-stubs,1.17.post2
4,rp2,,1.17,2023-06-01,micropython-rp2-stubs,1.17.post3
6,rp2,,1.18,2023-06-01,micropython-rp2-stubs,1.18.post1
5,rp2,,1.18,2023-06-01,micropython-rp2-stubs,1.18.post2
8,rp2,,1.18,2023-06-01,micropython-rp2-stubs,1.18.post3
7,rp2,,1.19.1,2023-06-01,micropython-rp2-stubs,1.19.1.post10
7,rp2,,1.19.1,2023-06-01,micropython-rp2-stubs,1.19.1.post11
6,rp2,,1.19.1,2023-06-01,micropython-rp2-stubs,1.19.1.post6
6,rp2,,1.19.1,2023-06-01,micropython-rp2-stubs,1.19.1.post7
8,rp2,,1.19.1,2023-06-01,micropython-rp2-stubs,1.19.1.post8
7,rp2,,1.19.1,2023-06-01,micropython-rp2-stubs,1.19.1.post9
42,rp2,,1.20.0,2023-06-01,micropython-rp2-stubs,1.20.0.post1
18,samd,seeed-wio-terminal,1.20.0,2023-06-01,micropython-samd-seeed-wio-terminal-stubs,1.20.0.post1
284,stdlib,,,2023-06-01,micropython-stdlib-stubs,0.9.0
28,stm32,pybv11,1.20.0,2023-06-01,micropython-stm32-pybv11-stubs,1.20.0.post1
7,stm32,,1.17,2023-06-01,micropython-stm32-stubs,1.17.post1
7,stm32,,1.17,2023-06-01,micropython-stm32-stubs,1.17.post2
5,stm32,,1.17,2023-06-01,micropython-stm32-stubs,1.17.post3
7,stm32,,1.18,2023-06-01,micropython-stm32-stubs,1.18.post1
8,stm32,,1.18,2023-06-01,micropython-stm32-stubs,1.18.post2
5,stm32,,1.18,2023-06-01,micropython-stm32-stubs,1.18.post3
6,stm32,,1.18,2023-06-01,micropython-stm32-stubs,1.18.post4
9,stm32,,1.19.1,2023-06-01,micropython-stm32-stubs,1.19.1.post1
6,stm32,,1.19.1,2023-06-01,micropython-stm32-stubs,1.19.1.post2
8,stm32,,1.19.1,2023-06-01,micropython-stm32-stubs,1.19.1.post3
9,stm32,,1.19.1,2023-06-01,micropython-stm32-stubs,1.19.1.post4
7,stm32,,1.19.1,2023-06-01,micropython-stm32-stubs,1.19.1.post5
9,stm32,,1.19.1,2023-06-01,micropython-stm32-stubs,1.19.1.post6
8,stm32,,1.19.1,2023-06-01,micropython-stm32-stubs,1.19.1.post7
8,stm32,,1.19.1,2023-06-01,micropython-stm32-stubs,1.19.1.post8
10,stm32,,1.19.1,2023-06-01,micropython-stm32-stubs,1.19.1.post9
111,stm32,,1.20.0,2023-06-01,micropython-stm32-stubs,1.20.0.post1
7,esp32,ota,1.20.0,2023-07-01,micropython-esp32-ota-stubs,1.20.0.post1
92,esp32,ota,1.20.0,2023-07-01,micropython-esp32-ota-stubs,1.20.0.post2
92,esp32,s3,1.19.1,2023-07-01,micropython-esp32-s3-stubs,1.19.1.post1
126,esp32,s3,1.20.0,2023-07-01,micropython-esp32-s3-stubs,1.20.0.post1
4,esp32,,1.17,2023-07-01,micropython-esp32-stubs,1.17.post1
2,esp32,,1.17,2023-07-01,micropython-esp32-stubs,1.17.post2
3,esp32,,1.17,2023-07-01,micropython-esp32-stubs,1.17.post3
4,esp32,,1.18,2023-07-01,micropython-esp32-stubs,1.18.post1
3,esp32,,1.18,2023-07-01,micropython-esp32-stubs,1.18.post2
2,esp32,,1.18,2023-07-01,micropython-esp32-stubs,1.18.post3
2,esp32,,1.19.1,2023-07-01,micropython-esp32-stubs,1.19.1.post10
12,esp32,,1.19.1,2023-07-01,micropython-esp32-stubs,1.19.1.post11
2,esp32,,1.19.1,2023-07-01,micropython-esp32-stubs,1.19.1.post12
75,esp32,,1.19.1,2023-07-01,micropython-esp32-stubs,1.19.1.post13
3,esp32,,1.19.1,2023-07-01,micropython-esp32-stubs,1.19.1.post2
3,esp32,,1.19.1,2023-07-01,micropython-esp32-stubs,1.19.1.post3
2,esp32,,1.19.1,2023-07-01,micropython-esp32-stubs,1.19.1.post4
4,esp32,,1.19.1,2023-07-01,micropython-esp32-stubs,1.19.1.post5
2,esp32,,1.19.1,2023-07-01,micropython-esp32-stubs,1.19.1.post6
2,esp32,,1.19.1,2023-07-01,micropython-esp32-stubs,1.19.1.post7
2,esp32,,1.19.1,2023-07-01,micropython-esp32-stubs,1.19.1.post8
4,esp32,,1.19.1,2023-07-01,micropython-esp32-stubs,1.19.1.post9
10,esp32,,1.20.0,2023-07-01,micropython-esp32-stubs,1.20.0.post1
169,esp32,,1.20.0,2023-07-01,micropython-esp32-stubs,1.20.0.post2
5,esp32,um-tinypico,1.19.1,2023-07-01,micropython-esp32-um-tinypico-stubs,1.19.1.post2
5,esp32,um-tinypico,1.19.1,2023-07-01,micropython-esp32-um-tinypico-stubs,1.19.1.post3
5,esp32,um-tinypico,1.19.1,2023-07-01,micropython-esp32-um-tinypico-stubs,1.19.1.post4
4,esp32,um-tinypico,1.19.1,2023-07-01,micropython-esp32-um-tinypico-stubs,1.19.1.post5
21,esp32,um-tinypico,1.19.1,2023-07-01,micropython-esp32-um-tinypico-stubs,1.19.1.post6
95,esp32,um-tinypico,1.19.1,2023-07-01,micropython-esp32-um-tinypico-stubs,1.19.1.post7
4,esp8266,,1.17,2023-07-01,micropython-esp8266-stubs,1.17.post1
3,esp8266,,1.17,2023-07-01,micropython-esp8266-stubs,1.17.post2
4,esp8266,,1.17,2023-07-01,micropython-esp8266-stubs,1.17.post3
4,esp8266,,1.18,2023-07-01,micropython-esp8266-stubs,1.18.post1
2,esp8266,,1.18,2023-07-01,micropython-esp8266-stubs,1.18.post2
2,esp8266,,1.18,2023-07-01,micropython-esp8266-stubs,1.18.post3
2,esp8266,,1.18,2023-07-01,micropython-esp8266-stubs,1.18.post4
2,esp8266,,1.19.1,2023-07-01,micropython-esp8266-stubs,1.19.1.post1
106,esp8266,,1.19.1,2023-07-01,micropython-esp8266-stubs,1.19.1.post10
3,esp8266,,1.19.1,2023-07-01,micropython-esp8266-stubs,1.19.1.post2
3,esp8266,,1.19.1,2023-07-01,micropython-esp8266-stubs,1.19.1.post3
2,esp8266,,1.19.1,2023-07-01,micropython-esp8266-stubs,1.19.1.post4
3,esp8266,,1.19.1,2023-07-01,micropython-esp8266-stubs,1.19.1.post5
2,esp8266,,1.19.1,2023-07-01,micropython-esp8266-stubs,1.19.1.post6
4,esp8266,,1.19.1,2023-07-01,micropython-esp8266-stubs,1.19.1.post7
4,esp8266,,1.19.1,2023-07-01,micropython-esp8266-stubs,1.19.1.post8
8,esp8266,,1.19.1,2023-07-01,micropython-esp8266-stubs,1.19.1.post9
11,rp2,pico,1.20.0,2023-07-01,micropython-rp2-pico-stubs,1.20.0.post1
103,rp2,pico,1.20.0,2023-07-01,micropython-rp2-pico-stubs,1.20.0.post2
15,rp2,pico-w,1.20.0,2023-07-01,micropython-rp2-pico-w-stubs,1.20.0.post1
110,rp2,pico-w,1.20.0,2023-07-01,micropython-rp2-pico-w-stubs,1.20.0.post2
8,rp2,pimoroni-picolipo-16mb,1.20.0,2023-07-01,micropython-rp2-pimoroni-picolipo-16mb-stubs,1.20.0.post1
78,rp2,pimoroni-picolipo-16mb,1.20.0,2023-07-01,micropython-rp2-pimoroni-picolipo-16mb-stubs,1.20.0.post2
5,rp2,,1.17,2023-07-01,micropython-rp2-stubs,1.17.post1
5,rp2,,1.17,2023-07-01,micropython-rp2-stubs,1.17.post2
4,rp2,,1.17,2023-07-01,micropython-rp2-stubs,1.17.post3
7,rp2,,1.18,2023-07-01,micropython-rp2-stubs,1.18.post1
6,rp2,,1.18,2023-07-01,micropython-rp2-stubs,1.18.post2
4,rp2,,1.18,2023-07-01,micropython-rp2-stubs,1.18.post3
4,rp2,,1.19.1,2023-07-01,micropython-rp2-stubs,1.19.1.post10
6,rp2,,1.19.1,2023-07-01,micropython-rp2-stubs,1.19.1.post11
57,rp2,,1.19.1,2023-07-01,micropython-rp2-stubs,1.19.1.post12
6,rp2,,1.19.1,2023-07-01,micropython-rp2-stubs,1.19.1.post6
5,rp2,,1.19.1,2023-07-01,micropython-rp2-stubs,1.19.1.post7
4,rp2,,1.19.1,2023-07-01,micropython-rp2-stubs,1.19.1.post8
5,rp2,,1.19.1,2023-07-01,micropython-rp2-stubs,1.19.1.post9
12,rp2,,1.20.0,2023-07-01,micropython-rp2-stubs,1.20.0.post1
109,rp2,,1.20.0,2023-07-01,micropython-rp2-stubs,1.20.0.post2
119,samd,adafruit-feather-m4-express,1.20.0,2023-07-01,micropython-samd-adafruit-feather-m4-express-stubs,1.20.0.post1
115,samd,adafruit-itsybitsy-m4-express,1.20.0,2023-07-01,micropython-samd-adafruit-itsybitsy-m4-express-stubs,1.20.0.post1
121,samd,minisam-m4,1.20.0,2023-07-01,micropython-samd-minisam-m4-stubs,1.20.0.post1
7,samd,seeed-wio-terminal,1.20.0,2023-07-01,micropython-samd-seeed-wio-terminal-stubs,1.20.0.post1
75,samd,seeed-wio-terminal,1.20.0,2023-07-01,micropython-samd-seeed-wio-terminal-stubs,1.20.0.post2
509,stdlib,,,2023-07-01,micropython-stdlib-stubs,0.9.0
10,stm32,pybv11,1.20.0,2023-07-01,micropython-stm32-pybv11-stubs,1.20.0.post1
81,stm32,pybv11,1.20.0,2023-07-01,micropython-stm32-pybv11-stubs,1.20.0.post2
5,stm32,,1.17,2023-07-01,micropython-stm32-stubs,1.17.post1
4,stm32,,1.17,2023-07-01,micropython-stm32-stubs,1.17.post2
6,stm32,,1.17,2023-07-01,micropython-stm32-stubs,1.17.post3
5,stm32,,1.18,2023-07-01,micropython-stm32-stubs,1.18.post1
5,stm32,,1.18,2023-07-01,micropython-stm32-stubs,1.18.post2
6,stm32,,1.18,2023-07-01,micropython-stm32-stubs,1.18.post3
5,stm32,,1.18,2023-07-01,micropython-stm32-stubs,1.18.post4
5,stm32,,1.19.1,2023-07-01,micropython-stm32-stubs,1.19.1.post1
59,stm32,,1.19.1,2023-07-01,micropython-stm32-stubs,1.19.1.post10
8,stm32,,1.19.1,2023-07-01,micropython-stm32-stubs,1.19.1.post2
5,stm32,,1.19.1,2023-07-01,micropython-stm32-stubs,1.19.1.post3
7,stm32,,1.19.1,2023-07-01,micropython-stm32-stubs,1.19.1.post4
6,stm32,,1.19.1,2023-07-01,micropython-stm32-stubs,1.19.1.post5
5,stm32,,1.19.1,2023-07-01,micropython-stm32-stubs,1.19.1.post6
5,stm32,,1.19.1,2023-07-01,micropython-stm32-stubs,1.19.1.post7
5,stm32,,1.19.1,2023-07-01,micropython-stm32-stubs,1.19.1.post8
6,stm32,,1.19.1,2023-07-01,micropython-stm32-stubs,1.19.1.post9
20,stm32,,1.20.0,2023-07-01,micropython-stm32-stubs,1.20.0.post1
211,stm32,,1.20.0,2023-07-01,micropython-stm32-stubs,1.20.0.post2
6,esp32,ota,1.20.0,2023-08-01,micropython-esp32-ota-stubs,1.20.0.post1
29,esp32,ota,1.20.0,2023-08-01,micropython-esp32-ota-stubs,1.20.0.post2
16,esp32,s3,1.19.1,2023-08-01,micropython-esp32-s3-stubs,1.19.1.post1
33,esp32,s3,1.20.0,2023-08-01,micropython-esp32-s3-stubs,1.20.0.post1
6,esp32,,1.17,2023-08-01,micropython-esp32-stubs,1.17.post1
6,esp32,,1.17,2023-08-01,micropython-esp32-stubs,1.17.post2
6,esp32,,1.17,2023-08-01,micropython-esp32-stubs,1.17.post3
6,esp32,,1.18,2023-08-01,micropython-esp32-stubs,1.18.post1
6,esp32,,1.18,2023-08-01,micropython-esp32-stubs,1.18.post2
9,esp32,,1.18,2023-08-01,micropython-esp32-stubs,1.18.post3
6,esp32,,1.19.1,2023-08-01,micropython-esp32-stubs,1.19.1.post10
35,esp32,,1.19.1,2023-08-01,micropython-esp32-stubs,1.19.1.post11
7,esp32,,1.19.1,2023-08-01,micropython-esp32-stubs,1.19.1.post12
34,esp32,,1.19.1,2023-08-01,micropython-esp32-stubs,1.19.1.post13
6,esp32,,1.19.1,2023-08-01,micropython-esp32-stubs,1.19.1.post2
6,esp32,,1.19.1,2023-08-01,micropython-esp32-stubs,1.19.1.post3
9,esp32,,1.19.1,2023-08-01,micropython-esp32-stubs,1.19.1.post4
6,esp32,,1.19.1,2023-08-01,micropython-esp32-stubs,1.19.1.post5
9,esp32,,1.19.1,2023-08-01,micropython-esp32-stubs,1.19.1.post6
6,esp32,,1.19.1,2023-08-01,micropython-esp32-stubs,1.19.1.post7
7,esp32,,1.19.1,2023-08-01,micropython-esp32-stubs,1.19.1.post8
7,esp32,,1.19.1,2023-08-01,micropython-esp32-stubs,1.19.1.post9
6,esp32,,1.20.0,2023-08-01,micropython-esp32-stubs,1.20.0.post1
130,esp32,,1.20.0,2023-08-01,micropython-esp32-stubs,1.20.0.post2
4,esp32,um-tinypico,1.19.1,2023-08-01,micropython-esp32-um-tinypico-stubs,1.19.1.post2
4,esp32,um-tinypico,1.19.1,2023-08-01,micropython-esp32-um-tinypico-stubs,1.19.1.post3
5,esp32,um-tinypico,1.19.1,2023-08-01,micropython-esp32-um-tinypico-stubs,1.19.1.post4
5,esp32,um-tinypico,1.19.1,2023-08-01,micropython-esp32-um-tinypico-stubs,1.19.1.post5
4,esp32,um-tinypico,1.19.1,2023-08-01,micropython-esp32-um-tinypico-stubs,1.19.1.post6
19,esp32,um-tinypico,1.19.1,2023-08-01,micropython-esp32-um-tinypico-stubs,1.19.1.post7
6,esp8266,,1.17,2023-08-01,micropython-esp8266-stubs,1.17.post1
6,esp8266,,1.17,2023-08-01,micropython-esp8266-stubs,1.17.post2
7,esp8266,,1.17,2023-08-01,micropython-esp8266-stubs,1.17.post3
6,esp8266,,1.18,2023-08-01,micropython-esp8266-stubs,1.18.post1
6,esp8266,,1.18,2023-08-01,micropython-esp8266-stubs,1.18.post2
6,esp8266,,1.18,2023-08-01,micropython-esp8266-stubs,1.18.post3
7,esp8266,,1.18,2023-08-01,micropython-esp8266-stubs,1.18.post4
6,esp8266,,1.19.1,2023-08-01,micropython-esp8266-stubs,1.19.1.post1
61,esp8266,,1.19.1,2023-08-01,micropython-esp8266-stubs,1.19.1.post10
8,esp8266,,1.19.1,2023-08-01,micropython-esp8266-stubs,1.19.1.post2
7,esp8266,,1.19.1,2023-08-01,micropython-esp8266-stubs,1.19.1.post3
7,esp8266,,1.19.1,2023-08-01,micropython-esp8266-stubs,1.19.1.post4
7,esp8266,,1.19.1,2023-08-01,micropython-esp8266-stubs,1.19.1.post5
9,esp8266,,1.19.1,2023-08-01,micropython-esp8266-stubs,1.19.1.post6
7,esp8266,,1.19.1,2023-08-01,micropython-esp8266-stubs,1.19.1.post7
6,esp8266,,1.19.1,2023-08-01,micropython-esp8266-stubs,1.19.1.post8
6,esp8266,,1.19.1,2023-08-01,micropython-esp8266-stubs,1.19.1.post9
4,rp2,pico,1.20.0,2023-08-01,micropython-rp2-pico-stubs,1.20.0.post1
764,rp2,pico,1.20.0,2023-08-01,micropython-rp2-pico-stubs,1.20.0.post2
6,rp2,pico-w,1.20.0,2023-08-01,micropython-rp2-pico-w-stubs,1.20.0.post1
82,rp2,pico-w,1.20.0,2023-08-01,micropython-rp2-pico-w-stubs,1.20.0.post2
6,rp2,pimoroni-picolipo-16mb,1.20.0,2023-08-01,micropython-rp2-pimoroni-picolipo-16mb-stubs,1.20.0.post1
23,rp2,pimoroni-picolipo-16mb,1.20.0,2023-08-01,micropython-rp2-pimoroni-picolipo-16mb-stubs,1.20.0.post2
6,rp2,,1.17,2023-08-01,micropython-rp2-stubs,1.17.post1
6,rp2,,1.17,2023-08-01,micropython-rp2-stubs,1.17.post2
4,rp2,,1.17,2023-08-01,micropython-rp2-stubs,1.17.post3
6,rp2,,1.18,2023-08-01,micropython-rp2-stubs,1.18.post1
5,rp2,,1.18,2023-08-01,micropython-rp2-stubs,1.18.post2
5,rp2,,1.18,2023-08-01,micropython-rp2-stubs,1.18.post3
5,rp2,,1.19.1,2023-08-01,micropython-rp2-stubs,1.19.1.post10
5,rp2,,1.19.1,2023-08-01,micropython-rp2-stubs,1.19.1.post11
14,rp2,,1.19.1,2023-08-01,micropython-rp2-stubs,1.19.1.post12
5,rp2,,1.19.1,2023-08-01,micropython-rp2-stubs,1.19.1.post6
4,rp2,,1.19.1,2023-08-01,micropython-rp2-stubs,1.19.1.post7
4,rp2,,1.19.1,2023-08-01,micropython-rp2-stubs,1.19.1.post8
4,rp2,,1.19.1,2023-08-01,micropython-rp2-stubs,1.19.1.post9
4,rp2,,1.20.0,2023-08-01,micropython-rp2-stubs,1.20.0.post1
72,rp2,,1.20.0,2023-08-01,micropython-rp2-stubs,1.20.0.post2
15,samd,adafruit-feather-m4-express,1.20.0,2023-08-01,micropython-samd-adafruit-feather-m4-express-stubs,1.20.0.post1
13,samd,adafruit-itsybitsy-m4-express,1.20.0,2023-08-01,micropython-samd-adafruit-itsybitsy-m4-express-stubs,1.20.0.post1
13,samd,minisam-m4,1.20.0,2023-08-01,micropython-samd-minisam-m4-stubs,1.20.0.post1
6,samd,seeed-wio-terminal,1.20.0,2023-08-01,micropython-samd-seeed-wio-terminal-stubs,1.20.0.post1
14,samd,seeed-wio-terminal,1.20.0,2023-08-01,micropython-samd-seeed-wio-terminal-stubs,1.20.0.post2
851,stdlib,,,2023-08-01,micropython-stdlib-stubs,0.9.0
9,stm32,pybv11,1.20.0,2023-08-01,micropython-stm32-pybv11-stubs,1.20.0.post1
19,stm32,pybv11,1.20.0,2023-08-01,micropython-stm32-pybv11-stubs,1.20.0.post2
6,stm32,,1.17,2023-08-01,micropython-stm32-stubs,1.17.post1
6,stm32,,1.17,2023-08-01,micropython-stm32-stubs,1.17.post2
7,stm32,,1.17,2023-08-01,micropython-stm32-stubs,1.17.post3
7,stm32,,1.18,2023-08-01,micropython-stm32-stubs,1.18.post1
6,stm32,,1.18,2023-08-01,micropython-stm32-stubs,1.18.post2
7,stm32,,1.18,2023-08-01,micropython-stm32-stubs,1.18.post3
6,stm32,,1.18,2023-08-01,micropython-stm32-stubs,1.18.post4
7,stm32,,1.19.1,2023-08-01,micropython-stm32-stubs,1.19.1.post1
17,stm32,,1.19.1,2023-08-01,micropython-stm32-stubs,1.19.1.post10
7,stm32,,1.19.1,2023-08-01,micropython-stm32-stubs,1.19.1.post2
6,stm32,,1.19.1,2023-08-01,micropython-stm32-stubs,1.19.1.post3
7,stm32,,1.19.1,2023-08-01,micropython-stm32-stubs,1.19.1.post4
7,stm32,,1.19.1,2023-08-01,micropython-stm32-stubs,1.19.1.post5
6,stm32,,1.19.1,2023-08-01,micropython-stm32-stubs,1.19.1.post6
8,stm32,,1.19.1,2023-08-01,micropython-stm32-stubs,1.19.1.post7
7,stm32,,1.19.1,2023-08-01,micropython-stm32-stubs,1.19.1.post8
7,stm32,,1.19.1,2023-08-01,micropython-stm32-stubs,1.19.1.post9
7,stm32,,1.20.0,2023-08-01,micropython-stm32-stubs,1.20.0.post1
189,stm32,,1.20.0,2023-08-01,micropython-stm32-stubs,1.20.0.post2
4,esp32,ota,1.20.0,2023-09-01,micropython-esp32-ota-stubs,1.20.0.post1
12,esp32,ota,1.20.0,2023-09-01,micropython-esp32-ota-stubs,1.20.0.post2
10,esp32,s3,1.19.1,2023-09-01,micropython-esp32-s3-stubs,1.19.1.post1
25,esp32,s3,1.20.0,2023-09-01,micropython-esp32-s3-stubs,1.20.0.post1
3,esp32,,1.17,2023-09-01,micropython-esp32-stubs,1.17.post1
1,esp32,,1.18,2023-09-01,micropython-esp32-stubs,1.18.post1
1,esp32,,1.18,2023-09-01,micropython-esp32-stubs,1.18.post2
1,esp32,,1.18,2023-09-01,micropython-esp32-stubs,1.18.post3
6,esp32,,1.19.1,2023-09-01,micropython-esp32-stubs,1.19.1.post11
1,esp32,,1.19.1,2023-09-01,micropython-esp32-stubs,1.19.1.post12
27,esp32,,1.19.1,2023-09-01,micropython-esp32-stubs,1.19.1.post13
2,esp32,,1.19.1,2023-09-01,micropython-esp32-stubs,1.19.1.post2
2,esp32,,1.19.1,2023-09-01,micropython-esp32-stubs,1.19.1.post3
2,esp32,,1.19.1,2023-09-01,micropython-esp32-stubs,1.19.1.post4
3,esp32,,1.19.1,2023-09-01,micropython-esp32-stubs,1.19.1.post5
2,esp32,,1.19.1,2023-09-01,micropython-esp32-stubs,1.19.1.post6
2,esp32,,1.19.1,2023-09-01,micropython-esp32-stubs,1.19.1.post7
6,esp32,,1.19.1,2023-09-01,micropython-esp32-stubs,1.19.1.post8
4,esp32,,1.19.1,2023-09-01,micropython-esp32-stubs,1.19.1.post9
10,esp32,,1.20.0,2023-09-01,micropython-esp32-stubs,1.20.0.post1
134,esp32,,1.20.0,2023-09-01,micropython-esp32-stubs,1.20.0.post2
49,esp32,,,2023-09-01,micropython-esp32-stubs,1.21.0a489
1,esp32,um-tinypico,1.19.1,2023-09-01,micropython-esp32-um-tinypico-stubs,1.19.1.post2
1,esp32,um-tinypico,1.19.1,2023-09-01,micropython-esp32-um-tinypico-stubs,1.19.1.post3
1,esp32,um-tinypico,1.19.1,2023-09-01,micropython-esp32-um-tinypico-stubs,1.19.1.post5
12,esp32,um-tinypico,1.19.1,2023-09-01,micropython-esp32-um-tinypico-stubs,1.19.1.post7
2,esp8266,,1.17,2023-09-01,micropython-esp8266-stubs,1.17.post1
2,esp8266,,1.18,2023-09-01,micropython-esp8266-stubs,1.18.post1
3,esp8266,,1.18,2023-09-01,micropython-esp8266-stubs,1.18.post2
1,esp8266,,1.18,2023-09-01,micropython-esp8266-stubs,1.18.post3
1,esp8266,,1.19.1,2023-09-01,micropython-esp8266-stubs,1.19.1.post1
41,esp8266,,1.19.1,2023-09-01,micropython-esp8266-stubs,1.19.1.post10
2,esp8266,,1.19.1,2023-09-01,micropython-esp8266-stubs,1.19.1.post2
2,esp8266,,1.19.1,2023-09-01,micropython-esp8266-stubs,1.19.1.post3
2,esp8266,,1.19.1,2023-09-01,micropython-esp8266-stubs,1.19.1.post4
1,esp8266,,1.19.1,2023-09-01,micropython-esp8266-stubs,1.19.1.post5
1,esp8266,,1.19.1,2023-09-01,micropython-esp8266-stubs,1.19.1.post8
2,rp2,pico,1.20.0,2023-09-01,micropython-rp2-pico-stubs,1.20.0.post1
116,rp2,pico,1.20.0,2023-09-01,micropython-rp2-pico-stubs,1.20.0.post2
4,rp2,pico-w,1.20.0,2023-09-01,micropython-rp2-pico-w-stubs,1.20.0.post1
60,rp2,pico-w,1.20.0,2023-09-01,micropython-rp2-pico-w-stubs,1.20.0.post2
2,rp2,pimoroni-picolipo-16mb,1.20.0,2023-09-01,micropython-rp2-pimoroni-picolipo-16mb-stubs,1.20.0.post1
13,rp2,pimoroni-picolipo-16mb,1.20.0,2023-09-01,micropython-rp2-pimoroni-picolipo-16mb-stubs,1.20.0.post2
1,rp2,,1.17,2023-09-01,micropython-rp2-stubs,1.17.post1
1,rp2,,1.17,2023-09-01,micropython-rp2-stubs,1.17.post3
3,rp2,,1.18,2023-09-01,micropython-rp2-stubs,1.18.post1
1,rp2,,1.18,2023-09-01,micropython-rp2-stubs,1.18.post2
12,rp2,,1.19.1,2023-09-01,micropython-rp2-stubs,1.19.1.post12
4,rp2,,1.19.1,2023-09-01,micropython-rp2-stubs,1.19.1.post6
3,rp2,,1.19.1,2023-09-01,micropython-rp2-stubs,1.19.1.post7
1,rp2,,1.19.1,2023-09-01,micropython-rp2-stubs,1.19.1.post8
3,rp2,,1.20.0,2023-09-01,micropython-rp2-stubs,1.20.0.post1
55,rp2,,1.20.0,2023-09-01,micropython-rp2-stubs,1.20.0.post2
13,samd,adafruit-feather-m4-express,1.20.0,2023-09-01,micropython-samd-adafruit-feather-m4-express-stubs,1.20.0.post1
8,samd,adafruit-itsybitsy-m4-express,1.20.0,2023-09-01,micropython-samd-adafruit-itsybitsy-m4-express-stubs,1.20.0.post1
7,samd,minisam-m4,1.20.0,2023-09-01,micropython-samd-minisam-m4-stubs,1.20.0.post1
2,samd,seeed-wio-terminal,1.20.0,2023-09-01,micropython-samd-seeed-wio-terminal-stubs,1.20.0.post1
9,samd,seeed-wio-terminal,1.20.0,2023-09-01,micropython-samd-seeed-wio-terminal-stubs,1.20.0.post2
306,stdlib,,,2023-09-01,micropython-stdlib-stubs,0.9.0
195,stdlib,,,2023-09-01,micropython-stdlib-stubs,1.0.0
85,stdlib,,,2023-09-01,micropython-stdlib-stubs,1.0.0rc2
4,stm32,pybv11,1.20.0,2023-09-01,micropython-stm32-pybv11-stubs,1.20.0.post1
12,stm32,pybv11,1.20.0,2023-09-01,micropython-stm32-pybv11-stubs,1.20.0.post2
2,stm32,,1.17,2023-09-01,micropython-stm32-stubs,1.17.post1
3,stm32,,1.18,2023-09-01,micropython-stm32-stubs,1.18.post1
1,stm32,,1.18,2023-09-01,micropython-stm32-stubs,1.18.post2
2,stm32,,1.18,2023-09-01,micropython-stm32-stubs,1.18.post3
3,stm32,,1.19.1,2023-09-01,micropython-stm32-stubs,1.19.1.post1
10,stm32,,1.19.1,2023-09-01,micropython-stm32-stubs,1.19.1.post10
2,stm32,,1.19.1,2023-09-01,micropython-stm32-stubs,1.19.1.post2
4,stm32,,1.19.1,2023-09-01,micropython-stm32-stubs,1.19.1.post3
1,stm32,,1.19.1,2023-09-01,micropython-stm32-stubs,1.19.1.post4
1,stm32,,1.19.1,2023-09-01,micropython-stm32-stubs,1.19.1.post5
1,stm32,,1.19.1,2023-09-01,micropython-stm32-stubs,1.19.1.post6
1,stm32,,1.19.1,2023-09-01,micropython-stm32-stubs,1.19.1.post8
1,stm32,,1.19.1,2023-09-01,micropython-stm32-stubs,1.19.1.post9
4,stm32,,1.20.0,2023-09-01,micropython-stm32-stubs,1.20.0.post1
91,stm32,,1.20.0,2023-09-01,micropython-stm32-stubs,1.20.0.post2
1,esp32,ota,1.20.0,2023-10-01,micropython-esp32-ota-stubs,1.20.0.post1
23,esp32,ota,1.20.0,2023-10-01,micropython-esp32-ota-stubs,1.20.0.post2
12,esp32,s3,1.19.1,2023-10-01,micropython-esp32-s3-stubs,1.19.1.post1
46,esp32,s3,1.20.0,2023-10-01,micropython-esp32-s3-stubs,1.20.0.post1
3,esp32,,1.17,2023-10-01,micropython-esp32-stubs,1.17.post1
2,esp32,,1.17,2023-10-01,micropython-esp32-stubs,1.17.post2
3,esp32,,1.17,2023-10-01,micropython-esp32-stubs,1.17.post3
2,esp32,,1.18,2023-10-01,micropython-esp32-stubs,1.18.post1
2,esp32,,1.18,2023-10-01,micropython-esp32-stubs,1.18.post2
19,esp32,,1.18,2023-10-01,micropython-esp32-stubs,1.18.post3
4,esp32,,1.19.1,2023-10-01,micropython-esp32-stubs,1.19.1.post10
30,esp32,,1.19.1,2023-10-01,micropython-esp32-stubs,1.19.1.post11
3,esp32,,1.19.1,2023-10-01,micropython-esp32-stubs,1.19.1.post12
11,esp32,,1.19.1,2023-10-01,micropython-esp32-stubs,1.19.1.post13
175,esp32,,1.19.1,2023-10-01,micropython-esp32-stubs,1.19.1.post14
3,esp32,,1.19.1,2023-10-01,micropython-esp32-stubs,1.19.1.post2
4,esp32,,1.19.1,2023-10-01,micropython-esp32-stubs,1.19.1.post3
3,esp32,,1.19.1,2023-10-01,micropython-esp32-stubs,1.19.1.post4
4,esp32,,1.19.1,2023-10-01,micropython-esp32-stubs,1.19.1.post5
3,esp32,,1.19.1,2023-10-01,micropython-esp32-stubs,1.19.1.post6
3,esp32,,1.19.1,2023-10-01,micropython-esp32-stubs,1.19.1.post7
3,esp32,,1.19.1,2023-10-01,micropython-esp32-stubs,1.19.1.post8
3,esp32,,1.19.1,2023-10-01,micropython-esp32-stubs,1.19.1.post9
7,esp32,,1.20.0,2023-10-01,micropython-esp32-stubs,1.20.0.post1
27,esp32,,1.20.0,2023-10-01,micropython-esp32-stubs,1.20.0.post2
229,esp32,,1.20.0,2023-10-01,micropython-esp32-stubs,1.20.0.post3
212,esp32,,1.21.0,2023-10-01,micropython-esp32-stubs,1.21.0.post1
415,esp32,,1.21.0,2023-10-01,micropython-esp32-stubs,1.21.0.post2
18,esp32,,,2023-10-01,micropython-esp32-stubs,1.21.0a489
3,esp32,um-tinypico,1.19.1,2023-10-01,micropython-esp32-um-tinypico-stubs,1.19.1.post2
2,esp32,um-tinypico,1.19.1,2023-10-01,micropython-esp32-um-tinypico-stubs,1.19.1.post3
2,esp32,um-tinypico,1.19.1,2023-10-01,micropython-esp32-um-tinypico-stubs,1.19.1.post4
4,esp32,um-tinypico,1.19.1,2023-10-01,micropython-esp32-um-tinypico-stubs,1.19.1.post5
3,esp32,um-tinypico,1.19.1,2023-10-01,micropython-esp32-um-tinypico-stubs,1.19.1.post6
23,esp32,um-tinypico,1.19.1,2023-10-01,micropython-esp32-um-tinypico-stubs,1.19.1.post7
1,esp8266,,1.18,2023-10-01,micropython-esp8266-stubs,1.18.post1
1,esp8266,,1.18,2023-10-01,micropython-esp8266-stubs,1.18.post2
16,esp8266,,1.18,2023-10-01,micropython-esp8266-stubs,1.18.post4
12,esp8266,,1.19.1,2023-10-01,micropython-esp8266-stubs,1.19.1.post10
234,esp8266,,1.19.1,2023-10-01,micropython-esp8266-stubs,1.19.1.post11
3,esp8266,,1.19.1,2023-10-01,micropython-esp8266-stubs,1.19.1.post2
1,esp8266,,1.19.1,2023-10-01,micropython-esp8266-stubs,1.19.1.post4
1,esp8266,,1.19.1,2023-10-01,micropython-esp8266-stubs,1.19.1.post5
1,esp8266,,1.19.1,2023-10-01,micropython-esp8266-stubs,1.19.1.post6
1,esp8266,,1.19.1,2023-10-01,micropython-esp8266-stubs,1.19.1.post7
1,esp8266,,1.19.1,2023-10-01,micropython-esp8266-stubs,1.19.1.post9
3,rp2,pico,1.20.0,2023-10-01,micropython-rp2-pico-stubs,1.20.0.post1
22,rp2,pico,1.20.0,2023-10-01,micropython-rp2-pico-stubs,1.20.0.post2
249,rp2,pico,1.20.0,2023-10-01,micropython-rp2-pico-stubs,1.20.0.post3
24,rp2,pico-w,1.20.0,2023-10-01,micropython-rp2-pico-w-stubs,1.20.0.post1
43,rp2,pico-w,1.20.0,2023-10-01,micropython-rp2-pico-w-stubs,1.20.0.post2
331,rp2,pico-w,1.20.0,2023-10-01,micropython-rp2-pico-w-stubs,1.20.0.post3
27,rp2,pimoroni-picolipo-16mb,1.20.0,2023-10-01,micropython-rp2-pimoroni-picolipo-16mb-stubs,1.20.0.post1
37,rp2,pimoroni-picolipo-16mb,1.20.0,2023-10-01,micropython-rp2-pimoroni-picolipo-16mb-stubs,1.20.0.post2
152,rp2,pimoroni-picolipo-16mb,1.20.0,2023-10-01,micropython-rp2-pimoroni-picolipo-16mb-stubs,1.20.0.post3
219,rp2,rpi-pico,1.21.0,2023-10-01,micropython-rp2-rpi-pico-stubs,1.21.0.post1
248,rp2,rpi-pico-w,1.21.0,2023-10-01,micropython-rp2-rpi-pico-w-stubs,1.21.0.post1
1,rp2,,1.17,2023-10-01,micropython-rp2-stubs,1.17.post1
2,rp2,,1.17,2023-10-01,micropython-rp2-stubs,1.17.post3
1,rp2,,1.18,2023-10-01,micropython-rp2-stubs,1.18.post1
18,rp2,,1.18,2023-10-01,micropython-rp2-stubs,1.18.post3
1,rp2,,1.19.1,2023-10-01,micropython-rp2-stubs,1.19.1.post10
1,rp2,,1.19.1,2023-10-01,micropython-rp2-stubs,1.19.1.post11
8,rp2,,1.19.1,2023-10-01,micropython-rp2-stubs,1.19.1.post12
166,rp2,,1.19.1,2023-10-01,micropython-rp2-stubs,1.19.1.post13
1,rp2,,1.19.1,2023-10-01,micropython-rp2-stubs,1.19.1.post7
1,rp2,,1.19.1,2023-10-01,micropython-rp2-stubs,1.19.1.post9
3,rp2,,1.20.0,2023-10-01,micropython-rp2-stubs,1.20.0.post1
17,rp2,,1.20.0,2023-10-01,micropython-rp2-stubs,1.20.0.post2
198,rp2,,1.20.0,2023-10-01,micropython-rp2-stubs,1.20.0.post3
34,samd,adafruit-feather-m4-express,1.20.0,2023-10-01,micropython-samd-adafruit-feather-m4-express-stubs,1.20.0.post1
124,samd,adafruit-feather-m4-express,1.20.0,2023-10-01,micropython-samd-adafruit-feather-m4-express-stubs,1.20.0.post2
35,samd,adafruit-itsybitsy-m4-express,1.20.0,2023-10-01,micropython-samd-adafruit-itsybitsy-m4-express-stubs,1.20.0.post1
156,samd,adafruit-itsybitsy-m4-express,1.20.0,2023-10-01,micropython-samd-adafruit-itsybitsy-m4-express-stubs,1.20.0.post2
37,samd,minisam-m4,1.20.0,2023-10-01,micropython-samd-minisam-m4-stubs,1.20.0.post1
128,samd,minisam-m4,1.20.0,2023-10-01,micropython-samd-minisam-m4-stubs,1.20.0.post2
27,samd,seeed-wio-terminal,1.20.0,2023-10-01,micropython-samd-seeed-wio-terminal-stubs,1.20.0.post1
37,samd,seeed-wio-terminal,1.20.0,2023-10-01,micropython-samd-seeed-wio-terminal-stubs,1.20.0.post2
218,samd,seeed-wio-terminal,1.20.0,2023-10-01,micropython-samd-seeed-wio-terminal-stubs,1.20.0.post3
171,samd,seeed-wio-terminal,1.21.0,2023-10-01,micropython-samd-seeed-wio-terminal-stubs,1.21.0.post1
31,stdlib,,,2023-10-01,micropython-stdlib-stubs,0.9.0
1276,stdlib,,,2023-10-01,micropython-stdlib-stubs,1.0.0
4,stdlib,,,2023-10-01,micropython-stdlib-stubs,1.0.0rc2
5,stm32,pybv11,1.20.0,2023-10-01,micropython-stm32-pybv11-stubs,1.20.0.post1
12,stm32,pybv11,1.20.0,2023-10-01,micropython-stm32-pybv11-stubs,1.20.0.post2
135,stm32,pybv11,1.20.0,2023-10-01,micropython-stm32-pybv11-stubs,1.20.0.post3
103,stm32,pybv11,1.20.0,2023-10-01,micropython-stm32-pybv11-stubs,1.20.0.post4
139,stm32,pybv11,1.21.0,2023-10-01,micropython-stm32-pybv11-stubs,1.21.0.post1
1,stm32,,1.17,2023-10-01,micropython-stm32-stubs,1.17.post1
1,stm32,,1.17,2023-10-01,micropython-stm32-stubs,1.17.post2
2,stm32,,1.17,2023-10-01,micropython-stm32-stubs,1.17.post3
1,stm32,,1.18,2023-10-01,micropython-stm32-stubs,1.18.post1
1,stm32,,1.18,2023-10-01,micropython-stm32-stubs,1.18.post2
16,stm32,,1.18,2023-10-01,micropython-stm32-stubs,1.18.post4
2,stm32,,1.19.1,2023-10-01,micropython-stm32-stubs,1.19.1.post1
7,stm32,,1.19.1,2023-10-01,micropython-stm32-stubs,1.19.1.post10
168,stm32,,1.19.1,2023-10-01,micropython-stm32-stubs,1.19.1.post11
2,stm32,,1.19.1,2023-10-01,micropython-stm32-stubs,1.19.1.post3
1,stm32,,1.19.1,2023-10-01,micropython-stm32-stubs,1.19.1.post4
1,stm32,,1.19.1,2023-10-01,micropython-stm32-stubs,1.19.1.post5
1,stm32,,1.19.1,2023-10-01,micropython-stm32-stubs,1.19.1.post6
1,stm32,,1.19.1,2023-10-01,micropython-stm32-stubs,1.19.1.post7
1,stm32,,1.19.1,2023-10-01,micropython-stm32-stubs,1.19.1.post8
1,stm32,,1.19.1,2023-10-01,micropython-stm32-stubs,1.19.1.post9
3,stm32,,1.20.0,2023-10-01,micropython-stm32-stubs,1.20.0.post1
16,stm32,,1.20.0,2023-10-01,micropython-stm32-stubs,1.20.0.post2
220,stm32,,1.20.0,2023-10-01,micropython-stm32-stubs,1.20.0.post3
351,esp32,esp32-generic,1.21.0,2023-11-01,micropython-esp32-esp32-generic-stubs,1.21.0.post1
357,esp32,generic-ota,1.20.0,2023-11-01,micropython-esp32-generic-ota-stubs,1.20.0.post1
298,esp32,generic-s3,1.19.1,2023-11-01,micropython-esp32-generic-s3-stubs,1.19.1.post1
408,esp32,generic-s3,1.20.0,2023-11-01,micropython-esp32-generic-s3-stubs,1.20.0.post1
376,esp32,generic-spiram,1.19.1,2023-11-01,micropython-esp32-generic-spiram-stubs,1.19.1.post1
8,esp32,ota,1.20.0,2023-11-01,micropython-esp32-ota-stubs,1.20.0.post1
22,esp32,ota,1.20.0,2023-11-01,micropython-esp32-ota-stubs,1.20.0.post2
11,esp32,s3,1.19.1,2023-11-01,micropython-esp32-s3-stubs,1.19.1.post1
39,esp32,s3,1.20.0,2023-11-01,micropython-esp32-s3-stubs,1.20.0.post1
1,esp32,,1.17,2023-11-01,micropython-esp32-stubs,1.17.post1
1,esp32,,1.18,2023-11-01,micropython-esp32-stubs,1.18.post1
1,esp32,,1.18,2023-11-01,micropython-esp32-stubs,1.18.post3
2,esp32,,1.19.1,2023-11-01,micropython-esp32-stubs,1.19.1.post10
54,esp32,,1.19.1,2023-11-01,micropython-esp32-stubs,1.19.1.post11
3,esp32,,1.19.1,2023-11-01,micropython-esp32-stubs,1.19.1.post13
56,esp32,,1.19.1,2023-11-01,micropython-esp32-stubs,1.19.1.post14
70,esp32,,1.19.1,2023-11-01,micropython-esp32-stubs,1.19.1.post15
1,esp32,,1.19.1,2023-11-01,micropython-esp32-stubs,1.19.1.post2
1,esp32,,1.19.1,2023-11-01,micropython-esp32-stubs,1.19.1.post4
2,esp32,,1.19.1,2023-11-01,micropython-esp32-stubs,1.19.1.post7
1,esp32,,1.19.1,2023-11-01,micropython-esp32-stubs,1.19.1.post9
4,esp32,,1.20.0,2023-11-01,micropython-esp32-stubs,1.20.0.post1
3,esp32,,1.20.0,2023-11-01,micropython-esp32-stubs,1.20.0.post2
56,esp32,,1.20.0,2023-11-01,micropython-esp32-stubs,1.20.0.post3
89,esp32,,1.20.0,2023-11-01,micropython-esp32-stubs,1.20.0.post4
10,esp32,,1.21.0,2023-11-01,micropython-esp32-stubs,1.21.0.post1
210,esp32,,1.21.0,2023-11-01,micropython-esp32-stubs,1.21.0.post2
254,esp32,,1.21.0,2023-11-01,micropython-esp32-stubs,1.21.0.post3
9,esp32,,,2023-11-01,micropython-esp32-stubs,1.21.0a489
21,esp32,um-tinypico,1.19.1,2023-11-01,micropython-esp32-um-tinypico-stubs,1.19.1.post2
20,esp32,um-tinypico,1.19.1,2023-11-01,micropython-esp32-um-tinypico-stubs,1.19.1.post3
20,esp32,um-tinypico,1.19.1,2023-11-01,micropython-esp32-um-tinypico-stubs,1.19.1.post4
23,esp32,um-tinypico,1.19.1,2023-11-01,micropython-esp32-um-tinypico-stubs,1.19.1.post5
23,esp32,um-tinypico,1.19.1,2023-11-01,micropython-esp32-um-tinypico-stubs,1.19.1.post6
34,esp32,um-tinypico,1.19.1,2023-11-01,micropython-esp32-um-tinypico-stubs,1.19.1.post7
100,esp32,um-tinypico,1.19.1,2023-11-01,micropython-esp32-um-tinypico-stubs,1.19.1.post8
3,esp8266,,1.17,2023-11-01,micropython-esp8266-stubs,1.17.post1
2,esp8266,,1.17,2023-11-01,micropython-esp8266-stubs,1.17.post2
2,esp8266,,1.17,2023-11-01,micropython-esp8266-stubs,1.17.post3
3,esp8266,,1.18,2023-11-01,micropython-esp8266-stubs,1.18.post1
3,esp8266,,1.18,2023-11-01,micropython-esp8266-stubs,1.18.post2
2,esp8266,,1.18,2023-11-01,micropython-esp8266-stubs,1.18.post3
2,esp8266,,1.18,2023-11-01,micropython-esp8266-stubs,1.18.post4
3,esp8266,,1.19.1,2023-11-01,micropython-esp8266-stubs,1.19.1.post1
9,esp8266,,1.19.1,2023-11-01,micropython-esp8266-stubs,1.19.1.post10
80,esp8266,,1.19.1,2023-11-01,micropython-esp8266-stubs,1.19.1.post11
101,esp8266,,1.19.1,2023-11-01,micropython-esp8266-stubs,1.19.1.post12
3,esp8266,,1.19.1,2023-11-01,micropython-esp8266-stubs,1.19.1.post2
2,esp8266,,1.19.1,2023-11-01,micropython-esp8266-stubs,1.19.1.post3
2,esp8266,,1.19.1,2023-11-01,micropython-esp8266-stubs,1.19.1.post4
3,esp8266,,1.19.1,2023-11-01,micropython-esp8266-stubs,1.19.1.post5
2,esp8266,,1.19.1,2023-11-01,micropython-esp8266-stubs,1.19.1.post6
3,esp8266,,1.19.1,2023-11-01,micropython-esp8266-stubs,1.19.1.post7
2,esp8266,,1.19.1,2023-11-01,micropython-esp8266-stubs,1.19.1.post8
5,esp8266,,1.19.1,2023-11-01,micropython-esp8266-stubs,1.19.1.post9
8,rp2,pico,1.20.0,2023-11-01,micropython-rp2-pico-stubs,1.20.0.post1
17,rp2,pico,1.20.0,2023-11-01,micropython-rp2-pico-stubs,1.20.0.post2
122,rp2,pico,1.20.0,2023-11-01,micropython-rp2-pico-stubs,1.20.0.post3
218,rp2,pico,1.20.0,2023-11-01,micropython-rp2-pico-stubs,1.20.0.post4
10,rp2,pico-w,1.20.0,2023-11-01,micropython-rp2-pico-w-stubs,1.20.0.post1
13,rp2,pico-w,1.20.0,2023-11-01,micropython-rp2-pico-w-stubs,1.20.0.post2
111,rp2,pico-w,1.20.0,2023-11-01,micropython-rp2-pico-w-stubs,1.20.0.post3
152,rp2,pico-w,1.20.0,2023-11-01,micropython-rp2-pico-w-stubs,1.20.0.post4
9,rp2,pimoroni-picolipo-16mb,1.20.0,2023-11-01,micropython-rp2-pimoroni-picolipo-16mb-stubs,1.20.0.post1
9,rp2,pimoroni-picolipo-16mb,1.20.0,2023-11-01,micropython-rp2-pimoroni-picolipo-16mb-stubs,1.20.0.post2
25,rp2,pimoroni-picolipo-16mb,1.20.0,2023-11-01,micropython-rp2-pimoroni-picolipo-16mb-stubs,1.20.0.post3
64,rp2,rpi-pico,1.21.0,2023-11-01,micropython-rp2-rpi-pico-stubs,1.21.0.post1
113,rp2,rpi-pico,1.21.0,2023-11-01,micropython-rp2-rpi-pico-stubs,1.21.0.post2
128,rp2,rpi-pico-w,1.21.0,2023-11-01,micropython-rp2-rpi-pico-w-stubs,1.21.0.post1
163,rp2,rpi-pico-w,1.21.0,2023-11-01,micropython-rp2-rpi-pico-w-stubs,1.21.0.post2
4,rp2,,1.17,2023-11-01,micropython-rp2-stubs,1.17.post1
2,rp2,,1.17,2023-11-01,micropython-rp2-stubs,1.17.post2
2,rp2,,1.17,2023-11-01,micropython-rp2-stubs,1.17.post3
3,rp2,,1.18,2023-11-01,micropython-rp2-stubs,1.18.post1
2,rp2,,1.18,2023-11-01,micropython-rp2-stubs,1.18.post2
2,rp2,,1.18,2023-11-01,micropython-rp2-stubs,1.18.post3
3,rp2,,1.19.1,2023-11-01,micropython-rp2-stubs,1.19.1.post10
3,rp2,,1.19.1,2023-11-01,micropython-rp2-stubs,1.19.1.post11
5,rp2,,1.19.1,2023-11-01,micropython-rp2-stubs,1.19.1.post12
41,rp2,,1.19.1,2023-11-01,micropython-rp2-stubs,1.19.1.post13
69,rp2,,1.19.1,2023-11-01,micropython-rp2-stubs,1.19.1.post14
3,rp2,,1.19.1,2023-11-01,micropython-rp2-stubs,1.19.1.post6
2,rp2,,1.19.1,2023-11-01,micropython-rp2-stubs,1.19.1.post7
2,rp2,,1.19.1,2023-11-01,micropython-rp2-stubs,1.19.1.post8
2,rp2,,1.19.1,2023-11-01,micropython-rp2-stubs,1.19.1.post9
4,rp2,,1.20.0,2023-11-01,micropython-rp2-stubs,1.20.0.post1
13,rp2,,1.20.0,2023-11-01,micropython-rp2-stubs,1.20.0.post2
87,rp2,,1.20.0,2023-11-01,micropython-rp2-stubs,1.20.0.post3
67,rp2,,1.20.0,2023-11-01,micropython-rp2-stubs,1.20.0.post4
103,rp2,,1.21.0,2023-11-01,micropython-rp2-stubs,1.21.0.post1
16,samd,adafruit-feather-m4-express,1.20.0,2023-11-01,micropython-samd-adafruit-feather-m4-express-stubs,1.20.0.post1
23,samd,adafruit-feather-m4-express,1.20.0,2023-11-01,micropython-samd-adafruit-feather-m4-express-stubs,1.20.0.post2
102,samd,adafruit-feather-m4-express,1.20.0,2023-11-01,micropython-samd-adafruit-feather-m4-express-stubs,1.20.0.post3
15,samd,adafruit-itsybitsy-m4-express,1.20.0,2023-11-01,micropython-samd-adafruit-itsybitsy-m4-express-stubs,1.20.0.post1
25,samd,adafruit-itsybitsy-m4-express,1.20.0,2023-11-01,micropython-samd-adafruit-itsybitsy-m4-express-stubs,1.20.0.post2
103,samd,adafruit-itsybitsy-m4-express,1.20.0,2023-11-01,micropython-samd-adafruit-itsybitsy-m4-express-stubs,1.20.0.post3
14,samd,minisam-m4,1.20.0,2023-11-01,micropython-samd-minisam-m4-stubs,1.20.0.post1
22,samd,minisam-m4,1.20.0,2023-11-01,micropython-samd-minisam-m4-stubs,1.20.0.post2
101,samd,minisam-m4,1.20.0,2023-11-01,micropython-samd-minisam-m4-stubs,1.20.0.post3
5,samd,seeed-wio-terminal,1.20.0,2023-11-01,micropython-samd-seeed-wio-terminal-stubs,1.20.0.post1
5,samd,seeed-wio-terminal,1.20.0,2023-11-01,micropython-samd-seeed-wio-terminal-stubs,1.20.0.post2
42,samd,seeed-wio-terminal,1.20.0,2023-11-01,micropython-samd-seeed-wio-terminal-stubs,1.20.0.post3
70,samd,seeed-wio-terminal,1.20.0,2023-11-01,micropython-samd-seeed-wio-terminal-stubs,1.20.0.post4
54,samd,seeed-wio-terminal,1.21.0,2023-11-01,micropython-samd-seeed-wio-terminal-stubs,1.21.0.post1
76,samd,seeed-wio-terminal,1.21.0,2023-11-01,micropython-samd-seeed-wio-terminal-stubs,1.21.0.post2
294,samd,,1.20.0,2023-11-01,micropython-samd-stubs,1.20.0.post1
377,samd,,1.21.0,2023-11-01,micropython-samd-stubs,1.21.0.post1
61,stdlib,,,2023-11-01,micropython-stdlib-stubs,0.9.0
1333,stdlib,,,2023-11-01,micropython-stdlib-stubs,1.0.0
10,stdlib,,,2023-11-01,micropython-stdlib-stubs,1.0.0rc2
3,stm32,pybv11,1.20.0,2023-11-01,micropython-stm32-pybv11-stubs,1.20.0.post1
3,stm32,pybv11,1.20.0,2023-11-01,micropython-stm32-pybv11-stubs,1.20.0.post2
4,stm32,pybv11,1.20.0,2023-11-01,micropython-stm32-pybv11-stubs,1.20.0.post3
49,stm32,pybv11,1.20.0,2023-11-01,micropython-stm32-pybv11-stubs,1.20.0.post4
69,stm32,pybv11,1.20.0,2023-11-01,micropython-stm32-pybv11-stubs,1.20.0.post5
53,stm32,pybv11,1.21.0,2023-11-01,micropython-stm32-pybv11-stubs,1.21.0.post1
74,stm32,pybv11,1.21.0,2023-11-01,micropython-stm32-pybv11-stubs,1.21.0.post2
5,stm32,,1.17,2023-11-01,micropython-stm32-stubs,1.17.post1
4,stm32,,1.17,2023-11-01,micropython-stm32-stubs,1.17.post2
4,stm32,,1.17,2023-11-01,micropython-stm32-stubs,1.17.post3
5,stm32,,1.18,2023-11-01,micropython-stm32-stubs,1.18.post1
4,stm32,,1.18,2023-11-01,micropython-stm32-stubs,1.18.post2
4,stm32,,1.18,2023-11-01,micropython-stm32-stubs,1.18.post3
4,stm32,,1.18,2023-11-01,micropython-stm32-stubs,1.18.post4
6,stm32,,1.19.1,2023-11-01,micropython-stm32-stubs,1.19.1.post1
7,stm32,,1.19.1,2023-11-01,micropython-stm32-stubs,1.19.1.post10
46,stm32,,1.19.1,2023-11-01,micropython-stm32-stubs,1.19.1.post11
66,stm32,,1.19.1,2023-11-01,micropython-stm32-stubs,1.19.1.post12
7,stm32,,1.19.1,2023-11-01,micropython-stm32-stubs,1.19.1.post2
4,stm32,,1.19.1,2023-11-01,micropython-stm32-stubs,1.19.1.post3
5,stm32,,1.19.1,2023-11-01,micropython-stm32-stubs,1.19.1.post4
4,stm32,,1.19.1,2023-11-01,micropython-stm32-stubs,1.19.1.post5
4,stm32,,1.19.1,2023-11-01,micropython-stm32-stubs,1.19.1.post6
5,stm32,,1.19.1,2023-11-01,micropython-stm32-stubs,1.19.1.post7
4,stm32,,1.19.1,2023-11-01,micropython-stm32-stubs,1.19.1.post8
4,stm32,,1.19.1,2023-11-01,micropython-stm32-stubs,1.19.1.post9
6,stm32,,1.20.0,2023-11-01,micropython-stm32-stubs,1.20.0.post1
11,stm32,,1.20.0,2023-11-01,micropython-stm32-stubs,1.20.0.post2
91,stm32,,1.20.0,2023-11-01,micropython-stm32-stubs,1.20.0.post3
70,stm32,,1.20.0,2023-11-01,micropython-stm32-stubs,1.20.0.post4
105,stm32,,1.21.0,2023-11-01,micropython-stm32-stubs,1.21.0.post1
90,esp32,esp32-generic,1.21.0,2023-12-01,micropython-esp32-esp32-generic-stubs,1.21.0.post1
97,esp32,esp32-generic,1.21.0,2023-12-01,micropython-esp32-esp32-generic-stubs,1.21.0.post2
37,esp32,generic-ota,1.20.0,2023-12-01,micropython-esp32-generic-ota-stubs,1.20.0.post1
88,esp32,generic-ota,1.20.0,2023-12-01,micropython-esp32-generic-ota-stubs,1.20.0.post2
31,esp32,generic-s3,1.19.1,2023-12-01,micropython-esp32-generic-s3-stubs,1.19.1.post1
50,esp32,generic-s3,1.20.0,2023-12-01,micropython-esp32-generic-s3-stubs,1.20.0.post1
91,esp32,generic-s3,1.20.0,2023-12-01,micropython-esp32-generic-s3-stubs,1.20.0.post2
43,esp32,generic-spiram,1.19.1,2023-12-01,micropython-esp32-generic-spiram-stubs,1.19.1.post1
6,esp32,ota,1.20.0,2023-12-01,micropython-esp32-ota-stubs,1.20.0.post1
13,esp32,ota,1.20.0,2023-12-01,micropython-esp32-ota-stubs,1.20.0.post2
12,esp32,s3,1.19.1,2023-12-01,micropython-esp32-s3-stubs,1.19.1.post1
40,esp32,s3,1.20.0,2023-12-01,micropython-esp32-s3-stubs,1.20.0.post1
4,esp32,,1.17,2023-12-01,micropython-esp32-stubs,1.17.post1
2,esp32,,1.17,2023-12-01,micropython-esp32-stubs,1.17.post2
3,esp32,,1.17,2023-12-01,micropython-esp32-stubs,1.17.post3
1,esp32,,1.18,2023-12-01,micropython-esp32-stubs,1.18.post1
2,esp32,,1.18,2023-12-01,micropython-esp32-stubs,1.18.post2
3,esp32,,1.18,2023-12-01,micropython-esp32-stubs,1.18.post3
4,esp32,,1.19.1,2023-12-01,micropython-esp32-stubs,1.19.1.post10
24,esp32,,1.19.1,2023-12-01,micropython-esp32-stubs,1.19.1.post11
2,esp32,,1.19.1,2023-12-01,micropython-esp32-stubs,1.19.1.post12
2,esp32,,1.19.1,2023-12-01,micropython-esp32-stubs,1.19.1.post13
4,esp32,,1.19.1,2023-12-01,micropython-esp32-stubs,1.19.1.post14
24,esp32,,1.19.1,2023-12-01,micropython-esp32-stubs,1.19.1.post15
4,esp32,,1.19.1,2023-12-01,micropython-esp32-stubs,1.19.1.post2
1,esp32,,1.19.1,2023-12-01,micropython-esp32-stubs,1.19.1.post3
4,esp32,,1.19.1,2023-12-01,micropython-esp32-stubs,1.19.1.post4
4,esp32,,1.19.1,2023-12-01,micropython-esp32-stubs,1.19.1.post5
2,esp32,,1.19.1,2023-12-01,micropython-esp32-stubs,1.19.1.post6
5,esp32,,1.19.1,2023-12-01,micropython-esp32-stubs,1.19.1.post7
3,esp32,,1.19.1,2023-12-01,micropython-esp32-stubs,1.19.1.post8
4,esp32,,1.19.1,2023-12-01,micropython-esp32-stubs,1.19.1.post9
5,esp32,,1.20.0,2023-12-01,micropython-esp32-stubs,1.20.0.post1
3,esp32,,1.20.0,2023-12-01,micropython-esp32-stubs,1.20.0.post2
5,esp32,,1.20.0,2023-12-01,micropython-esp32-stubs,1.20.0.post3
18,esp32,,1.20.0,2023-12-01,micropython-esp32-stubs,1.20.0.post4
69,esp32,,1.20.0,2023-12-01,micropython-esp32-stubs,1.20.0.post5
6,esp32,,1.21.0,2023-12-01,micropython-esp32-stubs,1.21.0.post1
64,esp32,,1.21.0,2023-12-01,micropython-esp32-stubs,1.21.0.post2
226,esp32,,1.21.0,2023-12-01,micropython-esp32-stubs,1.21.0.post3
115,esp32,,1.21.0,2023-12-01,micropython-esp32-stubs,1.21.0.post4
3,esp32,,,2023-12-01,micropython-esp32-stubs,1.21.0a489
9,esp32,um-tinypico,1.19.1,2023-12-01,micropython-esp32-um-tinypico-stubs,1.19.1.post2
9,esp32,um-tinypico,1.19.1,2023-12-01,micropython-esp32-um-tinypico-stubs,1.19.1.post3
9,esp32,um-tinypico,1.19.1,2023-12-01,micropython-esp32-um-tinypico-stubs,1.19.1.post4
9,esp32,um-tinypico,1.19.1,2023-12-01,micropython-esp32-um-tinypico-stubs,1.19.1.post5
10,esp32,um-tinypico,1.19.1,2023-12-01,micropython-esp32-um-tinypico-stubs,1.19.1.post6
10,esp32,um-tinypico,1.19.1,2023-12-01,micropython-esp32-um-tinypico-stubs,1.19.1.post7
28,esp32,um-tinypico,1.19.1,2023-12-01,micropython-esp32-um-tinypico-stubs,1.19.1.post8
4,esp8266,,1.17,2023-12-01,micropython-esp8266-stubs,1.17.post1
4,esp8266,,1.17,2023-12-01,micropython-esp8266-stubs,1.17.post2
4,esp8266,,1.17,2023-12-01,micropython-esp8266-stubs,1.17.post3
5,esp8266,,1.18,2023-12-01,micropython-esp8266-stubs,1.18.post1
4,esp8266,,1.18,2023-12-01,micropython-esp8266-stubs,1.18.post2
3,esp8266,,1.18,2023-12-01,micropython-esp8266-stubs,1.18.post3
6,esp8266,,1.18,2023-12-01,micropython-esp8266-stubs,1.18.post4
3,esp8266,,1.19.1,2023-12-01,micropython-esp8266-stubs,1.19.1.post1
3,esp8266,,1.19.1,2023-12-01,micropython-esp8266-stubs,1.19.1.post10
4,esp8266,,1.19.1,2023-12-01,micropython-esp8266-stubs,1.19.1.post11
84,esp8266,,1.19.1,2023-12-01,micropython-esp8266-stubs,1.19.1.post12
4,esp8266,,1.19.1,2023-12-01,micropython-esp8266-stubs,1.19.1.post2
4,esp8266,,1.19.1,2023-12-01,micropython-esp8266-stubs,1.19.1.post3
4,esp8266,,1.19.1,2023-12-01,micropython-esp8266-stubs,1.19.1.post4
4,esp8266,,1.19.1,2023-12-01,micropython-esp8266-stubs,1.19.1.post5
4,esp8266,,1.19.1,2023-12-01,micropython-esp8266-stubs,1.19.1.post6
3,esp8266,,1.19.1,2023-12-01,micropython-esp8266-stubs,1.19.1.post7
5,esp8266,,1.19.1,2023-12-01,micropython-esp8266-stubs,1.19.1.post8
6,esp8266,,1.19.1,2023-12-01,micropython-esp8266-stubs,1.19.1.post9
4,rp2,pico,1.20.0,2023-12-01,micropython-rp2-pico-stubs,1.20.0.post1
4,rp2,pico,1.20.0,2023-12-01,micropython-rp2-pico-stubs,1.20.0.post2
3,rp2,pico,1.20.0,2023-12-01,micropython-rp2-pico-stubs,1.20.0.post3
98,rp2,pico,1.20.0,2023-12-01,micropython-rp2-pico-stubs,1.20.0.post4
152,rp2,pico,1.20.0,2023-12-01,micropython-rp2-pico-stubs,1.20.0.post5
5,rp2,pico-w,1.20.0,2023-12-01,micropython-rp2-pico-w-stubs,1.20.0.post1
6,rp2,pico-w,1.20.0,2023-12-01,micropython-rp2-pico-w-stubs,1.20.0.post2
3,rp2,pico-w,1.20.0,2023-12-01,micropython-rp2-pico-w-stubs,1.20.0.post3
118,rp2,pico-w,1.20.0,2023-12-01,micropython-rp2-pico-w-stubs,1.20.0.post4
112,rp2,pico-w,1.20.0,2023-12-01,micropython-rp2-pico-w-stubs,1.20.0.post5
5,rp2,pimoroni-picolipo-16mb,1.20.0,2023-12-01,micropython-rp2-pimoroni-picolipo-16mb-stubs,1.20.0.post1
9,rp2,pimoroni-picolipo-16mb,1.20.0,2023-12-01,micropython-rp2-pimoroni-picolipo-16mb-stubs,1.20.0.post2
16,rp2,pimoroni-picolipo-16mb,1.20.0,2023-12-01,micropython-rp2-pimoroni-picolipo-16mb-stubs,1.20.0.post3
8,rp2,rpi-pico,1.21.0,2023-12-01,micropython-rp2-rpi-pico-stubs,1.21.0.post1
45,rp2,rpi-pico,1.21.0,2023-12-01,micropython-rp2-rpi-pico-stubs,1.21.0.post2
84,rp2,rpi-pico,1.21.0,2023-12-01,micropython-rp2-rpi-pico-stubs,1.21.0.post3
11,rp2,rpi-pico-w,1.21.0,2023-12-01,micropython-rp2-rpi-pico-w-stubs,1.21.0.post1
134,rp2,rpi-pico-w,1.21.0,2023-12-01,micropython-rp2-rpi-pico-w-stubs,1.21.0.post2
129,rp2,rpi-pico-w,1.21.0,2023-12-01,micropython-rp2-rpi-pico-w-stubs,1.21.0.post3
3,rp2,,1.17,2023-12-01,micropython-rp2-stubs,1.17.post1
4,rp2,,1.17,2023-12-01,micropython-rp2-stubs,1.17.post2
5,rp2,,1.17,2023-12-01,micropython-rp2-stubs,1.17.post3
3,rp2,,1.18,2023-12-01,micropython-rp2-stubs,1.18.post1
1,rp2,,1.18,2023-12-01,micropython-rp2-stubs,1.18.post2
4,rp2,,1.18,2023-12-01,micropython-rp2-stubs,1.18.post3
4,rp2,,1.19.1,2023-12-01,micropython-rp2-stubs,1.19.1.post10
4,rp2,,1.19.1,2023-12-01,micropython-rp2-stubs,1.19.1.post11
2,rp2,,1.19.1,2023-12-01,micropython-rp2-stubs,1.19.1.post12
3,rp2,,1.19.1,2023-12-01,micropython-rp2-stubs,1.19.1.post13
8,rp2,,1.19.1,2023-12-01,micropython-rp2-stubs,1.19.1.post14
3,rp2,,1.19.1,2023-12-01,micropython-rp2-stubs,1.19.1.post6
3,rp2,,1.19.1,2023-12-01,micropython-rp2-stubs,1.19.1.post7
5,rp2,,1.19.1,2023-12-01,micropython-rp2-stubs,1.19.1.post8
4,rp2,,1.19.1,2023-12-01,micropython-rp2-stubs,1.19.1.post9
4,rp2,,1.20.0,2023-12-01,micropython-rp2-stubs,1.20.0.post1
5,rp2,,1.20.0,2023-12-01,micropython-rp2-stubs,1.20.0.post2
4,rp2,,1.20.0,2023-12-01,micropython-rp2-stubs,1.20.0.post3
7,rp2,,1.20.0,2023-12-01,micropython-rp2-stubs,1.20.0.post4
60,rp2,,1.20.0,2023-12-01,micropython-rp2-stubs,1.20.0.post5
53,rp2,,1.21.0,2023-12-01,micropython-rp2-stubs,1.21.0.post1
63,rp2,,1.21.0,2023-12-01,micropython-rp2-stubs,1.21.0.post2
9,samd,adafruit-feather-m4-express,1.20.0,2023-12-01,micropython-samd-adafruit-feather-m4-express-stubs,1.20.0.post1
7,samd,adafruit-feather-m4-express,1.20.0,2023-12-01,micropython-samd-adafruit-feather-m4-express-stubs,1.20.0.post2
14,samd,adafruit-feather-m4-express,1.20.0,2023-12-01,micropython-samd-adafruit-feather-m4-express-stubs,1.20.0.post3
92,samd,adafruit-feather-m4-express,1.20.0,2023-12-01,micropython-samd-adafruit-feather-m4-express-stubs,1.20.0.post4
6,samd,adafruit-itsybitsy-m4-express,1.20.0,2023-12-01,micropython-samd-adafruit-itsybitsy-m4-express-stubs,1.20.0.post1
3,samd,adafruit-itsybitsy-m4-express,1.20.0,2023-12-01,micropython-samd-adafruit-itsybitsy-m4-express-stubs,1.20.0.post2
14,samd,adafruit-itsybitsy-m4-express,1.20.0,2023-12-01,micropython-samd-adafruit-itsybitsy-m4-express-stubs,1.20.0.post3
94,samd,adafruit-itsybitsy-m4-express,1.20.0,2023-12-01,micropython-samd-adafruit-itsybitsy-m4-express-stubs,1.20.0.post4
12,samd,minisam-m4,1.20.0,2023-12-01,micropython-samd-minisam-m4-stubs,1.20.0.post1
6,samd,minisam-m4,1.20.0,2023-12-01,micropython-samd-minisam-m4-stubs,1.20.0.post2
24,samd,minisam-m4,1.20.0,2023-12-01,micropython-samd-minisam-m4-stubs,1.20.0.post3
91,samd,minisam-m4,1.20.0,2023-12-01,micropython-samd-minisam-m4-stubs,1.20.0.post4
7,samd,seeed-wio-terminal,1.20.0,2023-12-01,micropython-samd-seeed-wio-terminal-stubs,1.20.0.post1
6,samd,seeed-wio-terminal,1.20.0,2023-12-01,micropython-samd-seeed-wio-terminal-stubs,1.20.0.post2
7,samd,seeed-wio-terminal,1.20.0,2023-12-01,micropython-samd-seeed-wio-terminal-stubs,1.20.0.post3
4,samd,seeed-wio-terminal,1.20.0,2023-12-01,micropython-samd-seeed-wio-terminal-stubs,1.20.0.post4
58,samd,seeed-wio-terminal,1.20.0,2023-12-01,micropython-samd-seeed-wio-terminal-stubs,1.20.0.post5
8,samd,seeed-wio-terminal,1.21.0,2023-12-01,micropython-samd-seeed-wio-terminal-stubs,1.21.0.post1
19,samd,seeed-wio-terminal,1.21.0,2023-12-01,micropython-samd-seeed-wio-terminal-stubs,1.21.0.post2
58,samd,seeed-wio-terminal,1.21.0,2023-12-01,micropython-samd-seeed-wio-terminal-stubs,1.21.0.post3
27,samd,,1.20.0,2023-12-01,micropython-samd-stubs,1.20.0.post1
61,samd,,1.20.0,2023-12-01,micropython-samd-stubs,1.20.0.post2
32,samd,,1.21.0,2023-12-01,micropython-samd-stubs,1.21.0.post1
88,samd,,1.21.0,2023-12-01,micropython-samd-stubs,1.21.0.post2
22,stdlib,,,2023-12-01,micropython-stdlib-stubs,0.9.0
990,stdlib,,,2023-12-01,micropython-stdlib-stubs,1.0.0
6,stdlib,,,2023-12-01,micropython-stdlib-stubs,1.0.0rc2
60,stdlib,,,2023-12-01,micropython-stdlib-stubs,1.0.1a0
83,stdlib,,,2023-12-01,micropython-stdlib-stubs,1.0.1a1
54,stdlib,,,2023-12-01,micropython-stdlib-stubs,1.0.1a2
119,stdlib,,,2023-12-01,micropython-stdlib-stubs,1.1.0
894,stdlib,,,2023-12-01,micropython-stdlib-stubs,1.1.1
109,stdlib,,,2023-12-01,micropython-stdlib-stubs,1.1.1a2
7,stm32,pybv11,1.20.0,2023-12-01,micropython-stm32-pybv11-stubs,1.20.0.post1
3,stm32,pybv11,1.20.0,2023-12-01,micropython-stm32-pybv11-stubs,1.20.0.post2
4,stm32,pybv11,1.20.0,2023-12-01,micropython-stm32-pybv11-stubs,1.20.0.post3
6,stm32,pybv11,1.20.0,2023-12-01,micropython-stm32-pybv11-stubs,1.20.0.post4
5,stm32,pybv11,1.20.0,2023-12-01,micropython-stm32-pybv11-stubs,1.20.0.post5
60,stm32,pybv11,1.20.0,2023-12-01,micropython-stm32-pybv11-stubs,1.20.0.post6
6,stm32,pybv11,1.21.0,2023-12-01,micropython-stm32-pybv11-stubs,1.21.0.post1
21,stm32,pybv11,1.21.0,2023-12-01,micropython-stm32-pybv11-stubs,1.21.0.post2
65,stm32,pybv11,1.21.0,2023-12-01,micropython-stm32-pybv11-stubs,1.21.0.post3
1,stm32,,1.17,2023-12-01,micropython-stm32-stubs,1.17.post1
2,stm32,,1.17,2023-12-01,micropython-stm32-stubs,1.17.post2
3,stm32,,1.17,2023-12-01,micropython-stm32-stubs,1.17.post3
1,stm32,,1.18,2023-12-01,micropython-stm32-stubs,1.18.post1
1,stm32,,1.18,2023-12-01,micropython-stm32-stubs,1.18.post2
1,stm32,,1.18,2023-12-01,micropython-stm32-stubs,1.18.post3
2,stm32,,1.18,2023-12-01,micropython-stm32-stubs,1.18.post4
1,stm32,,1.19.1,2023-12-01,micropython-stm32-stubs,1.19.1.post1
2,stm32,,1.19.1,2023-12-01,micropython-stm32-stubs,1.19.1.post10
3,stm32,,1.19.1,2023-12-01,micropython-stm32-stubs,1.19.1.post11
9,stm32,,1.19.1,2023-12-01,micropython-stm32-stubs,1.19.1.post12
1,stm32,,1.19.1,2023-12-01,micropython-stm32-stubs,1.19.1.post2
1,stm32,,1.19.1,2023-12-01,micropython-stm32-stubs,1.19.1.post3
3,stm32,,1.19.1,2023-12-01,micropython-stm32-stubs,1.19.1.post4
1,stm32,,1.19.1,2023-12-01,micropython-stm32-stubs,1.19.1.post5
2,stm32,,1.19.1,2023-12-01,micropython-stm32-stubs,1.19.1.post6
2,stm32,,1.19.1,2023-12-01,micropython-stm32-stubs,1.19.1.post7
2,stm32,,1.19.1,2023-12-01,micropython-stm32-stubs,1.19.1.post8
2,stm32,,1.19.1,2023-12-01,micropython-stm32-stubs,1.19.1.post9
7,stm32,,1.20.0,2023-12-01,micropython-stm32-stubs,1.20.0.post1
3,stm32,,1.20.0,2023-12-01,micropython-stm32-stubs,1.20.0.post2
2,stm32,,1.20.0,2023-12-01,micropython-stm32-stubs,1.20.0.post3
6,stm32,,1.20.0,2023-12-01,micropython-stm32-stubs,1.20.0.post4
62,stm32,,1.20.0,2023-12-01,micropython-stm32-stubs,1.20.0.post5
146,stm32,,1.21.0,2023-12-01,micropython-stm32-stubs,1.21.0.post1
68,stm32,,1.21.0,2023-12-01,micropython-stm32-stubs,1.21.0.post2
151,unix,,1.20.0,2023-12-01,micropython-unix-stubs,1.20.0.post1
211,unix,,1.21.0,2023-12-01,micropython-unix-stubs,1.21.0.post1
178,webassembly,,1.21.0,2023-12-01,micropython-webassembly-stubs,1.21.0.post1
65,webassembly,,1.21.0,2023-12-01,micropython-webassembly-stubs,1.21.0.post2
129,windows,,1.20.0,2023-12-01,micropython-windows-stubs,1.20.0.post1
149,windows,,1.21.0,2023-12-01,micropython-windows-stubs,1.21.0.post1
184,esp32,esp32-generic-s3,1.22.0,2024-01-01,micropython-esp32-esp32-generic-s3-stubs,1.22.0.post1
10,esp32,esp32-generic,1.21.0,2024-01-01,micropython-esp32-esp32-generic-stubs,1.21.0.post1
32,esp32,esp32-generic,1.21.0,2024-01-01,micropython-esp32-esp32-generic-stubs,1.21.0.post2
147,esp32,esp32-generic,1.22.0,2024-01-01,micropython-esp32-esp32-generic-stubs,1.22.0.post1
13,esp32,generic-ota,1.20.0,2024-01-01,micropython-esp32-generic-ota-stubs,1.20.0.post1
29,esp32,generic-ota,1.20.0,2024-01-01,micropython-esp32-generic-ota-stubs,1.20.0.post2
12,esp32,generic-s3,1.19.1,2024-01-01,micropython-esp32-generic-s3-stubs,1.19.1.post1
12,esp32,generic-s3,1.20.0,2024-01-01,micropython-esp32-generic-s3-stubs,1.20.0.post1
30,esp32,generic-s3,1.20.0,2024-01-01,micropython-esp32-generic-s3-stubs,1.20.0.post2
27,esp32,generic-spiram,1.19.1,2024-01-01,micropython-esp32-generic-spiram-stubs,1.19.1.post1
16,esp32,ota,1.20.0,2024-01-01,micropython-esp32-ota-stubs,1.20.0.post1
29,esp32,ota,1.20.0,2024-01-01,micropython-esp32-ota-stubs,1.20.0.post2
17,esp32,s3,1.19.1,2024-01-01,micropython-esp32-s3-stubs,1.19.1.post1
42,esp32,s3,1.20.0,2024-01-01,micropython-esp32-s3-stubs,1.20.0.post1
8,esp32,,1.17,2024-01-01,micropython-esp32-stubs,1.17.post1
14,esp32,,1.17,2024-01-01,micropython-esp32-stubs,1.17.post2
15,esp32,,1.17,2024-01-01,micropython-esp32-stubs,1.17.post3
8,esp32,,1.18,2024-01-01,micropython-esp32-stubs,1.18.post1
8,esp32,,1.18,2024-01-01,micropython-esp32-stubs,1.18.post2
17,esp32,,1.18,2024-01-01,micropython-esp32-stubs,1.18.post3
13,esp32,,1.19.1,2024-01-01,micropython-esp32-stubs,1.19.1.post10
59,esp32,,1.19.1,2024-01-01,micropython-esp32-stubs,1.19.1.post11
13,esp32,,1.19.1,2024-01-01,micropython-esp32-stubs,1.19.1.post12
7,esp32,,1.19.1,2024-01-01,micropython-esp32-stubs,1.19.1.post13
8,esp32,,1.19.1,2024-01-01,micropython-esp32-stubs,1.19.1.post14
21,esp32,,1.19.1,2024-01-01,micropython-esp32-stubs,1.19.1.post15
6,esp32,,1.19.1,2024-01-01,micropython-esp32-stubs,1.19.1.post2
7,esp32,,1.19.1,2024-01-01,micropython-esp32-stubs,1.19.1.post3
6,esp32,,1.19.1,2024-01-01,micropython-esp32-stubs,1.19.1.post4
5,esp32,,1.19.1,2024-01-01,micropython-esp32-stubs,1.19.1.post5
7,esp32,,1.19.1,2024-01-01,micropython-esp32-stubs,1.19.1.post6
13,esp32,,1.19.1,2024-01-01,micropython-esp32-stubs,1.19.1.post7
12,esp32,,1.19.1,2024-01-01,micropython-esp32-stubs,1.19.1.post8
11,esp32,,1.19.1,2024-01-01,micropython-esp32-stubs,1.19.1.post9
14,esp32,,1.20.0,2024-01-01,micropython-esp32-stubs,1.20.0.post1
15,esp32,,1.20.0,2024-01-01,micropython-esp32-stubs,1.20.0.post2
17,esp32,,1.20.0,2024-01-01,micropython-esp32-stubs,1.20.0.post3
9,esp32,,1.20.0,2024-01-01,micropython-esp32-stubs,1.20.0.post4
50,esp32,,1.20.0,2024-01-01,micropython-esp32-stubs,1.20.0.post5
16,esp32,,1.21.0,2024-01-01,micropython-esp32-stubs,1.21.0.post1
16,esp32,,1.21.0,2024-01-01,micropython-esp32-stubs,1.21.0.post2
11,esp32,,1.21.0,2024-01-01,micropython-esp32-stubs,1.21.0.post3
54,esp32,,1.21.0,2024-01-01,micropython-esp32-stubs,1.21.0.post4
15,esp32,,,2024-01-01,micropython-esp32-stubs,1.21.0a489
337,esp32,,1.22.0,2024-01-01,micropython-esp32-stubs,1.22.0.post1
11,esp32,um-tinypico,1.19.1,2024-01-01,micropython-esp32-um-tinypico-stubs,1.19.1.post2
9,esp32,um-tinypico,1.19.1,2024-01-01,micropython-esp32-um-tinypico-stubs,1.19.1.post3
17,esp32,um-tinypico,1.19.1,2024-01-01,micropython-esp32-um-tinypico-stubs,1.19.1.post4
19,esp32,um-tinypico,1.19.1,2024-01-01,micropython-esp32-um-tinypico-stubs,1.19.1.post5
17,esp32,um-tinypico,1.19.1,2024-01-01,micropython-esp32-um-tinypico-stubs,1.19.1.post6
15,esp32,um-tinypico,1.19.1,2024-01-01,micropython-esp32-um-tinypico-stubs,1.19.1.post7
17,esp32,um-tinypico,1.19.1,2024-01-01,micropython-esp32-um-tinypico-stubs,1.19.1.post8
7,esp8266,,1.17,2024-01-01,micropython-esp8266-stubs,1.17.post1
13,esp8266,,1.17,2024-01-01,micropython-esp8266-stubs,1.17.post2
14,esp8266,,1.17,2024-01-01,micropython-esp8266-stubs,1.17.post3
7,esp8266,,1.18,2024-01-01,micropython-esp8266-stubs,1.18.post1
6,esp8266,,1.18,2024-01-01,micropython-esp8266-stubs,1.18.post2
8,esp8266,,1.18,2024-01-01,micropython-esp8266-stubs,1.18.post3
13,esp8266,,1.18,2024-01-01,micropython-esp8266-stubs,1.18.post4
8,esp8266,,1.19.1,2024-01-01,micropython-esp8266-stubs,1.19.1.post1
8,esp8266,,1.19.1,2024-01-01,micropython-esp8266-stubs,1.19.1.post10
16,esp8266,,1.19.1,2024-01-01,micropython-esp8266-stubs,1.19.1.post11
102,esp8266,,1.19.1,2024-01-01,micropython-esp8266-stubs,1.19.1.post12
5,esp8266,,1.19.1,2024-01-01,micropython-esp8266-stubs,1.19.1.post2
7,esp8266,,1.19.1,2024-01-01,micropython-esp8266-stubs,1.19.1.post3
7,esp8266,,1.19.1,2024-01-01,micropython-esp8266-stubs,1.19.1.post4
5,esp8266,,1.19.1,2024-01-01,micropython-esp8266-stubs,1.19.1.post5
12,esp8266,,1.19.1,2024-01-01,micropython-esp8266-stubs,1.19.1.post6
12,esp8266,,1.19.1,2024-01-01,micropython-esp8266-stubs,1.19.1.post7
11,esp8266,,1.19.1,2024-01-01,micropython-esp8266-stubs,1.19.1.post8
12,esp8266,,1.19.1,2024-01-01,micropython-esp8266-stubs,1.19.1.post9
174,rp2,arduino-nano-rp2040-connect,1.22.0,2024-01-01,micropython-rp2-arduino-nano-rp2040-connect-stubs,1.22.0.post1
12,rp2,pico,1.20.0,2024-01-01,micropython-rp2-pico-stubs,1.20.0.post1
14,rp2,pico,1.20.0,2024-01-01,micropython-rp2-pico-stubs,1.20.0.post2
16,rp2,pico,1.20.0,2024-01-01,micropython-rp2-pico-stubs,1.20.0.post3
12,rp2,pico,1.20.0,2024-01-01,micropython-rp2-pico-stubs,1.20.0.post4
243,rp2,pico,1.20.0,2024-01-01,micropython-rp2-pico-stubs,1.20.0.post5
15,rp2,pico-w,1.20.0,2024-01-01,micropython-rp2-pico-w-stubs,1.20.0.post1
15,rp2,pico-w,1.20.0,2024-01-01,micropython-rp2-pico-w-stubs,1.20.0.post2
17,rp2,pico-w,1.20.0,2024-01-01,micropython-rp2-pico-w-stubs,1.20.0.post3
15,rp2,pico-w,1.20.0,2024-01-01,micropython-rp2-pico-w-stubs,1.20.0.post4
135,rp2,pico-w,1.20.0,2024-01-01,micropython-rp2-pico-w-stubs,1.20.0.post5
17,rp2,pimoroni-picolipo-16mb,1.20.0,2024-01-01,micropython-rp2-pimoroni-picolipo-16mb-stubs,1.20.0.post1
18,rp2,pimoroni-picolipo-16mb,1.20.0,2024-01-01,micropython-rp2-pimoroni-picolipo-16mb-stubs,1.20.0.post2
26,rp2,pimoroni-picolipo-16mb,1.20.0,2024-01-01,micropython-rp2-pimoroni-picolipo-16mb-stubs,1.20.0.post3
110,rp2,pimoroni-picolipo-16mb,1.22.0,2024-01-01,micropython-rp2-pimoroni-picolipo-16mb-stubs,1.22.0.post1
20,rp2,rpi-pico,1.21.0,2024-01-01,micropython-rp2-rpi-pico-stubs,1.21.0.post1
10,rp2,rpi-pico,1.21.0,2024-01-01,micropython-rp2-rpi-pico-stubs,1.21.0.post2
24,rp2,rpi-pico,1.21.0,2024-01-01,micropython-rp2-rpi-pico-stubs,1.21.0.post3
134,rp2,rpi-pico,1.22.0,2024-01-01,micropython-rp2-rpi-pico-stubs,1.22.0.post1
21,rp2,rpi-pico-w,1.21.0,2024-01-01,micropython-rp2-rpi-pico-w-stubs,1.21.0.post1
13,rp2,rpi-pico-w,1.21.0,2024-01-01,micropython-rp2-rpi-pico-w-stubs,1.21.0.post2
127,rp2,rpi-pico-w,1.21.0,2024-01-01,micropython-rp2-rpi-pico-w-stubs,1.21.0.post3
137,rp2,rpi-pico-w,1.22.0,2024-01-01,micropython-rp2-rpi-pico-w-stubs,1.22.0.post1
6,rp2,,1.17,2024-01-01,micropython-rp2-stubs,1.17.post1
11,rp2,,1.17,2024-01-01,micropython-rp2-stubs,1.17.post2
14,rp2,,1.17,2024-01-01,micropython-rp2-stubs,1.17.post3
7,rp2,,1.18,2024-01-01,micropython-rp2-stubs,1.18.post1
8,rp2,,1.18,2024-01-01,micropython-rp2-stubs,1.18.post2
14,rp2,,1.18,2024-01-01,micropython-rp2-stubs,1.18.post3
11,rp2,,1.19.1,2024-01-01,micropython-rp2-stubs,1.19.1.post10
11,rp2,,1.19.1,2024-01-01,micropython-rp2-stubs,1.19.1.post11
8,rp2,,1.19.1,2024-01-01,micropython-rp2-stubs,1.19.1.post12
10,rp2,,1.19.1,2024-01-01,micropython-rp2-stubs,1.19.1.post13
11,rp2,,1.19.1,2024-01-01,micropython-rp2-stubs,1.19.1.post14
7,rp2,,1.19.1,2024-01-01,micropython-rp2-stubs,1.19.1.post6
6,rp2,,1.19.1,2024-01-01,micropython-rp2-stubs,1.19.1.post7
11,rp2,,1.19.1,2024-01-01,micropython-rp2-stubs,1.19.1.post8
11,rp2,,1.19.1,2024-01-01,micropython-rp2-stubs,1.19.1.post9
12,rp2,,1.20.0,2024-01-01,micropython-rp2-stubs,1.20.0.post1
14,rp2,,1.20.0,2024-01-01,micropython-rp2-stubs,1.20.0.post2
14,rp2,,1.20.0,2024-01-01,micropython-rp2-stubs,1.20.0.post3
9,rp2,,1.20.0,2024-01-01,micropython-rp2-stubs,1.20.0.post4
19,rp2,,1.20.0,2024-01-01,micropython-rp2-stubs,1.20.0.post5
10,rp2,,1.21.0,2024-01-01,micropython-rp2-stubs,1.21.0.post1
22,rp2,,1.21.0,2024-01-01,micropython-rp2-stubs,1.21.0.post2
126,rp2,,1.22.0,2024-01-01,micropython-rp2-stubs,1.22.0.post1
15,samd,adafruit-feather-m4-express,1.20.0,2024-01-01,micropython-samd-adafruit-feather-m4-express-stubs,1.20.0.post1
14,samd,adafruit-feather-m4-express,1.20.0,2024-01-01,micropython-samd-adafruit-feather-m4-express-stubs,1.20.0.post2
13,samd,adafruit-feather-m4-express,1.20.0,2024-01-01,micropython-samd-adafruit-feather-m4-express-stubs,1.20.0.post3
23,samd,adafruit-feather-m4-express,1.20.0,2024-01-01,micropython-samd-adafruit-feather-m4-express-stubs,1.20.0.post4
14,samd,adafruit-itsybitsy-m4-express,1.20.0,2024-01-01,micropython-samd-adafruit-itsybitsy-m4-express-stubs,1.20.0.post1
16,samd,adafruit-itsybitsy-m4-express,1.20.0,2024-01-01,micropython-samd-adafruit-itsybitsy-m4-express-stubs,1.20.0.post2
13,samd,adafruit-itsybitsy-m4-express,1.20.0,2024-01-01,micropython-samd-adafruit-itsybitsy-m4-express-stubs,1.20.0.post3
21,samd,adafruit-itsybitsy-m4-express,1.20.0,2024-01-01,micropython-samd-adafruit-itsybitsy-m4-express-stubs,1.20.0.post4
14,samd,minisam-m4,1.20.0,2024-01-01,micropython-samd-minisam-m4-stubs,1.20.0.post1
16,samd,minisam-m4,1.20.0,2024-01-01,micropython-samd-minisam-m4-stubs,1.20.0.post2
11,samd,minisam-m4,1.20.0,2024-01-01,micropython-samd-minisam-m4-stubs,1.20.0.post3
25,samd,minisam-m4,1.20.0,2024-01-01,micropython-samd-minisam-m4-stubs,1.20.0.post4
15,samd,seeed-wio-terminal,1.20.0,2024-01-01,micropython-samd-seeed-wio-terminal-stubs,1.20.0.post1
17,samd,seeed-wio-terminal,1.20.0,2024-01-01,micropython-samd-seeed-wio-terminal-stubs,1.20.0.post2
13,samd,seeed-wio-terminal,1.20.0,2024-01-01,micropython-samd-seeed-wio-terminal-stubs,1.20.0.post3
9,samd,seeed-wio-terminal,1.20.0,2024-01-01,micropython-samd-seeed-wio-terminal-stubs,1.20.0.post4
16,samd,seeed-wio-terminal,1.20.0,2024-01-01,micropython-samd-seeed-wio-terminal-stubs,1.20.0.post5
17,samd,seeed-wio-terminal,1.21.0,2024-01-01,micropython-samd-seeed-wio-terminal-stubs,1.21.0.post1
11,samd,seeed-wio-terminal,1.21.0,2024-01-01,micropython-samd-seeed-wio-terminal-stubs,1.21.0.post2
20,samd,seeed-wio-terminal,1.21.0,2024-01-01,micropython-samd-seeed-wio-terminal-stubs,1.21.0.post3
90,samd,seeed-wio-terminal,1.22.0,2024-01-01,micropython-samd-seeed-wio-terminal-stubs,1.22.0.post1
11,samd,,1.20.0,2024-01-01,micropython-samd-stubs,1.20.0.post1
19,samd,,1.20.0,2024-01-01,micropython-samd-stubs,1.20.0.post2
9,samd,,1.21.0,2024-01-01,micropython-samd-stubs,1.21.0.post1
19,samd,,1.21.0,2024-01-01,micropython-samd-stubs,1.21.0.post2
88,samd,,1.22.0,2024-01-01,micropython-samd-stubs,1.22.0.post1
59,stdlib,,,2024-01-01,micropython-stdlib-stubs,0.9.0
14,stdlib,,,2024-01-01,micropython-stdlib-stubs,1.0.0
12,stdlib,,,2024-01-01,micropython-stdlib-stubs,1.0.0rc2
10,stdlib,,,2024-01-01,micropython-stdlib-stubs,1.0.1a0
12,stdlib,,,2024-01-01,micropython-stdlib-stubs,1.0.1a1
12,stdlib,,,2024-01-01,micropython-stdlib-stubs,1.0.1a2
18,stdlib,,,2024-01-01,micropython-stdlib-stubs,1.1.0
1189,stdlib,,,2024-01-01,micropython-stdlib-stubs,1.1.1
16,stdlib,,,2024-01-01,micropython-stdlib-stubs,1.1.1a2
246,stdlib,,,2024-01-01,micropython-stdlib-stubs,1.1.2
259,stdlib,,,2024-01-01,micropython-stdlib-stubs,1.1.2a0
12,stm32,pybv11,1.20.0,2024-01-01,micropython-stm32-pybv11-stubs,1.20.0.post1
14,stm32,pybv11,1.20.0,2024-01-01,micropython-stm32-pybv11-stubs,1.20.0.post2
16,stm32,pybv11,1.20.0,2024-01-01,micropython-stm32-pybv11-stubs,1.20.0.post3
16,stm32,pybv11,1.20.0,2024-01-01,micropython-stm32-pybv11-stubs,1.20.0.post4
10,stm32,pybv11,1.20.0,2024-01-01,micropython-stm32-pybv11-stubs,1.20.0.post5
15,stm32,pybv11,1.20.0,2024-01-01,micropython-stm32-pybv11-stubs,1.20.0.post6
17,stm32,pybv11,1.21.0,2024-01-01,micropython-stm32-pybv11-stubs,1.21.0.post1
12,stm32,pybv11,1.21.0,2024-01-01,micropython-stm32-pybv11-stubs,1.21.0.post2
16,stm32,pybv11,1.21.0,2024-01-01,micropython-stm32-pybv11-stubs,1.21.0.post3
71,stm32,pybv11,1.22.0,2024-01-01,micropython-stm32-pybv11-stubs,1.22.0.post1
85,stm32,pybv11,1.22.0,2024-01-01,micropython-stm32-pybv11-stubs,1.22.0.post2
6,stm32,,1.17,2024-01-01,micropython-stm32-stubs,1.17.post1
11,stm32,,1.17,2024-01-01,micropython-stm32-stubs,1.17.post2
15,stm32,,1.17,2024-01-01,micropython-stm32-stubs,1.17.post3
6,stm32,,1.18,2024-01-01,micropython-stm32-stubs,1.18.post1
6,stm32,,1.18,2024-01-01,micropython-stm32-stubs,1.18.post2
6,stm32,,1.18,2024-01-01,micropython-stm32-stubs,1.18.post3
13,stm32,,1.18,2024-01-01,micropython-stm32-stubs,1.18.post4
6,stm32,,1.19.1,2024-01-01,micropython-stm32-stubs,1.19.1.post1
6,stm32,,1.19.1,2024-01-01,micropython-stm32-stubs,1.19.1.post10
8,stm32,,1.19.1,2024-01-01,micropython-stm32-stubs,1.19.1.post11
11,stm32,,1.19.1,2024-01-01,micropython-stm32-stubs,1.19.1.post12
6,stm32,,1.19.1,2024-01-01,micropython-stm32-stubs,1.19.1.post2
5,stm32,,1.19.1,2024-01-01,micropython-stm32-stubs,1.19.1.post3
6,stm32,,1.19.1,2024-01-01,micropython-stm32-stubs,1.19.1.post4
5,stm32,,1.19.1,2024-01-01,micropython-stm32-stubs,1.19.1.post5
11,stm32,,1.19.1,2024-01-01,micropython-stm32-stubs,1.19.1.post6
11,stm32,,1.19.1,2024-01-01,micropython-stm32-stubs,1.19.1.post7
11,stm32,,1.19.1,2024-01-01,micropython-stm32-stubs,1.19.1.post8
11,stm32,,1.19.1,2024-01-01,micropython-stm32-stubs,1.19.1.post9
12,stm32,,1.20.0,2024-01-01,micropython-stm32-stubs,1.20.0.post1
13,stm32,,1.20.0,2024-01-01,micropython-stm32-stubs,1.20.0.post2
14,stm32,,1.20.0,2024-01-01,micropython-stm32-stubs,1.20.0.post3
10,stm32,,1.20.0,2024-01-01,micropython-stm32-stubs,1.20.0.post4
21,stm32,,1.20.0,2024-01-01,micropython-stm32-stubs,1.20.0.post5
11,stm32,,1.21.0,2024-01-01,micropython-stm32-stubs,1.21.0.post1
23,stm32,,1.21.0,2024-01-01,micropython-stm32-stubs,1.21.0.post2
173,stm32,,1.22.0,2024-01-01,micropython-stm32-stubs,1.22.0.post1
20,unix,,1.20.0,2024-01-01,micropython-unix-stubs,1.20.0.post1
25,unix,,1.21.0,2024-01-01,micropython-unix-stubs,1.21.0.post1
17,webassembly,,1.21.0,2024-01-01,micropython-webassembly-stubs,1.21.0.post1
22,webassembly,,1.21.0,2024-01-01,micropython-webassembly-stubs,1.21.0.post2
19,windows,,1.20.0,2024-01-01,micropython-windows-stubs,1.20.0.post1
26,windows,,1.21.0,2024-01-01,micropython-windows-stubs,1.21.0.post1
32,esp32,esp32-generic-s3,1.22.0,2024-02-01,micropython-esp32-esp32-generic-s3-stubs,1.22.0.post1
11,esp32,esp32-generic,1.21.0,2024-02-01,micropython-esp32-esp32-generic-stubs,1.21.0.post1
34,esp32,esp32-generic,1.21.0,2024-02-01,micropython-esp32-esp32-generic-stubs,1.21.0.post2
50,esp32,esp32-generic,1.22.0,2024-02-01,micropython-esp32-esp32-generic-stubs,1.22.0.post1
5,esp32,generic-ota,1.20.0,2024-02-01,micropython-esp32-generic-ota-stubs,1.20.0.post1
15,esp32,generic-ota,1.20.0,2024-02-01,micropython-esp32-generic-ota-stubs,1.20.0.post2
4,esp32,generic-s3,1.19.1,2024-02-01,micropython-esp32-generic-s3-stubs,1.19.1.post1
4,esp32,generic-s3,1.20.0,2024-02-01,micropython-esp32-generic-s3-stubs,1.20.0.post1
17,esp32,generic-s3,1.20.0,2024-02-01,micropython-esp32-generic-s3-stubs,1.20.0.post2
21,esp32,generic-spiram,1.19.1,2024-02-01,micropython-esp32-generic-spiram-stubs,1.19.1.post1
11,esp32,ota,1.20.0,2024-02-01,micropython-esp32-ota-stubs,1.20.0.post1
12,esp32,ota,1.20.0,2024-02-01,micropython-esp32-ota-stubs,1.20.0.post2
8,esp32,s3,1.19.1,2024-02-01,micropython-esp32-s3-stubs,1.19.1.post1
23,esp32,s3,1.20.0,2024-02-01,micropython-esp32-s3-stubs,1.20.0.post1
21,esp32,,1.17,2024-02-01,micropython-esp32-stubs,1.17.post1
9,esp32,,1.17,2024-02-01,micropython-esp32-stubs,1.17.post2
12,esp32,,1.17,2024-02-01,micropython-esp32-stubs,1.17.post3
11,esp32,,1.18,2024-02-01,micropython-esp32-stubs,1.18.post1
12,esp32,,1.18,2024-02-01,micropython-esp32-stubs,1.18.post2
11,esp32,,1.18,2024-02-01,micropython-esp32-stubs,1.18.post3
10,esp32,,1.19.1,2024-02-01,micropython-esp32-stubs,1.19.1.post10
38,esp32,,1.19.1,2024-02-01,micropython-esp32-stubs,1.19.1.post11
9,esp32,,1.19.1,2024-02-01,micropython-esp32-stubs,1.19.1.post12
7,esp32,,1.19.1,2024-02-01,micropython-esp32-stubs,1.19.1.post13
6,esp32,,1.19.1,2024-02-01,micropython-esp32-stubs,1.19.1.post14
19,esp32,,1.19.1,2024-02-01,micropython-esp32-stubs,1.19.1.post15
11,esp32,,1.19.1,2024-02-01,micropython-esp32-stubs,1.19.1.post2
12,esp32,,1.19.1,2024-02-01,micropython-esp32-stubs,1.19.1.post3
12,esp32,,1.19.1,2024-02-01,micropython-esp32-stubs,1.19.1.post4
13,esp32,,1.19.1,2024-02-01,micropython-esp32-stubs,1.19.1.post5
13,esp32,,1.19.1,2024-02-01,micropython-esp32-stubs,1.19.1.post6
9,esp32,,1.19.1,2024-02-01,micropython-esp32-stubs,1.19.1.post7
9,esp32,,1.19.1,2024-02-01,micropython-esp32-stubs,1.19.1.post8
9,esp32,,1.19.1,2024-02-01,micropython-esp32-stubs,1.19.1.post9
9,esp32,,1.20.0,2024-02-01,micropython-esp32-stubs,1.20.0.post1
10,esp32,,1.20.0,2024-02-01,micropython-esp32-stubs,1.20.0.post2
5,esp32,,1.20.0,2024-02-01,micropython-esp32-stubs,1.20.0.post3
5,esp32,,1.20.0,2024-02-01,micropython-esp32-stubs,1.20.0.post4
24,esp32,,1.20.0,2024-02-01,micropython-esp32-stubs,1.20.0.post5
7,esp32,,1.21.0,2024-02-01,micropython-esp32-stubs,1.21.0.post1
5,esp32,,1.21.0,2024-02-01,micropython-esp32-stubs,1.21.0.post2
5,esp32,,1.21.0,2024-02-01,micropython-esp32-stubs,1.21.0.post3
18,esp32,,1.21.0,2024-02-01,micropython-esp32-stubs,1.21.0.post4
6,esp32,,,2024-02-01,micropython-esp32-stubs,1.21.0a489
199,esp32,,1.22.0,2024-02-01,micropython-esp32-stubs,1.22.0.post1
88,esp32,,,2024-02-01,micropython-esp32-stubs,1.23.0a87
13,esp32,um-tinypico,1.19.1,2024-02-01,micropython-esp32-um-tinypico-stubs,1.19.1.post2
13,esp32,um-tinypico,1.19.1,2024-02-01,micropython-esp32-um-tinypico-stubs,1.19.1.post3
11,esp32,um-tinypico,1.19.1,2024-02-01,micropython-esp32-um-tinypico-stubs,1.19.1.post4
11,esp32,um-tinypico,1.19.1,2024-02-01,micropython-esp32-um-tinypico-stubs,1.19.1.post5
10,esp32,um-tinypico,1.19.1,2024-02-01,micropython-esp32-um-tinypico-stubs,1.19.1.post6
8,esp32,um-tinypico,1.19.1,2024-02-01,micropython-esp32-um-tinypico-stubs,1.19.1.post7
14,esp32,um-tinypico,1.19.1,2024-02-01,micropython-esp32-um-tinypico-stubs,1.19.1.post8
10,esp8266,,1.17,2024-02-01,micropython-esp8266-stubs,1.17.post1
7,esp8266,,1.17,2024-02-01,micropython-esp8266-stubs,1.17.post2
9,esp8266,,1.17,2024-02-01,micropython-esp8266-stubs,1.17.post3
10,esp8266,,1.18,2024-02-01,micropython-esp8266-stubs,1.18.post1
11,esp8266,,1.18,2024-02-01,micropython-esp8266-stubs,1.18.post2
10,esp8266,,1.18,2024-02-01,micropython-esp8266-stubs,1.18.post3
7,esp8266,,1.18,2024-02-01,micropython-esp8266-stubs,1.18.post4
9,esp8266,,1.19.1,2024-02-01,micropython-esp8266-stubs,1.19.1.post1
5,esp8266,,1.19.1,2024-02-01,micropython-esp8266-stubs,1.19.1.post10
4,esp8266,,1.19.1,2024-02-01,micropython-esp8266-stubs,1.19.1.post11
70,esp8266,,1.19.1,2024-02-01,micropython-esp8266-stubs,1.19.1.post12
10,esp8266,,1.19.1,2024-02-01,micropython-esp8266-stubs,1.19.1.post2
11,esp8266,,1.19.1,2024-02-01,micropython-esp8266-stubs,1.19.1.post3
10,esp8266,,1.19.1,2024-02-01,micropython-esp8266-stubs,1.19.1.post4
10,esp8266,,1.19.1,2024-02-01,micropython-esp8266-stubs,1.19.1.post5
8,esp8266,,1.19.1,2024-02-01,micropython-esp8266-stubs,1.19.1.post6
7,esp8266,,1.19.1,2024-02-01,micropython-esp8266-stubs,1.19.1.post7
8,esp8266,,1.19.1,2024-02-01,micropython-esp8266-stubs,1.19.1.post8
7,esp8266,,1.19.1,2024-02-01,micropython-esp8266-stubs,1.19.1.post9
17,rp2,arduino-nano-rp2040-connect,1.22.0,2024-02-01,micropython-rp2-arduino-nano-rp2040-connect-stubs,1.22.0.post1
75,rp2,arduino-nano-rp2040-connect,1.22.1,2024-02-01,micropython-rp2-arduino-nano-rp2040-connect-stubs,1.22.1.post1
67,rp2,arduino-nano-rp2040-connect,1.22.1,2024-02-01,micropython-rp2-arduino-nano-rp2040-connect-stubs,1.22.1.post2
10,rp2,pico,1.20.0,2024-02-01,micropython-rp2-pico-stubs,1.20.0.post1
6,rp2,pico,1.20.0,2024-02-01,micropython-rp2-pico-stubs,1.20.0.post2
6,rp2,pico,1.20.0,2024-02-01,micropython-rp2-pico-stubs,1.20.0.post3
5,rp2,pico,1.20.0,2024-02-01,micropython-rp2-pico-stubs,1.20.0.post4
242,rp2,pico,1.20.0,2024-02-01,micropython-rp2-pico-stubs,1.20.0.post5
9,rp2,pico-w,1.20.0,2024-02-01,micropython-rp2-pico-w-stubs,1.20.0.post1
5,rp2,pico-w,1.20.0,2024-02-01,micropython-rp2-pico-w-stubs,1.20.0.post2
5,rp2,pico-w,1.20.0,2024-02-01,micropython-rp2-pico-w-stubs,1.20.0.post3
4,rp2,pico-w,1.20.0,2024-02-01,micropython-rp2-pico-w-stubs,1.20.0.post4
136,rp2,pico-w,1.20.0,2024-02-01,micropython-rp2-pico-w-stubs,1.20.0.post5
14,rp2,pimoroni-picolipo-16mb,1.20.0,2024-02-01,micropython-rp2-pimoroni-picolipo-16mb-stubs,1.20.0.post1
5,rp2,pimoroni-picolipo-16mb,1.20.0,2024-02-01,micropython-rp2-pimoroni-picolipo-16mb-stubs,1.20.0.post2
9,rp2,pimoroni-picolipo-16mb,1.20.0,2024-02-01,micropython-rp2-pimoroni-picolipo-16mb-stubs,1.20.0.post3
13,rp2,pimoroni-picolipo-16mb,1.22.0,2024-02-01,micropython-rp2-pimoroni-picolipo-16mb-stubs,1.22.0.post1
14,rp2,rpi-pico,1.21.0,2024-02-01,micropython-rp2-rpi-pico-stubs,1.21.0.post1
7,rp2,rpi-pico,1.21.0,2024-02-01,micropython-rp2-rpi-pico-stubs,1.21.0.post2
17,rp2,rpi-pico,1.21.0,2024-02-01,micropython-rp2-rpi-pico-stubs,1.21.0.post3
22,rp2,rpi-pico,1.22.0,2024-02-01,micropython-rp2-rpi-pico-stubs,1.22.0.post1
80,rp2,rpi-pico,1.22.1,2024-02-01,micropython-rp2-rpi-pico-stubs,1.22.1.post1
100,rp2,rpi-pico,1.22.1,2024-02-01,micropython-rp2-rpi-pico-stubs,1.22.1.post2
14,rp2,rpi-pico-w,1.21.0,2024-02-01,micropython-rp2-rpi-pico-w-stubs,1.21.0.post1
5,rp2,rpi-pico-w,1.21.0,2024-02-01,micropython-rp2-rpi-pico-w-stubs,1.21.0.post2
45,rp2,rpi-pico-w,1.21.0,2024-02-01,micropython-rp2-rpi-pico-w-stubs,1.21.0.post3
21,rp2,rpi-pico-w,1.22.0,2024-02-01,micropython-rp2-rpi-pico-w-stubs,1.22.0.post1
80,rp2,rpi-pico-w,1.22.1,2024-02-01,micropython-rp2-rpi-pico-w-stubs,1.22.1.post1
134,rp2,rpi-pico-w,1.22.1,2024-02-01,micropython-rp2-rpi-pico-w-stubs,1.22.1.post2
16,rp2,,1.17,2024-02-01,micropython-rp2-stubs,1.17.post1
8,rp2,,1.17,2024-02-01,micropython-rp2-stubs,1.17.post2
10,rp2,,1.17,2024-02-01,micropython-rp2-stubs,1.17.post3
11,rp2,,1.18,2024-02-01,micropython-rp2-stubs,1.18.post1
9,rp2,,1.18,2024-02-01,micropython-rp2-stubs,1.18.post2
8,rp2,,1.18,2024-02-01,micropython-rp2-stubs,1.18.post3
8,rp2,,1.19.1,2024-02-01,micropython-rp2-stubs,1.19.1.post10
8,rp2,,1.19.1,2024-02-01,micropython-rp2-stubs,1.19.1.post11
6,rp2,,1.19.1,2024-02-01,micropython-rp2-stubs,1.19.1.post12
6,rp2,,1.19.1,2024-02-01,micropython-rp2-stubs,1.19.1.post13
8,rp2,,1.19.1,2024-02-01,micropython-rp2-stubs,1.19.1.post14
10,rp2,,1.19.1,2024-02-01,micropython-rp2-stubs,1.19.1.post6
11,rp2,,1.19.1,2024-02-01,micropython-rp2-stubs,1.19.1.post7
8,rp2,,1.19.1,2024-02-01,micropython-rp2-stubs,1.19.1.post8
8,rp2,,1.19.1,2024-02-01,micropython-rp2-stubs,1.19.1.post9
8,rp2,,1.20.0,2024-02-01,micropython-rp2-stubs,1.20.0.post1
5,rp2,,1.20.0,2024-02-01,micropython-rp2-stubs,1.20.0.post2
6,rp2,,1.20.0,2024-02-01,micropython-rp2-stubs,1.20.0.post3
5,rp2,,1.20.0,2024-02-01,micropython-rp2-stubs,1.20.0.post4
6,rp2,,1.20.0,2024-02-01,micropython-rp2-stubs,1.20.0.post5
5,rp2,,1.21.0,2024-02-01,micropython-rp2-stubs,1.21.0.post1
6,rp2,,1.21.0,2024-02-01,micropython-rp2-stubs,1.21.0.post2
15,rp2,,1.22.0,2024-02-01,micropython-rp2-stubs,1.22.0.post1
73,rp2,,1.22.1,2024-02-01,micropython-rp2-stubs,1.22.1.post1
124,rp2,,1.22.1,2024-02-01,micropython-rp2-stubs,1.22.1.post2
5,samd,adafruit-feather-m4-express,1.20.0,2024-02-01,micropython-samd-adafruit-feather-m4-express-stubs,1.20.0.post1
6,samd,adafruit-feather-m4-express,1.20.0,2024-02-01,micropython-samd-adafruit-feather-m4-express-stubs,1.20.0.post2
6,samd,adafruit-feather-m4-express,1.20.0,2024-02-01,micropython-samd-adafruit-feather-m4-express-stubs,1.20.0.post3
13,samd,adafruit-feather-m4-express,1.20.0,2024-02-01,micropython-samd-adafruit-feather-m4-express-stubs,1.20.0.post4
8,samd,adafruit-itsybitsy-m4-express,1.20.0,2024-02-01,micropython-samd-adafruit-itsybitsy-m4-express-stubs,1.20.0.post1
7,samd,adafruit-itsybitsy-m4-express,1.20.0,2024-02-01,micropython-samd-adafruit-itsybitsy-m4-express-stubs,1.20.0.post2
6,samd,adafruit-itsybitsy-m4-express,1.20.0,2024-02-01,micropython-samd-adafruit-itsybitsy-m4-express-stubs,1.20.0.post3
13,samd,adafruit-itsybitsy-m4-express,1.20.0,2024-02-01,micropython-samd-adafruit-itsybitsy-m4-express-stubs,1.20.0.post4
6,samd,minisam-m4,1.20.0,2024-02-01,micropython-samd-minisam-m4-stubs,1.20.0.post1
6,samd,minisam-m4,1.20.0,2024-02-01,micropython-samd-minisam-m4-stubs,1.20.0.post2
4,samd,minisam-m4,1.20.0,2024-02-01,micropython-samd-minisam-m4-stubs,1.20.0.post3
11,samd,minisam-m4,1.20.0,2024-02-01,micropython-samd-minisam-m4-stubs,1.20.0.post4
18,samd,seeed-wio-terminal,1.20.0,2024-02-01,micropython-samd-seeed-wio-terminal-stubs,1.20.0.post1
7,samd,seeed-wio-terminal,1.20.0,2024-02-01,micropython-samd-seeed-wio-terminal-stubs,1.20.0.post2
7,samd,seeed-wio-terminal,1.20.0,2024-02-01,micropython-samd-seeed-wio-terminal-stubs,1.20.0.post3
6,samd,seeed-wio-terminal,1.20.0,2024-02-01,micropython-samd-seeed-wio-terminal-stubs,1.20.0.post4
6,samd,seeed-wio-terminal,1.20.0,2024-02-01,micropython-samd-seeed-wio-terminal-stubs,1.20.0.post5
6,samd,seeed-wio-terminal,1.21.0,2024-02-01,micropython-samd-seeed-wio-terminal-stubs,1.21.0.post1
5,samd,seeed-wio-terminal,1.21.0,2024-02-01,micropython-samd-seeed-wio-terminal-stubs,1.21.0.post2
5,samd,seeed-wio-terminal,1.21.0,2024-02-01,micropython-samd-seeed-wio-terminal-stubs,1.21.0.post3
10,samd,seeed-wio-terminal,1.22.0,2024-02-01,micropython-samd-seeed-wio-terminal-stubs,1.22.0.post1
75,samd,seeed-wio-terminal,1.22.1,2024-02-01,micropython-samd-seeed-wio-terminal-stubs,1.22.1.post1
11,samd,,1.20.0,2024-02-01,micropython-samd-stubs,1.20.0.post1
7,samd,,1.20.0,2024-02-01,micropython-samd-stubs,1.20.0.post2
5,samd,,1.21.0,2024-02-01,micropython-samd-stubs,1.21.0.post1
7,samd,,1.21.0,2024-02-01,micropython-samd-stubs,1.21.0.post2
10,samd,,1.22.0,2024-02-01,micropython-samd-stubs,1.22.0.post1
67,samd,,1.22.1,2024-02-01,micropython-samd-stubs,1.22.1.post1
56,samd,,,2024-02-01,micropython-samd-stubs,1.23.0a87
37,stdlib,,,2024-02-01,micropython-stdlib-stubs,0.9.0
5,stdlib,,,2024-02-01,micropython-stdlib-stubs,1.0.0
5,stdlib,,,2024-02-01,micropython-stdlib-stubs,1.0.0rc2
5,stdlib,,,2024-02-01,micropython-stdlib-stubs,1.0.1a0
5,stdlib,,,2024-02-01,micropython-stdlib-stubs,1.0.1a1
5,stdlib,,,2024-02-01,micropython-stdlib-stubs,1.0.1a2
5,stdlib,,,2024-02-01,micropython-stdlib-stubs,1.1.0
8,stdlib,,,2024-02-01,micropython-stdlib-stubs,1.1.1
8,stdlib,,,2024-02-01,micropython-stdlib-stubs,1.1.1a2
1237,stdlib,,,2024-02-01,micropython-stdlib-stubs,1.1.2
15,stdlib,,,2024-02-01,micropython-stdlib-stubs,1.1.2a0
10,stm32,pybv11,1.20.0,2024-02-01,micropython-stm32-pybv11-stubs,1.20.0.post1
4,stm32,pybv11,1.20.0,2024-02-01,micropython-stm32-pybv11-stubs,1.20.0.post2
4,stm32,pybv11,1.20.0,2024-02-01,micropython-stm32-pybv11-stubs,1.20.0.post3
4,stm32,pybv11,1.20.0,2024-02-01,micropython-stm32-pybv11-stubs,1.20.0.post4
4,stm32,pybv11,1.20.0,2024-02-01,micropython-stm32-pybv11-stubs,1.20.0.post5
6,stm32,pybv11,1.20.0,2024-02-01,micropython-stm32-pybv11-stubs,1.20.0.post6
4,stm32,pybv11,1.21.0,2024-02-01,micropython-stm32-pybv11-stubs,1.21.0.post1
4,stm32,pybv11,1.21.0,2024-02-01,micropython-stm32-pybv11-stubs,1.21.0.post2
4,stm32,pybv11,1.21.0,2024-02-01,micropython-stm32-pybv11-stubs,1.21.0.post3
4,stm32,pybv11,1.22.0,2024-02-01,micropython-stm32-pybv11-stubs,1.22.0.post1
11,stm32,pybv11,1.22.0,2024-02-01,micropython-stm32-pybv11-stubs,1.22.0.post2
17,stm32,,1.17,2024-02-01,micropython-stm32-stubs,1.17.post1
9,stm32,,1.17,2024-02-01,micropython-stm32-stubs,1.17.post2
9,stm32,,1.17,2024-02-01,micropython-stm32-stubs,1.17.post3
11,stm32,,1.18,2024-02-01,micropython-stm32-stubs,1.18.post1
11,stm32,,1.18,2024-02-01,micropython-stm32-stubs,1.18.post2
11,stm32,,1.18,2024-02-01,micropython-stm32-stubs,1.18.post3
9,stm32,,1.18,2024-02-01,micropython-stm32-stubs,1.18.post4
12,stm32,,1.19.1,2024-02-01,micropython-stm32-stubs,1.19.1.post1
7,stm32,,1.19.1,2024-02-01,micropython-stm32-stubs,1.19.1.post10
7,stm32,,1.19.1,2024-02-01,micropython-stm32-stubs,1.19.1.post11
6,stm32,,1.19.1,2024-02-01,micropython-stm32-stubs,1.19.1.post12
9,stm32,,1.19.1,2024-02-01,micropython-stm32-stubs,1.19.1.post2
11,stm32,,1.19.1,2024-02-01,micropython-stm32-stubs,1.19.1.post3
13,stm32,,1.19.1,2024-02-01,micropython-stm32-stubs,1.19.1.post4
10,stm32,,1.19.1,2024-02-01,micropython-stm32-stubs,1.19.1.post5
10,stm32,,1.19.1,2024-02-01,micropython-stm32-stubs,1.19.1.post6
9,stm32,,1.19.1,2024-02-01,micropython-stm32-stubs,1.19.1.post7
10,stm32,,1.19.1,2024-02-01,micropython-stm32-stubs,1.19.1.post8
10,stm32,,1.19.1,2024-02-01,micropython-stm32-stubs,1.19.1.post9
8,stm32,,1.20.0,2024-02-01,micropython-stm32-stubs,1.20.0.post1
6,stm32,,1.20.0,2024-02-01,micropython-stm32-stubs,1.20.0.post2
6,stm32,,1.20.0,2024-02-01,micropython-stm32-stubs,1.20.0.post3
6,stm32,,1.20.0,2024-02-01,micropython-stm32-stubs,1.20.0.post4
11,stm32,,1.20.0,2024-02-01,micropython-stm32-stubs,1.20.0.post5
7,stm32,,1.21.0,2024-02-01,micropython-stm32-stubs,1.21.0.post1
6,stm32,,1.21.0,2024-02-01,micropython-stm32-stubs,1.21.0.post2
182,stm32,,1.22.0,2024-02-01,micropython-stm32-stubs,1.22.0.post1
10,unix,,1.20.0,2024-02-01,micropython-unix-stubs,1.20.0.post1
18,unix,,1.21.0,2024-02-01,micropython-unix-stubs,1.21.0.post1
11,webassembly,,1.21.0,2024-02-01,micropython-webassembly-stubs,1.21.0.post1
8,webassembly,,1.21.0,2024-02-01,micropython-webassembly-stubs,1.21.0.post2
12,windows,,1.20.0,2024-02-01,micropython-windows-stubs,1.20.0.post1
10,windows,,1.21.0,2024-02-01,micropython-windows-stubs,1.21.0.post1
38,esp32,esp32-generic-s3,1.22.0,2024-03-01,micropython-esp32-esp32-generic-s3-stubs,1.22.0.post1
7,esp32,esp32-generic,1.21.0,2024-03-01,micropython-esp32-esp32-generic-stubs,1.21.0.post1
31,esp32,esp32-generic,1.21.0,2024-03-01,micropython-esp32-esp32-generic-stubs,1.21.0.post2
64,esp32,esp32-generic,1.22.0,2024-03-01,micropython-esp32-esp32-generic-stubs,1.22.0.post1
2,esp32,generic-ota,1.20.0,2024-03-01,micropython-esp32-generic-ota-stubs,1.20.0.post1
13,esp32,generic-ota,1.20.0,2024-03-01,micropython-esp32-generic-ota-stubs,1.20.0.post2
2,esp32,generic-s3,1.19.1,2024-03-01,micropython-esp32-generic-s3-stubs,1.19.1.post1
3,esp32,generic-s3,1.20.0,2024-03-01,micropython-esp32-generic-s3-stubs,1.20.0.post1
20,esp32,generic-s3,1.20.0,2024-03-01,micropython-esp32-generic-s3-stubs,1.20.0.post2
10,esp32,generic-spiram,1.19.1,2024-03-01,micropython-esp32-generic-spiram-stubs,1.19.1.post1
2,esp32,ota,1.20.0,2024-03-01,micropython-esp32-ota-stubs,1.20.0.post1
11,esp32,ota,1.20.0,2024-03-01,micropython-esp32-ota-stubs,1.20.0.post2
3,esp32,s3,1.19.1,2024-03-01,micropython-esp32-s3-stubs,1.19.1.post1
31,esp32,s3,1.20.0,2024-03-01,micropython-esp32-s3-stubs,1.20.0.post1
14,esp32,,1.17,2024-03-01,micropython-esp32-stubs,1.17.post1
1,esp32,,1.17,2024-03-01,micropython-esp32-stubs,1.17.post2
1,esp32,,1.17,2024-03-01,micropython-esp32-stubs,1.17.post3
3,esp32,,1.18,2024-03-01,micropython-esp32-stubs,1.18.post1
3,esp32,,1.18,2024-03-01,micropython-esp32-stubs,1.18.post2
1,esp32,,1.18,2024-03-01,micropython-esp32-stubs,1.18.post3
1,esp32,,1.19.1,2024-03-01,micropython-esp32-stubs,1.19.1.post10
14,esp32,,1.19.1,2024-03-01,micropython-esp32-stubs,1.19.1.post11
1,esp32,,1.19.1,2024-03-01,micropython-esp32-stubs,1.19.1.post12
1,esp32,,1.19.1,2024-03-01,micropython-esp32-stubs,1.19.1.post13
1,esp32,,1.19.1,2024-03-01,micropython-esp32-stubs,1.19.1.post14
19,esp32,,1.19.1,2024-03-01,micropython-esp32-stubs,1.19.1.post15
4,esp32,,1.19.1,2024-03-01,micropython-esp32-stubs,1.19.1.post2
3,esp32,,1.19.1,2024-03-01,micropython-esp32-stubs,1.19.1.post3
3,esp32,,1.19.1,2024-03-01,micropython-esp32-stubs,1.19.1.post4
3,esp32,,1.19.1,2024-03-01,micropython-esp32-stubs,1.19.1.post5
2,esp32,,1.19.1,2024-03-01,micropython-esp32-stubs,1.19.1.post6
1,esp32,,1.19.1,2024-03-01,micropython-esp32-stubs,1.19.1.post7
1,esp32,,1.19.1,2024-03-01,micropython-esp32-stubs,1.19.1.post8
1,esp32,,1.19.1,2024-03-01,micropython-esp32-stubs,1.19.1.post9
1,esp32,,1.20.0,2024-03-01,micropython-esp32-stubs,1.20.0.post1
84,esp32,,1.20.0,2024-03-01,micropython-esp32-stubs,1.20.0.post2
1,esp32,,1.20.0,2024-03-01,micropython-esp32-stubs,1.20.0.post3
1,esp32,,1.20.0,2024-03-01,micropython-esp32-stubs,1.20.0.post4
27,esp32,,1.20.0,2024-03-01,micropython-esp32-stubs,1.20.0.post5
2,esp32,,1.21.0,2024-03-01,micropython-esp32-stubs,1.21.0.post1
1,esp32,,1.21.0,2024-03-01,micropython-esp32-stubs,1.21.0.post2
1,esp32,,1.21.0,2024-03-01,micropython-esp32-stubs,1.21.0.post3
10,esp32,,1.21.0,2024-03-01,micropython-esp32-stubs,1.21.0.post4
1,esp32,,,2024-03-01,micropython-esp32-stubs,1.21.0a489
281,esp32,,1.22.0,2024-03-01,micropython-esp32-stubs,1.22.0.post1
41,esp32,,,2024-03-01,micropython-esp32-stubs,1.23.0a87
4,esp32,um-tinypico,1.19.1,2024-03-01,micropython-esp32-um-tinypico-stubs,1.19.1.post2
4,esp32,um-tinypico,1.19.1,2024-03-01,micropython-esp32-um-tinypico-stubs,1.19.1.post3
3,esp32,um-tinypico,1.19.1,2024-03-01,micropython-esp32-um-tinypico-stubs,1.19.1.post4
5,esp32,um-tinypico,1.19.1,2024-03-01,micropython-esp32-um-tinypico-stubs,1.19.1.post5
3,esp32,um-tinypico,1.19.1,2024-03-01,micropython-esp32-um-tinypico-stubs,1.19.1.post6
3,esp32,um-tinypico,1.19.1,2024-03-01,micropython-esp32-um-tinypico-stubs,1.19.1.post7
22,esp32,um-tinypico,1.19.1,2024-03-01,micropython-esp32-um-tinypico-stubs,1.19.1.post8
3,esp8266,,1.17,2024-03-01,micropython-esp8266-stubs,1.17.post1
1,esp8266,,1.17,2024-03-01,micropython-esp8266-stubs,1.17.post2
3,esp8266,,1.17,2024-03-01,micropython-esp8266-stubs,1.17.post3
5,esp8266,,1.18,2024-03-01,micropython-esp8266-stubs,1.18.post1
4,esp8266,,1.18,2024-03-01,micropython-esp8266-stubs,1.18.post2
2,esp8266,,1.18,2024-03-01,micropython-esp8266-stubs,1.18.post3
1,esp8266,,1.18,2024-03-01,micropython-esp8266-stubs,1.18.post4
5,esp8266,,1.19.1,2024-03-01,micropython-esp8266-stubs,1.19.1.post1
3,esp8266,,1.19.1,2024-03-01,micropython-esp8266-stubs,1.19.1.post10
3,esp8266,,1.19.1,2024-03-01,micropython-esp8266-stubs,1.19.1.post11
67,esp8266,,1.19.1,2024-03-01,micropython-esp8266-stubs,1.19.1.post12
5,esp8266,,1.19.1,2024-03-01,micropython-esp8266-stubs,1.19.1.post2
5,esp8266,,1.19.1,2024-03-01,micropython-esp8266-stubs,1.19.1.post3
4,esp8266,,1.19.1,2024-03-01,micropython-esp8266-stubs,1.19.1.post4
6,esp8266,,1.19.1,2024-03-01,micropython-esp8266-stubs,1.19.1.post5
3,esp8266,,1.19.1,2024-03-01,micropython-esp8266-stubs,1.19.1.post6
3,esp8266,,1.19.1,2024-03-01,micropython-esp8266-stubs,1.19.1.post7
3,esp8266,,1.19.1,2024-03-01,micropython-esp8266-stubs,1.19.1.post8
4,esp8266,,1.19.1,2024-03-01,micropython-esp8266-stubs,1.19.1.post9
7,rp2,arduino-nano-rp2040-connect,1.22.0,2024-03-01,micropython-rp2-arduino-nano-rp2040-connect-stubs,1.22.0.post1
5,rp2,arduino-nano-rp2040-connect,1.22.1,2024-03-01,micropython-rp2-arduino-nano-rp2040-connect-stubs,1.22.1.post1
14,rp2,arduino-nano-rp2040-connect,1.22.1,2024-03-01,micropython-rp2-arduino-nano-rp2040-connect-stubs,1.22.1.post2
5,rp2,pico,1.20.0,2024-03-01,micropython-rp2-pico-stubs,1.20.0.post1
6,rp2,pico,1.20.0,2024-03-01,micropython-rp2-pico-stubs,1.20.0.post2
6,rp2,pico,1.20.0,2024-03-01,micropython-rp2-pico-stubs,1.20.0.post3
3,rp2,pico,1.20.0,2024-03-01,micropython-rp2-pico-stubs,1.20.0.post4
142,rp2,pico,1.20.0,2024-03-01,micropython-rp2-pico-stubs,1.20.0.post5
6,rp2,pico-w,1.20.0,2024-03-01,micropython-rp2-pico-w-stubs,1.20.0.post1
6,rp2,pico-w,1.20.0,2024-03-01,micropython-rp2-pico-w-stubs,1.20.0.post2
5,rp2,pico-w,1.20.0,2024-03-01,micropython-rp2-pico-w-stubs,1.20.0.post3
2,rp2,pico-w,1.20.0,2024-03-01,micropython-rp2-pico-w-stubs,1.20.0.post4
116,rp2,pico-w,1.20.0,2024-03-01,micropython-rp2-pico-w-stubs,1.20.0.post5
7,rp2,pimoroni-picolipo-16mb,1.20.0,2024-03-01,micropython-rp2-pimoroni-picolipo-16mb-stubs,1.20.0.post1
2,rp2,pimoroni-picolipo-16mb,1.20.0,2024-03-01,micropython-rp2-pimoroni-picolipo-16mb-stubs,1.20.0.post2
2,rp2,pimoroni-picolipo-16mb,1.20.0,2024-03-01,micropython-rp2-pimoroni-picolipo-16mb-stubs,1.20.0.post3
12,rp2,pimoroni-picolipo-16mb,1.22.0,2024-03-01,micropython-rp2-pimoroni-picolipo-16mb-stubs,1.22.0.post1
11,rp2,rpi-pico,1.21.0,2024-03-01,micropython-rp2-rpi-pico-stubs,1.21.0.post1
5,rp2,rpi-pico,1.21.0,2024-03-01,micropython-rp2-rpi-pico-stubs,1.21.0.post3
1,rp2,rpi-pico,1.22.0,2024-03-01,micropython-rp2-rpi-pico-stubs,1.22.0.post1
7,rp2,rpi-pico,1.22.1,2024-03-01,micropython-rp2-rpi-pico-stubs,1.22.1.post1
54,rp2,rpi-pico,1.22.1,2024-03-01,micropython-rp2-rpi-pico-stubs,1.22.1.post2
9,rp2,rpi-pico-w,1.21.0,2024-03-01,micropython-rp2-rpi-pico-w-stubs,1.21.0.post1
23,rp2,rpi-pico-w,1.21.0,2024-03-01,micropython-rp2-rpi-pico-w-stubs,1.21.0.post3
1,rp2,rpi-pico-w,1.22.0,2024-03-01,micropython-rp2-rpi-pico-w-stubs,1.22.0.post1
13,rp2,rpi-pico-w,1.22.1,2024-03-01,micropython-rp2-rpi-pico-w-stubs,1.22.1.post1
141,rp2,rpi-pico-w,1.22.1,2024-03-01,micropython-rp2-rpi-pico-w-stubs,1.22.1.post2
11,rp2,,1.17,2024-03-01,micropython-rp2-stubs,1.17.post1
3,rp2,,1.17,2024-03-01,micropython-rp2-stubs,1.17.post2
3,rp2,,1.17,2024-03-01,micropython-rp2-stubs,1.17.post3
5,rp2,,1.18,2024-03-01,micropython-rp2-stubs,1.18.post1
3,rp2,,1.18,2024-03-01,micropython-rp2-stubs,1.18.post2
4,rp2,,1.18,2024-03-01,micropython-rp2-stubs,1.18.post3
3,rp2,,1.19.1,2024-03-01,micropython-rp2-stubs,1.19.1.post10
4,rp2,,1.19.1,2024-03-01,micropython-rp2-stubs,1.19.1.post11
3,rp2,,1.19.1,2024-03-01,micropython-rp2-stubs,1.19.1.post12
3,rp2,,1.19.1,2024-03-01,micropython-rp2-stubs,1.19.1.post13
4,rp2,,1.19.1,2024-03-01,micropython-rp2-stubs,1.19.1.post6
4,rp2,,1.19.1,2024-03-01,micropython-rp2-stubs,1.19.1.post7
3,rp2,,1.19.1,2024-03-01,micropython-rp2-stubs,1.19.1.post8
3,rp2,,1.19.1,2024-03-01,micropython-rp2-stubs,1.19.1.post9
5,rp2,,1.20.0,2024-03-01,micropython-rp2-stubs,1.20.0.post1
4,rp2,,1.20.0,2024-03-01,micropython-rp2-stubs,1.20.0.post2
4,rp2,,1.20.0,2024-03-01,micropython-rp2-stubs,1.20.0.post3
3,rp2,,1.20.0,2024-03-01,micropython-rp2-stubs,1.20.0.post5
1,rp2,,1.21.0,2024-03-01,micropython-rp2-stubs,1.21.0.post1
4,rp2,,1.21.0,2024-03-01,micropython-rp2-stubs,1.21.0.post2
1,rp2,,1.22.0,2024-03-01,micropython-rp2-stubs,1.22.0.post1
5,rp2,,1.22.1,2024-03-01,micropython-rp2-stubs,1.22.1.post1
63,rp2,,1.22.1,2024-03-01,micropython-rp2-stubs,1.22.1.post2
2,samd,adafruit-feather-m4-express,1.20.0,2024-03-01,micropython-samd-adafruit-feather-m4-express-stubs,1.20.0.post1
2,samd,adafruit-feather-m4-express,1.20.0,2024-03-01,micropython-samd-adafruit-feather-m4-express-stubs,1.20.0.post2
2,samd,adafruit-feather-m4-express,1.20.0,2024-03-01,micropython-samd-adafruit-feather-m4-express-stubs,1.20.0.post3
11,samd,adafruit-feather-m4-express,1.20.0,2024-03-01,micropython-samd-adafruit-feather-m4-express-stubs,1.20.0.post4
6,samd,adafruit-itsybitsy-m4-express,1.20.0,2024-03-01,micropython-samd-adafruit-itsybitsy-m4-express-stubs,1.20.0.post1
6,samd,adafruit-itsybitsy-m4-express,1.20.0,2024-03-01,micropython-samd-adafruit-itsybitsy-m4-express-stubs,1.20.0.post2
2,samd,adafruit-itsybitsy-m4-express,1.20.0,2024-03-01,micropython-samd-adafruit-itsybitsy-m4-express-stubs,1.20.0.post3
17,samd,adafruit-itsybitsy-m4-express,1.20.0,2024-03-01,micropython-samd-adafruit-itsybitsy-m4-express-stubs,1.20.0.post4
3,samd,minisam-m4,1.20.0,2024-03-01,micropython-samd-minisam-m4-stubs,1.20.0.post1
2,samd,minisam-m4,1.20.0,2024-03-01,micropython-samd-minisam-m4-stubs,1.20.0.post2
2,samd,minisam-m4,1.20.0,2024-03-01,micropython-samd-minisam-m4-stubs,1.20.0.post3
6,samd,minisam-m4,1.20.0,2024-03-01,micropython-samd-minisam-m4-stubs,1.20.0.post4
7,samd,seeed-wio-terminal,1.20.0,2024-03-01,micropython-samd-seeed-wio-terminal-stubs,1.20.0.post1
1,samd,seeed-wio-terminal,1.20.0,2024-03-01,micropython-samd-seeed-wio-terminal-stubs,1.20.0.post2
2,samd,seeed-wio-terminal,1.20.0,2024-03-01,micropython-samd-seeed-wio-terminal-stubs,1.20.0.post3
1,samd,seeed-wio-terminal,1.20.0,2024-03-01,micropython-samd-seeed-wio-terminal-stubs,1.20.0.post4
2,samd,seeed-wio-terminal,1.20.0,2024-03-01,micropython-samd-seeed-wio-terminal-stubs,1.20.0.post5
1,samd,seeed-wio-terminal,1.21.0,2024-03-01,micropython-samd-seeed-wio-terminal-stubs,1.21.0.post1
2,samd,seeed-wio-terminal,1.21.0,2024-03-01,micropython-samd-seeed-wio-terminal-stubs,1.21.0.post3
1,samd,seeed-wio-terminal,1.22.0,2024-03-01,micropython-samd-seeed-wio-terminal-stubs,1.22.0.post1
13,samd,seeed-wio-terminal,1.22.1,2024-03-01,micropython-samd-seeed-wio-terminal-stubs,1.22.1.post1
7,samd,,1.20.0,2024-03-01,micropython-samd-stubs,1.20.0.post1
2,samd,,1.20.0,2024-03-01,micropython-samd-stubs,1.20.0.post2
2,samd,,1.21.0,2024-03-01,micropython-samd-stubs,1.21.0.post2
1,samd,,1.22.0,2024-03-01,micropython-samd-stubs,1.22.0.post1
6,samd,,1.22.1,2024-03-01,micropython-samd-stubs,1.22.1.post1
5,samd,,,2024-03-01,micropython-samd-stubs,1.23.0a87
15,stdlib,,,2024-03-01,micropython-stdlib-stubs,0.9.0
3,stdlib,,,2024-03-01,micropython-stdlib-stubs,1.0.0
3,stdlib,,,2024-03-01,micropython-stdlib-stubs,1.0.0rc2
1,stdlib,,,2024-03-01,micropython-stdlib-stubs,1.0.1a0
2,stdlib,,,2024-03-01,micropython-stdlib-stubs,1.0.1a1
2,stdlib,,,2024-03-01,micropython-stdlib-stubs,1.0.1a2
2,stdlib,,,2024-03-01,micropython-stdlib-stubs,1.1.0
3,stdlib,,,2024-03-01,micropython-stdlib-stubs,1.1.1
2,stdlib,,,2024-03-01,micropython-stdlib-stubs,1.1.1a2
1216,stdlib,,,2024-03-01,micropython-stdlib-stubs,1.1.2
3,stdlib,,,2024-03-01,micropython-stdlib-stubs,1.1.2a0
7,stm32,pybv11,1.20.0,2024-03-01,micropython-stm32-pybv11-stubs,1.20.0.post1
1,stm32,pybv11,1.20.0,2024-03-01,micropython-stm32-pybv11-stubs,1.20.0.post2
1,stm32,pybv11,1.20.0,2024-03-01,micropython-stm32-pybv11-stubs,1.20.0.post3
1,stm32,pybv11,1.20.0,2024-03-01,micropython-stm32-pybv11-stubs,1.20.0.post4
3,stm32,pybv11,1.20.0,2024-03-01,micropython-stm32-pybv11-stubs,1.20.0.post6
1,stm32,pybv11,1.21.0,2024-03-01,micropython-stm32-pybv11-stubs,1.21.0.post1
2,stm32,pybv11,1.21.0,2024-03-01,micropython-stm32-pybv11-stubs,1.21.0.post3
4,stm32,pybv11,1.22.0,2024-03-01,micropython-stm32-pybv11-stubs,1.22.0.post1
7,stm32,pybv11,1.22.0,2024-03-01,micropython-stm32-pybv11-stubs,1.22.0.post2
10,stm32,,1.17,2024-03-01,micropython-stm32-stubs,1.17.post1
3,stm32,,1.17,2024-03-01,micropython-stm32-stubs,1.17.post2
7,stm32,,1.17,2024-03-01,micropython-stm32-stubs,1.17.post3
4,stm32,,1.18,2024-03-01,micropython-stm32-stubs,1.18.post1
4,stm32,,1.18,2024-03-01,micropython-stm32-stubs,1.18.post2
4,stm32,,1.18,2024-03-01,micropython-stm32-stubs,1.18.post3
3,stm32,,1.18,2024-03-01,micropython-stm32-stubs,1.18.post4
4,stm32,,1.19.1,2024-03-01,micropython-stm32-stubs,1.19.1.post1
3,stm32,,1.19.1,2024-03-01,micropython-stm32-stubs,1.19.1.post10
4,stm32,,1.19.1,2024-03-01,micropython-stm32-stubs,1.19.1.post11
7,stm32,,1.19.1,2024-03-01,micropython-stm32-stubs,1.19.1.post12
6,stm32,,1.19.1,2024-03-01,micropython-stm32-stubs,1.19.1.post2
4,stm32,,1.19.1,2024-03-01,micropython-stm32-stubs,1.19.1.post3
3,stm32,,1.19.1,2024-03-01,micropython-stm32-stubs,1.19.1.post4
3,stm32,,1.19.1,2024-03-01,micropython-stm32-stubs,1.19.1.post5
3,stm32,,1.19.1,2024-03-01,micropython-stm32-stubs,1.19.1.post6
3,stm32,,1.19.1,2024-03-01,micropython-stm32-stubs,1.19.1.post7
3,stm32,,1.19.1,2024-03-01,micropython-stm32-stubs,1.19.1.post8
4,stm32,,1.19.1,2024-03-01,micropython-stm32-stubs,1.19.1.post9
3,stm32,,1.20.0,2024-03-01,micropython-stm32-stubs,1.20.0.post1
3,stm32,,1.20.0,2024-03-01,micropython-stm32-stubs,1.20.0.post2
3,stm32,,1.20.0,2024-03-01,micropython-stm32-stubs,1.20.0.post3
5,stm32,,1.20.0,2024-03-01,micropython-stm32-stubs,1.20.0.post5
3,stm32,,1.21.0,2024-03-01,micropython-stm32-stubs,1.21.0.post2
204,stm32,,1.22.0,2024-03-01,micropython-stm32-stubs,1.22.0.post1
7,unix,,1.20.0,2024-03-01,micropython-unix-stubs,1.20.0.post1
26,unix,,1.21.0,2024-03-01,micropython-unix-stubs,1.21.0.post1
8,webassembly,,1.21.0,2024-03-01,micropython-webassembly-stubs,1.21.0.post1
7,webassembly,,1.21.0,2024-03-01,micropython-webassembly-stubs,1.21.0.post2
6,windows,,1.20.0,2024-03-01,micropython-windows-stubs,1.20.0.post1
14,windows,,1.21.0,2024-03-01,micropython-windows-stubs,1.21.0.post1
48,esp32,esp32-generic-s3,1.22.0,2024-04-01,micropython-esp32-esp32-generic-s3-stubs,1.22.0.post1
5,esp32,esp32-generic,1.21.0,2024-04-01,micropython-esp32-esp32-generic-stubs,1.21.0.post1
34,esp32,esp32-generic,1.21.0,2024-04-01,micropython-esp32-esp32-generic-stubs,1.21.0.post2
69,esp32,esp32-generic,1.22.0,2024-04-01,micropython-esp32-esp32-generic-stubs,1.22.0.post1
5,esp32,generic-ota,1.20.0,2024-04-01,micropython-esp32-generic-ota-stubs,1.20.0.post1
18,esp32,generic-ota,1.20.0,2024-04-01,micropython-esp32-generic-ota-stubs,1.20.0.post2
6,esp32,generic-s3,1.19.1,2024-04-01,micropython-esp32-generic-s3-stubs,1.19.1.post1
6,esp32,generic-s3,1.20.0,2024-04-01,micropython-esp32-generic-s3-stubs,1.20.0.post1
21,esp32,generic-s3,1.20.0,2024-04-01,micropython-esp32-generic-s3-stubs,1.20.0.post2
16,esp32,generic-spiram,1.19.1,2024-04-01,micropython-esp32-generic-spiram-stubs,1.19.1.post1
9,esp32,ota,1.20.0,2024-04-01,micropython-esp32-ota-stubs,1.20.0.post1
14,esp32,ota,1.20.0,2024-04-01,micropython-esp32-ota-stubs,1.20.0.post2
13,esp32,s3,1.19.1,2024-04-01,micropython-esp32-s3-stubs,1.19.1.post1
34,esp32,s3,1.20.0,2024-04-01,micropython-esp32-s3-stubs,1.20.0.post1
6,esp32,,1.17,2024-04-01,micropython-esp32-stubs,1.17.post1
7,esp32,,1.17,2024-04-01,micropython-esp32-stubs,1.17.post2
7,esp32,,1.17,2024-04-01,micropython-esp32-stubs,1.17.post3
6,esp32,,1.18,2024-04-01,micropython-esp32-stubs,1.18.post1
6,esp32,,1.18,2024-04-01,micropython-esp32-stubs,1.18.post2
7,esp32,,1.18,2024-04-01,micropython-esp32-stubs,1.18.post3
7,esp32,,1.19.1,2024-04-01,micropython-esp32-stubs,1.19.1.post10
19,esp32,,1.19.1,2024-04-01,micropython-esp32-stubs,1.19.1.post11
8,esp32,,1.19.1,2024-04-01,micropython-esp32-stubs,1.19.1.post12
6,esp32,,1.19.1,2024-04-01,micropython-esp32-stubs,1.19.1.post13
6,esp32,,1.19.1,2024-04-01,micropython-esp32-stubs,1.19.1.post14
34,esp32,,1.19.1,2024-04-01,micropython-esp32-stubs,1.19.1.post15
6,esp32,,1.19.1,2024-04-01,micropython-esp32-stubs,1.19.1.post2
7,esp32,,1.19.1,2024-04-01,micropython-esp32-stubs,1.19.1.post3
6,esp32,,1.19.1,2024-04-01,micropython-esp32-stubs,1.19.1.post4
6,esp32,,1.19.1,2024-04-01,micropython-esp32-stubs,1.19.1.post5
7,esp32,,1.19.1,2024-04-01,micropython-esp32-stubs,1.19.1.post6
6,esp32,,1.19.1,2024-04-01,micropython-esp32-stubs,1.19.1.post7
7,esp32,,1.19.1,2024-04-01,micropython-esp32-stubs,1.19.1.post8
9,esp32,,1.19.1,2024-04-01,micropython-esp32-stubs,1.19.1.post9
6,esp32,,1.20.0,2024-04-01,micropython-esp32-stubs,1.20.0.post1
38,esp32,,1.20.0,2024-04-01,micropython-esp32-stubs,1.20.0.post2
6,esp32,,1.20.0,2024-04-01,micropython-esp32-stubs,1.20.0.post3
5,esp32,,1.20.0,2024-04-01,micropython-esp32-stubs,1.20.0.post4
24,esp32,,1.20.0,2024-04-01,micropython-esp32-stubs,1.20.0.post5
8,esp32,,1.21.0,2024-04-01,micropython-esp32-stubs,1.21.0.post1
6,esp32,,1.21.0,2024-04-01,micropython-esp32-stubs,1.21.0.post2
5,esp32,,1.21.0,2024-04-01,micropython-esp32-stubs,1.21.0.post3
15,esp32,,1.21.0,2024-04-01,micropython-esp32-stubs,1.21.0.post4
10,esp32,,,2024-04-01,micropython-esp32-stubs,1.21.0a489
279,esp32,,1.22.0,2024-04-01,micropython-esp32-stubs,1.22.0.post1
31,esp32,,,2024-04-01,micropython-esp32-stubs,1.23.0a87
7,esp32,um-tinypico,1.19.1,2024-04-01,micropython-esp32-um-tinypico-stubs,1.19.1.post2
6,esp32,um-tinypico,1.19.1,2024-04-01,micropython-esp32-um-tinypico-stubs,1.19.1.post3
6,esp32,um-tinypico,1.19.1,2024-04-01,micropython-esp32-um-tinypico-stubs,1.19.1.post4
7,esp32,um-tinypico,1.19.1,2024-04-01,micropython-esp32-um-tinypico-stubs,1.19.1.post5
7,esp32,um-tinypico,1.19.1,2024-04-01,micropython-esp32-um-tinypico-stubs,1.19.1.post6
6,esp32,um-tinypico,1.19.1,2024-04-01,micropython-esp32-um-tinypico-stubs,1.19.1.post7
10,esp32,um-tinypico,1.19.1,2024-04-01,micropython-esp32-um-tinypico-stubs,1.19.1.post8
9,esp8266,,1.17,2024-04-01,micropython-esp8266-stubs,1.17.post1
7,esp8266,,1.17,2024-04-01,micropython-esp8266-stubs,1.17.post2
7,esp8266,,1.17,2024-04-01,micropython-esp8266-stubs,1.17.post3
6,esp8266,,1.18,2024-04-01,micropython-esp8266-stubs,1.18.post1
6,esp8266,,1.18,2024-04-01,micropython-esp8266-stubs,1.18.post2
8,esp8266,,1.18,2024-04-01,micropython-esp8266-stubs,1.18.post3
7,esp8266,,1.18,2024-04-01,micropython-esp8266-stubs,1.18.post4
8,esp8266,,1.19.1,2024-04-01,micropython-esp8266-stubs,1.19.1.post1
7,esp8266,,1.19.1,2024-04-01,micropython-esp8266-stubs,1.19.1.post10
7,esp8266,,1.19.1,2024-04-01,micropython-esp8266-stubs,1.19.1.post11
46,esp8266,,1.19.1,2024-04-01,micropython-esp8266-stubs,1.19.1.post12
6,esp8266,,1.19.1,2024-04-01,micropython-esp8266-stubs,1.19.1.post2
7,esp8266,,1.19.1,2024-04-01,micropython-esp8266-stubs,1.19.1.post3
7,esp8266,,1.19.1,2024-04-01,micropython-esp8266-stubs,1.19.1.post4
6,esp8266,,1.19.1,2024-04-01,micropython-esp8266-stubs,1.19.1.post5
6,esp8266,,1.19.1,2024-04-01,micropython-esp8266-stubs,1.19.1.post6
7,esp8266,,1.19.1,2024-04-01,micropython-esp8266-stubs,1.19.1.post7
7,esp8266,,1.19.1,2024-04-01,micropython-esp8266-stubs,1.19.1.post8
7,esp8266,,1.19.1,2024-04-01,micropython-esp8266-stubs,1.19.1.post9
6,rp2,arduino-nano-rp2040-connect,1.22.0,2024-04-01,micropython-rp2-arduino-nano-rp2040-connect-stubs,1.22.0.post1
5,rp2,arduino-nano-rp2040-connect,1.22.1,2024-04-01,micropython-rp2-arduino-nano-rp2040-connect-stubs,1.22.1.post1
19,rp2,arduino-nano-rp2040-connect,1.22.1,2024-04-01,micropython-rp2-arduino-nano-rp2040-connect-stubs,1.22.1.post2
6,rp2,pico,1.20.0,2024-04-01,micropython-rp2-pico-stubs,1.20.0.post1
7,rp2,pico,1.20.0,2024-04-01,micropython-rp2-pico-stubs,1.20.0.post2
6,rp2,pico,1.20.0,2024-04-01,micropython-rp2-pico-stubs,1.20.0.post3
5,rp2,pico,1.20.0,2024-04-01,micropython-rp2-pico-stubs,1.20.0.post4
146,rp2,pico,1.20.0,2024-04-01,micropython-rp2-pico-stubs,1.20.0.post5
8,rp2,pico-w,1.20.0,2024-04-01,micropython-rp2-pico-w-stubs,1.20.0.post1
8,rp2,pico-w,1.20.0,2024-04-01,micropython-rp2-pico-w-stubs,1.20.0.post2
8,rp2,pico-w,1.20.0,2024-04-01,micropython-rp2-pico-w-stubs,1.20.0.post3
6,rp2,pico-w,1.20.0,2024-04-01,micropython-rp2-pico-w-stubs,1.20.0.post4
103,rp2,pico-w,1.20.0,2024-04-01,micropython-rp2-pico-w-stubs,1.20.0.post5
9,rp2,pimoroni-picolipo-16mb,1.20.0,2024-04-01,micropython-rp2-pimoroni-picolipo-16mb-stubs,1.20.0.post1
8,rp2,pimoroni-picolipo-16mb,1.20.0,2024-04-01,micropython-rp2-pimoroni-picolipo-16mb-stubs,1.20.0.post2
9,rp2,pimoroni-picolipo-16mb,1.20.0,2024-04-01,micropython-rp2-pimoroni-picolipo-16mb-stubs,1.20.0.post3
14,rp2,pimoroni-picolipo-16mb,1.22.0,2024-04-01,micropython-rp2-pimoroni-picolipo-16mb-stubs,1.22.0.post1
6,rp2,rpi-pico,1.21.0,2024-04-01,micropython-rp2-rpi-pico-stubs,1.21.0.post1
5,rp2,rpi-pico,1.21.0,2024-04-01,micropython-rp2-rpi-pico-stubs,1.21.0.post2
5,rp2,rpi-pico,1.21.0,2024-04-01,micropython-rp2-rpi-pico-stubs,1.21.0.post3
9,rp2,rpi-pico,1.22.0,2024-04-01,micropython-rp2-rpi-pico-stubs,1.22.0.post1
7,rp2,rpi-pico,1.22.1,2024-04-01,micropython-rp2-rpi-pico-stubs,1.22.1.post1
31,rp2,rpi-pico,1.22.1,2024-04-01,micropython-rp2-rpi-pico-stubs,1.22.1.post2
8,rp2,rpi-pico-w,1.21.0,2024-04-01,micropython-rp2-rpi-pico-w-stubs,1.21.0.post1
5,rp2,rpi-pico-w,1.21.0,2024-04-01,micropython-rp2-rpi-pico-w-stubs,1.21.0.post2
15,rp2,rpi-pico-w,1.21.0,2024-04-01,micropython-rp2-rpi-pico-w-stubs,1.21.0.post3
7,rp2,rpi-pico-w,1.22.0,2024-04-01,micropython-rp2-rpi-pico-w-stubs,1.22.0.post1
11,rp2,rpi-pico-w,1.22.1,2024-04-01,micropython-rp2-rpi-pico-w-stubs,1.22.1.post1
129,rp2,rpi-pico-w,1.22.1,2024-04-01,micropython-rp2-rpi-pico-w-stubs,1.22.1.post2
6,rp2,,1.17,2024-04-01,micropython-rp2-stubs,1.17.post1
7,rp2,,1.17,2024-04-01,micropython-rp2-stubs,1.17.post2
7,rp2,,1.17,2024-04-01,micropython-rp2-stubs,1.17.post3
6,rp2,,1.18,2024-04-01,micropython-rp2-stubs,1.18.post1
7,rp2,,1.18,2024-04-01,micropython-rp2-stubs,1.18.post2
7,rp2,,1.18,2024-04-01,micropython-rp2-stubs,1.18.post3
8,rp2,,1.19.1,2024-04-01,micropython-rp2-stubs,1.19.1.post10
7,rp2,,1.19.1,2024-04-01,micropython-rp2-stubs,1.19.1.post11
6,rp2,,1.19.1,2024-04-01,micropython-rp2-stubs,1.19.1.post12
7,rp2,,1.19.1,2024-04-01,micropython-rp2-stubs,1.19.1.post13
5,rp2,,1.19.1,2024-04-01,micropython-rp2-stubs,1.19.1.post14
6,rp2,,1.19.1,2024-04-01,micropython-rp2-stubs,1.19.1.post6
7,rp2,,1.19.1,2024-04-01,micropython-rp2-stubs,1.19.1.post7
6,rp2,,1.19.1,2024-04-01,micropython-rp2-stubs,1.19.1.post8
9,rp2,,1.19.1,2024-04-01,micropython-rp2-stubs,1.19.1.post9
7,rp2,,1.20.0,2024-04-01,micropython-rp2-stubs,1.20.0.post1
6,rp2,,1.20.0,2024-04-01,micropython-rp2-stubs,1.20.0.post2
6,rp2,,1.20.0,2024-04-01,micropython-rp2-stubs,1.20.0.post3
5,rp2,,1.20.0,2024-04-01,micropython-rp2-stubs,1.20.0.post4
7,rp2,,1.20.0,2024-04-01,micropython-rp2-stubs,1.20.0.post5
7,rp2,,1.21.0,2024-04-01,micropython-rp2-stubs,1.21.0.post1
8,rp2,,1.21.0,2024-04-01,micropython-rp2-stubs,1.21.0.post2
6,rp2,,1.22.0,2024-04-01,micropython-rp2-stubs,1.22.0.post1
5,rp2,,1.22.1,2024-04-01,micropython-rp2-stubs,1.22.1.post1
60,rp2,,1.22.1,2024-04-01,micropython-rp2-stubs,1.22.1.post2
8,samd,adafruit-feather-m4-express,1.20.0,2024-04-01,micropython-samd-adafruit-feather-m4-express-stubs,1.20.0.post1
8,samd,adafruit-feather-m4-express,1.20.0,2024-04-01,micropython-samd-adafruit-feather-m4-express-stubs,1.20.0.post2
5,samd,adafruit-feather-m4-express,1.20.0,2024-04-01,micropython-samd-adafruit-feather-m4-express-stubs,1.20.0.post3
8,samd,adafruit-feather-m4-express,1.20.0,2024-04-01,micropython-samd-adafruit-feather-m4-express-stubs,1.20.0.post4
6,samd,adafruit-itsybitsy-m4-express,1.20.0,2024-04-01,micropython-samd-adafruit-itsybitsy-m4-express-stubs,1.20.0.post1
6,samd,adafruit-itsybitsy-m4-express,1.20.0,2024-04-01,micropython-samd-adafruit-itsybitsy-m4-express-stubs,1.20.0.post2
5,samd,adafruit-itsybitsy-m4-express,1.20.0,2024-04-01,micropython-samd-adafruit-itsybitsy-m4-express-stubs,1.20.0.post3
9,samd,adafruit-itsybitsy-m4-express,1.20.0,2024-04-01,micropython-samd-adafruit-itsybitsy-m4-express-stubs,1.20.0.post4
6,samd,minisam-m4,1.20.0,2024-04-01,micropython-samd-minisam-m4-stubs,1.20.0.post1
6,samd,minisam-m4,1.20.0,2024-04-01,micropython-samd-minisam-m4-stubs,1.20.0.post2
5,samd,minisam-m4,1.20.0,2024-04-01,micropython-samd-minisam-m4-stubs,1.20.0.post3
10,samd,minisam-m4,1.20.0,2024-04-01,micropython-samd-minisam-m4-stubs,1.20.0.post4
6,samd,seeed-wio-terminal,1.20.0,2024-04-01,micropython-samd-seeed-wio-terminal-stubs,1.20.0.post1
6,samd,seeed-wio-terminal,1.20.0,2024-04-01,micropython-samd-seeed-wio-terminal-stubs,1.20.0.post2
7,samd,seeed-wio-terminal,1.20.0,2024-04-01,micropython-samd-seeed-wio-terminal-stubs,1.20.0.post3
5,samd,seeed-wio-terminal,1.20.0,2024-04-01,micropython-samd-seeed-wio-terminal-stubs,1.20.0.post4
5,samd,seeed-wio-terminal,1.20.0,2024-04-01,micropython-samd-seeed-wio-terminal-stubs,1.20.0.post5
6,samd,seeed-wio-terminal,1.21.0,2024-04-01,micropython-samd-seeed-wio-terminal-stubs,1.21.0.post1
5,samd,seeed-wio-terminal,1.21.0,2024-04-01,micropython-samd-seeed-wio-terminal-stubs,1.21.0.post2
5,samd,seeed-wio-terminal,1.21.0,2024-04-01,micropython-samd-seeed-wio-terminal-stubs,1.21.0.post3
5,samd,seeed-wio-terminal,1.22.0,2024-04-01,micropython-samd-seeed-wio-terminal-stubs,1.22.0.post1
9,samd,seeed-wio-terminal,1.22.1,2024-04-01,micropython-samd-seeed-wio-terminal-stubs,1.22.1.post1
5,samd,,1.20.0,2024-04-01,micropython-samd-stubs,1.20.0.post1
5,samd,,1.20.0,2024-04-01,micropython-samd-stubs,1.20.0.post2
5,samd,,1.21.0,2024-04-01,micropython-samd-stubs,1.21.0.post1
5,samd,,1.21.0,2024-04-01,micropython-samd-stubs,1.21.0.post2
5,samd,,1.22.0,2024-04-01,micropython-samd-stubs,1.22.0.post1
12,samd,,1.22.1,2024-04-01,micropython-samd-stubs,1.22.1.post1
7,samd,,,2024-04-01,micropython-samd-stubs,1.23.0a87
23,stdlib,,,2024-04-01,micropython-stdlib-stubs,0.9.0
6,stdlib,,,2024-04-01,micropython-stdlib-stubs,1.0.0
7,stdlib,,,2024-04-01,micropython-stdlib-stubs,1.0.0rc2
6,stdlib,,,2024-04-01,micropython-stdlib-stubs,1.0.1a0
6,stdlib,,,2024-04-01,micropython-stdlib-stubs,1.0.1a1
5,stdlib,,,2024-04-01,micropython-stdlib-stubs,1.0.1a2
7,stdlib,,,2024-04-01,micropython-stdlib-stubs,1.1.0
6,stdlib,,,2024-04-01,micropython-stdlib-stubs,1.1.1
8,stdlib,,,2024-04-01,micropython-stdlib-stubs,1.1.1a2
1136,stdlib,,,2024-04-01,micropython-stdlib-stubs,1.1.2
5,stdlib,,,2024-04-01,micropython-stdlib-stubs,1.1.2a0
6,stm32,pybv11,1.20.0,2024-04-01,micropython-stm32-pybv11-stubs,1.20.0.post1
6,stm32,pybv11,1.20.0,2024-04-01,micropython-stm32-pybv11-stubs,1.20.0.post2
6,stm32,pybv11,1.20.0,2024-04-01,micropython-stm32-pybv11-stubs,1.20.0.post3
6,stm32,pybv11,1.20.0,2024-04-01,micropython-stm32-pybv11-stubs,1.20.0.post4
5,stm32,pybv11,1.20.0,2024-04-01,micropython-stm32-pybv11-stubs,1.20.0.post5
5,stm32,pybv11,1.20.0,2024-04-01,micropython-stm32-pybv11-stubs,1.20.0.post6
6,stm32,pybv11,1.21.0,2024-04-01,micropython-stm32-pybv11-stubs,1.21.0.post1
5,stm32,pybv11,1.21.0,2024-04-01,micropython-stm32-pybv11-stubs,1.21.0.post2
5,stm32,pybv11,1.21.0,2024-04-01,micropython-stm32-pybv11-stubs,1.21.0.post3
5,stm32,pybv11,1.22.0,2024-04-01,micropython-stm32-pybv11-stubs,1.22.0.post1
14,stm32,pybv11,1.22.0,2024-04-01,micropython-stm32-pybv11-stubs,1.22.0.post2
7,stm32,,1.17,2024-04-01,micropython-stm32-stubs,1.17.post1
7,stm32,,1.17,2024-04-01,micropython-stm32-stubs,1.17.post2
9,stm32,,1.17,2024-04-01,micropython-stm32-stubs,1.17.post3
7,stm32,,1.18,2024-04-01,micropython-stm32-stubs,1.18.post1
6,stm32,,1.18,2024-04-01,micropython-stm32-stubs,1.18.post2
6,stm32,,1.18,2024-04-01,micropython-stm32-stubs,1.18.post3
7,stm32,,1.18,2024-04-01,micropython-stm32-stubs,1.18.post4
6,stm32,,1.19.1,2024-04-01,micropython-stm32-stubs,1.19.1.post1
6,stm32,,1.19.1,2024-04-01,micropython-stm32-stubs,1.19.1.post10
6,stm32,,1.19.1,2024-04-01,micropython-stm32-stubs,1.19.1.post11
11,stm32,,1.19.1,2024-04-01,micropython-stm32-stubs,1.19.1.post12
6,stm32,,1.19.1,2024-04-01,micropython-stm32-stubs,1.19.1.post2
6,stm32,,1.19.1,2024-04-01,micropython-stm32-stubs,1.19.1.post3
6,stm32,,1.19.1,2024-04-01,micropython-stm32-stubs,1.19.1.post4
6,stm32,,1.19.1,2024-04-01,micropython-stm32-stubs,1.19.1.post5
6,stm32,,1.19.1,2024-04-01,micropython-stm32-stubs,1.19.1.post6
8,stm32,,1.19.1,2024-04-01,micropython-stm32-stubs,1.19.1.post7
8,stm32,,1.19.1,2024-04-01,micropython-stm32-stubs,1.19.1.post8
8,stm32,,1.19.1,2024-04-01,micropython-stm32-stubs,1.19.1.post9
6,stm32,,1.20.0,2024-04-01,micropython-stm32-stubs,1.20.0.post1
6,stm32,,1.20.0,2024-04-01,micropython-stm32-stubs,1.20.0.post2
6,stm32,,1.20.0,2024-04-01,micropython-stm32-stubs,1.20.0.post3
5,stm32,,1.20.0,2024-04-01,micropython-stm32-stubs,1.20.0.post4
5,stm32,,1.20.0,2024-04-01,micropython-stm32-stubs,1.20.0.post5
5,stm32,,1.21.0,2024-04-01,micropython-stm32-stubs,1.21.0.post1
7,stm32,,1.21.0,2024-04-01,micropython-stm32-stubs,1.21.0.post2
150,stm32,,1.22.0,2024-04-01,micropython-stm32-stubs,1.22.0.post1
5,unix,,1.20.0,2024-04-01,micropython-unix-stubs,1.20.0.post1
19,unix,,1.21.0,2024-04-01,micropython-unix-stubs,1.21.0.post1
5,webassembly,,1.21.0,2024-04-01,micropython-webassembly-stubs,1.21.0.post1
11,webassembly,,1.21.0,2024-04-01,micropython-webassembly-stubs,1.21.0.post2
6,windows,,1.20.0,2024-04-01,micropython-windows-stubs,1.20.0.post1
9,windows,,1.21.0,2024-04-01,micropython-windows-stubs,1.21.0.post1
49,esp32,esp32-generic-s3,1.22.0,2024-05-01,micropython-esp32-esp32-generic-s3-stubs,1.22.0.post1
3,esp32,esp32-generic,1.21.0,2024-05-01,micropython-esp32-esp32-generic-stubs,1.21.0.post1
17,esp32,esp32-generic,1.21.0,2024-05-01,micropython-esp32-esp32-generic-stubs,1.21.0.post2
50,esp32,esp32-generic,1.22.0,2024-05-01,micropython-esp32-esp32-generic-stubs,1.22.0.post1
3,esp32,generic-ota,1.20.0,2024-05-01,micropython-esp32-generic-ota-stubs,1.20.0.post1
17,esp32,generic-ota,1.20.0,2024-05-01,micropython-esp32-generic-ota-stubs,1.20.0.post2
4,esp32,generic-s3,1.19.1,2024-05-01,micropython-esp32-generic-s3-stubs,1.19.1.post1
3,esp32,generic-s3,1.20.0,2024-05-01,micropython-esp32-generic-s3-stubs,1.20.0.post1
26,esp32,generic-s3,1.20.0,2024-05-01,micropython-esp32-generic-s3-stubs,1.20.0.post2
19,esp32,generic-spiram,1.19.1,2024-05-01,micropython-esp32-generic-spiram-stubs,1.19.1.post1
4,esp32,ota,1.20.0,2024-05-01,micropython-esp32-ota-stubs,1.20.0.post1
19,esp32,ota,1.20.0,2024-05-01,micropython-esp32-ota-stubs,1.20.0.post2
5,esp32,s3,1.19.1,2024-05-01,micropython-esp32-s3-stubs,1.19.1.post1
30,esp32,s3,1.20.0,2024-05-01,micropython-esp32-s3-stubs,1.20.0.post1
7,esp32,,1.17,2024-05-01,micropython-esp32-stubs,1.17.post1
5,esp32,,1.17,2024-05-01,micropython-esp32-stubs,1.17.post2
6,esp32,,1.17,2024-05-01,micropython-esp32-stubs,1.17.post3
3,esp32,,1.18,2024-05-01,micropython-esp32-stubs,1.18.post1
3,esp32,,1.18,2024-05-01,micropython-esp32-stubs,1.18.post2
10,esp32,,1.18,2024-05-01,micropython-esp32-stubs,1.18.post3
7,esp32,,1.19.1,2024-05-01,micropython-esp32-stubs,1.19.1.post10
21,esp32,,1.19.1,2024-05-01,micropython-esp32-stubs,1.19.1.post11
5,esp32,,1.19.1,2024-05-01,micropython-esp32-stubs,1.19.1.post12
6,esp32,,1.19.1,2024-05-01,micropython-esp32-stubs,1.19.1.post13
5,esp32,,1.19.1,2024-05-01,micropython-esp32-stubs,1.19.1.post14
22,esp32,,1.19.1,2024-05-01,micropython-esp32-stubs,1.19.1.post15
3,esp32,,1.19.1,2024-05-01,micropython-esp32-stubs,1.19.1.post2
4,esp32,,1.19.1,2024-05-01,micropython-esp32-stubs,1.19.1.post3
3,esp32,,1.19.1,2024-05-01,micropython-esp32-stubs,1.19.1.post4
4,esp32,,1.19.1,2024-05-01,micropython-esp32-stubs,1.19.1.post5
4,esp32,,1.19.1,2024-05-01,micropython-esp32-stubs,1.19.1.post6
6,esp32,,1.19.1,2024-05-01,micropython-esp32-stubs,1.19.1.post7
6,esp32,,1.19.1,2024-05-01,micropython-esp32-stubs,1.19.1.post8
6,esp32,,1.19.1,2024-05-01,micropython-esp32-stubs,1.19.1.post9
12,esp32,,1.20.0,2024-05-01,micropython-esp32-stubs,1.20.0.post1
9,esp32,,1.20.0,2024-05-01,micropython-esp32-stubs,1.20.0.post2
6,esp32,,1.20.0,2024-05-01,micropython-esp32-stubs,1.20.0.post3
2,esp32,,1.20.0,2024-05-01,micropython-esp32-stubs,1.20.0.post4
28,esp32,,1.20.0,2024-05-01,micropython-esp32-stubs,1.20.0.post5
8,esp32,,1.21.0,2024-05-01,micropython-esp32-stubs,1.21.0.post1
8,esp32,,1.21.0,2024-05-01,micropython-esp32-stubs,1.21.0.post2
1,esp32,,1.21.0,2024-05-01,micropython-esp32-stubs,1.21.0.post3
9,esp32,,1.21.0,2024-05-01,micropython-esp32-stubs,1.21.0.post4
6,esp32,,,2024-05-01,micropython-esp32-stubs,1.21.0a489
253,esp32,,1.22.0,2024-05-01,micropython-esp32-stubs,1.22.0.post1
28,esp32,,,2024-05-01,micropython-esp32-stubs,1.23.0a87
4,esp32,um-tinypico,1.19.1,2024-05-01,micropython-esp32-um-tinypico-stubs,1.19.1.post2
5,esp32,um-tinypico,1.19.1,2024-05-01,micropython-esp32-um-tinypico-stubs,1.19.1.post3
6,esp32,um-tinypico,1.19.1,2024-05-01,micropython-esp32-um-tinypico-stubs,1.19.1.post4
7,esp32,um-tinypico,1.19.1,2024-05-01,micropython-esp32-um-tinypico-stubs,1.19.1.post5
9,esp32,um-tinypico,1.19.1,2024-05-01,micropython-esp32-um-tinypico-stubs,1.19.1.post6
5,esp32,um-tinypico,1.19.1,2024-05-01,micropython-esp32-um-tinypico-stubs,1.19.1.post7
22,esp32,um-tinypico,1.19.1,2024-05-01,micropython-esp32-um-tinypico-stubs,1.19.1.post8
1,esp8266,,1.17,2024-05-01,micropython-esp8266-stubs,1.17.post1
5,esp8266,,1.17,2024-05-01,micropython-esp8266-stubs,1.17.post2
3,esp8266,,1.17,2024-05-01,micropython-esp8266-stubs,1.17.post3
1,esp8266,,1.18,2024-05-01,micropython-esp8266-stubs,1.18.post1
2,esp8266,,1.18,2024-05-01,micropython-esp8266-stubs,1.18.post2
2,esp8266,,1.18,2024-05-01,micropython-esp8266-stubs,1.18.post3
5,esp8266,,1.18,2024-05-01,micropython-esp8266-stubs,1.18.post4
2,esp8266,,1.19.1,2024-05-01,micropython-esp8266-stubs,1.19.1.post1
3,esp8266,,1.19.1,2024-05-01,micropython-esp8266-stubs,1.19.1.post10
4,esp8266,,1.19.1,2024-05-01,micropython-esp8266-stubs,1.19.1.post11
67,esp8266,,1.19.1,2024-05-01,micropython-esp8266-stubs,1.19.1.post12
1,esp8266,,1.19.1,2024-05-01,micropython-esp8266-stubs,1.19.1.post2
1,esp8266,,1.19.1,2024-05-01,micropython-esp8266-stubs,1.19.1.post3
1,esp8266,,1.19.1,2024-05-01,micropython-esp8266-stubs,1.19.1.post4
1,esp8266,,1.19.1,2024-05-01,micropython-esp8266-stubs,1.19.1.post5
4,esp8266,,1.19.1,2024-05-01,micropython-esp8266-stubs,1.19.1.post6
5,esp8266,,1.19.1,2024-05-01,micropython-esp8266-stubs,1.19.1.post7
4,esp8266,,1.19.1,2024-05-01,micropython-esp8266-stubs,1.19.1.post8
6,esp8266,,1.19.1,2024-05-01,micropython-esp8266-stubs,1.19.1.post9
21,rp2,arduino-nano-rp2040-connect,1.22.0,2024-05-01,micropython-rp2-arduino-nano-rp2040-connect-stubs,1.22.0.post1
2,rp2,arduino-nano-rp2040-connect,1.22.1,2024-05-01,micropython-rp2-arduino-nano-rp2040-connect-stubs,1.22.1.post1
10,rp2,arduino-nano-rp2040-connect,1.22.1,2024-05-01,micropython-rp2-arduino-nano-rp2040-connect-stubs,1.22.1.post2
2,rp2,pico,1.20.0,2024-05-01,micropython-rp2-pico-stubs,1.20.0.post1
3,rp2,pico,1.20.0,2024-05-01,micropython-rp2-pico-stubs,1.20.0.post2
3,rp2,pico,1.20.0,2024-05-01,micropython-rp2-pico-stubs,1.20.0.post3
1,rp2,pico,1.20.0,2024-05-01,micropython-rp2-pico-stubs,1.20.0.post4
45,rp2,pico,1.20.0,2024-05-01,micropython-rp2-pico-stubs,1.20.0.post5
3,rp2,pico-w,1.20.0,2024-05-01,micropython-rp2-pico-w-stubs,1.20.0.post1
5,rp2,pico-w,1.20.0,2024-05-01,micropython-rp2-pico-w-stubs,1.20.0.post2
4,rp2,pico-w,1.20.0,2024-05-01,micropython-rp2-pico-w-stubs,1.20.0.post3
3,rp2,pico-w,1.20.0,2024-05-01,micropython-rp2-pico-w-stubs,1.20.0.post4
85,rp2,pico-w,1.20.0,2024-05-01,micropython-rp2-pico-w-stubs,1.20.0.post5
6,rp2,pimoroni-picolipo-16mb,1.20.0,2024-05-01,micropython-rp2-pimoroni-picolipo-16mb-stubs,1.20.0.post1
6,rp2,pimoroni-picolipo-16mb,1.20.0,2024-05-01,micropython-rp2-pimoroni-picolipo-16mb-stubs,1.20.0.post2
7,rp2,pimoroni-picolipo-16mb,1.20.0,2024-05-01,micropython-rp2-pimoroni-picolipo-16mb-stubs,1.20.0.post3
23,rp2,pimoroni-picolipo-16mb,1.22.0,2024-05-01,micropython-rp2-pimoroni-picolipo-16mb-stubs,1.22.0.post1
2,rp2,rpi-pico,1.21.0,2024-05-01,micropython-rp2-rpi-pico-stubs,1.21.0.post1
2,rp2,rpi-pico,1.21.0,2024-05-01,micropython-rp2-rpi-pico-stubs,1.21.0.post2
10,rp2,rpi-pico,1.21.0,2024-05-01,micropython-rp2-rpi-pico-stubs,1.21.0.post3
4,rp2,rpi-pico,1.22.0,2024-05-01,micropython-rp2-rpi-pico-stubs,1.22.0.post1
8,rp2,rpi-pico,1.22.1,2024-05-01,micropython-rp2-rpi-pico-stubs,1.22.1.post1
46,rp2,rpi-pico,1.22.1,2024-05-01,micropython-rp2-rpi-pico-stubs,1.22.1.post2
5,rp2,rpi-pico-w,1.21.0,2024-05-01,micropython-rp2-rpi-pico-w-stubs,1.21.0.post1
1,rp2,rpi-pico-w,1.21.0,2024-05-01,micropython-rp2-rpi-pico-w-stubs,1.21.0.post2
12,rp2,rpi-pico-w,1.21.0,2024-05-01,micropython-rp2-rpi-pico-w-stubs,1.21.0.post3
8,rp2,rpi-pico-w,1.22.0,2024-05-01,micropython-rp2-rpi-pico-w-stubs,1.22.0.post1
6,rp2,rpi-pico-w,1.22.1,2024-05-01,micropython-rp2-rpi-pico-w-stubs,1.22.1.post1
161,rp2,rpi-pico-w,1.22.1,2024-05-01,micropython-rp2-rpi-pico-w-stubs,1.22.1.post2
2,rp2,,1.17,2024-05-01,micropython-rp2-stubs,1.17.post1
3,rp2,,1.17,2024-05-01,micropython-rp2-stubs,1.17.post2
4,rp2,,1.17,2024-05-01,micropython-rp2-stubs,1.17.post3
2318,rp2,,1.18,2024-05-01,micropython-rp2-stubs,1.18.post1
1,rp2,,1.18,2024-05-01,micropython-rp2-stubs,1.18.post2
4,rp2,,1.18,2024-05-01,micropython-rp2-stubs,1.18.post3
2,rp2,,1.19.1,2024-05-01,micropython-rp2-stubs,1.19.1.post10
5,rp2,,1.19.1,2024-05-01,micropython-rp2-stubs,1.19.1.post11
2,rp2,,1.19.1,2024-05-01,micropython-rp2-stubs,1.19.1.post12
2,rp2,,1.19.1,2024-05-01,micropython-rp2-stubs,1.19.1.post13
5,rp2,,1.19.1,2024-05-01,micropython-rp2-stubs,1.19.1.post14
2,rp2,,1.19.1,2024-05-01,micropython-rp2-stubs,1.19.1.post6
2,rp2,,1.19.1,2024-05-01,micropython-rp2-stubs,1.19.1.post7
2,rp2,,1.19.1,2024-05-01,micropython-rp2-stubs,1.19.1.post8
6,rp2,,1.19.1,2024-05-01,micropython-rp2-stubs,1.19.1.post9
3,rp2,,1.20.0,2024-05-01,micropython-rp2-stubs,1.20.0.post1
2,rp2,,1.20.0,2024-05-01,micropython-rp2-stubs,1.20.0.post2
3,rp2,,1.20.0,2024-05-01,micropython-rp2-stubs,1.20.0.post3
1,rp2,,1.20.0,2024-05-01,micropython-rp2-stubs,1.20.0.post4
1,rp2,,1.20.0,2024-05-01,micropython-rp2-stubs,1.20.0.post5
3,rp2,,1.21.0,2024-05-01,micropython-rp2-stubs,1.21.0.post1
2,rp2,,1.21.0,2024-05-01,micropython-rp2-stubs,1.21.0.post2
2,rp2,,1.22.0,2024-05-01,micropython-rp2-stubs,1.22.0.post1
3,rp2,,1.22.1,2024-05-01,micropython-rp2-stubs,1.22.1.post1
57,rp2,,1.22.1,2024-05-01,micropython-rp2-stubs,1.22.1.post2
6,samd,adafruit-feather-m4-express,1.20.0,2024-05-01,micropython-samd-adafruit-feather-m4-express-stubs,1.20.0.post1
6,samd,adafruit-feather-m4-express,1.20.0,2024-05-01,micropython-samd-adafruit-feather-m4-express-stubs,1.20.0.post2
1,samd,adafruit-feather-m4-express,1.20.0,2024-05-01,micropython-samd-adafruit-feather-m4-express-stubs,1.20.0.post3
11,samd,adafruit-feather-m4-express,1.20.0,2024-05-01,micropython-samd-adafruit-feather-m4-express-stubs,1.20.0.post4
4,samd,adafruit-itsybitsy-m4-express,1.20.0,2024-05-01,micropython-samd-adafruit-itsybitsy-m4-express-stubs,1.20.0.post1
2,samd,adafruit-itsybitsy-m4-express,1.20.0,2024-05-01,micropython-samd-adafruit-itsybitsy-m4-express-stubs,1.20.0.post2
2,samd,adafruit-itsybitsy-m4-express,1.20.0,2024-05-01,micropython-samd-adafruit-itsybitsy-m4-express-stubs,1.20.0.post3
11,samd,adafruit-itsybitsy-m4-express,1.20.0,2024-05-01,micropython-samd-adafruit-itsybitsy-m4-express-stubs,1.20.0.post4
6,samd,minisam-m4,1.20.0,2024-05-01,micropython-samd-minisam-m4-stubs,1.20.0.post1
6,samd,minisam-m4,1.20.0,2024-05-01,micropython-samd-minisam-m4-stubs,1.20.0.post2
2,samd,minisam-m4,1.20.0,2024-05-01,micropython-samd-minisam-m4-stubs,1.20.0.post3
9,samd,minisam-m4,1.20.0,2024-05-01,micropython-samd-minisam-m4-stubs,1.20.0.post4
5,samd,seeed-wio-terminal,1.20.0,2024-05-01,micropython-samd-seeed-wio-terminal-stubs,1.20.0.post1
8,samd,seeed-wio-terminal,1.20.0,2024-05-01,micropython-samd-seeed-wio-terminal-stubs,1.20.0.post2
5,samd,seeed-wio-terminal,1.20.0,2024-05-01,micropython-samd-seeed-wio-terminal-stubs,1.20.0.post3
2,samd,seeed-wio-terminal,1.20.0,2024-05-01,micropython-samd-seeed-wio-terminal-stubs,1.20.0.post4
3,samd,seeed-wio-terminal,1.20.0,2024-05-01,micropython-samd-seeed-wio-terminal-stubs,1.20.0.post5
5,samd,seeed-wio-terminal,1.21.0,2024-05-01,micropython-samd-seeed-wio-terminal-stubs,1.21.0.post1
2,samd,seeed-wio-terminal,1.21.0,2024-05-01,micropython-samd-seeed-wio-terminal-stubs,1.21.0.post2
3,samd,seeed-wio-terminal,1.21.0,2024-05-01,micropython-samd-seeed-wio-terminal-stubs,1.21.0.post3
1,samd,seeed-wio-terminal,1.22.0,2024-05-01,micropython-samd-seeed-wio-terminal-stubs,1.22.0.post1
7,samd,seeed-wio-terminal,1.22.1,2024-05-01,micropython-samd-seeed-wio-terminal-stubs,1.22.1.post1
4,samd,,1.20.0,2024-05-01,micropython-samd-stubs,1.20.0.post1
3,samd,,1.20.0,2024-05-01,micropython-samd-stubs,1.20.0.post2
5,samd,,1.21.0,2024-05-01,micropython-samd-stubs,1.21.0.post1
7,samd,,1.21.0,2024-05-01,micropython-samd-stubs,1.21.0.post2
4,samd,,1.22.0,2024-05-01,micropython-samd-stubs,1.22.0.post1
17,samd,,1.22.1,2024-05-01,micropython-samd-stubs,1.22.1.post1
4,samd,,,2024-05-01,micropython-samd-stubs,1.23.0a87
19,stdlib,,,2024-05-01,micropython-stdlib-stubs,0.9.0
4,stdlib,,,2024-05-01,micropython-stdlib-stubs,1.0.0
2,stdlib,,,2024-05-01,micropython-stdlib-stubs,1.0.0rc2
2,stdlib,,,2024-05-01,micropython-stdlib-stubs,1.0.1a0
2,stdlib,,,2024-05-01,micropython-stdlib-stubs,1.0.1a1
2,stdlib,,,2024-05-01,micropython-stdlib-stubs,1.0.1a2
4,stdlib,,,2024-05-01,micropython-stdlib-stubs,1.1.0
3,stdlib,,,2024-05-01,micropython-stdlib-stubs,1.1.1
1,stdlib,,,2024-05-01,micropython-stdlib-stubs,1.1.1a2
3829,stdlib,,,2024-05-01,micropython-stdlib-stubs,1.1.2
3,stdlib,,,2024-05-01,micropython-stdlib-stubs,1.1.2a0
4,stm32,pybv11,1.20.0,2024-05-01,micropython-stm32-pybv11-stubs,1.20.0.post1
4,stm32,pybv11,1.20.0,2024-05-01,micropython-stm32-pybv11-stubs,1.20.0.post2
5,stm32,pybv11,1.20.0,2024-05-01,micropython-stm32-pybv11-stubs,1.20.0.post3
6,stm32,pybv11,1.20.0,2024-05-01,micropython-stm32-pybv11-stubs,1.20.0.post4
3,stm32,pybv11,1.20.0,2024-05-01,micropython-stm32-pybv11-stubs,1.20.0.post5
4,stm32,pybv11,1.20.0,2024-05-01,micropython-stm32-pybv11-stubs,1.20.0.post6
4,stm32,pybv11,1.21.0,2024-05-01,micropython-stm32-pybv11-stubs,1.21.0.post1
3,stm32,pybv11,1.21.0,2024-05-01,micropython-stm32-pybv11-stubs,1.21.0.post2
3,stm32,pybv11,1.21.0,2024-05-01,micropython-stm32-pybv11-stubs,1.21.0.post3
2,stm32,pybv11,1.22.0,2024-05-01,micropython-stm32-pybv11-stubs,1.22.0.post1
12,stm32,pybv11,1.22.0,2024-05-01,micropython-stm32-pybv11-stubs,1.22.0.post2
2,stm32,,1.17,2024-05-01,micropython-stm32-stubs,1.17.post1
4,stm32,,1.17,2024-05-01,micropython-stm32-stubs,1.17.post2
2,stm32,,1.17,2024-05-01,micropython-stm32-stubs,1.17.post3
1,stm32,,1.18,2024-05-01,micropython-stm32-stubs,1.18.post1
1,stm32,,1.18,2024-05-01,micropython-stm32-stubs,1.18.post2
2,stm32,,1.18,2024-05-01,micropython-stm32-stubs,1.18.post3
2,stm32,,1.18,2024-05-01,micropython-stm32-stubs,1.18.post4
1,stm32,,1.19.1,2024-05-01,micropython-stm32-stubs,1.19.1.post1
4,stm32,,1.19.1,2024-05-01,micropython-stm32-stubs,1.19.1.post10
1,stm32,,1.19.1,2024-05-01,micropython-stm32-stubs,1.19.1.post11
7,stm32,,1.19.1,2024-05-01,micropython-stm32-stubs,1.19.1.post12
2,stm32,,1.19.1,2024-05-01,micropython-stm32-stubs,1.19.1.post2
2,stm32,,1.19.1,2024-05-01,micropython-stm32-stubs,1.19.1.post3
1,stm32,,1.19.1,2024-05-01,micropython-stm32-stubs,1.19.1.post4
2,stm32,,1.19.1,2024-05-01,micropython-stm32-stubs,1.19.1.post5
4,stm32,,1.19.1,2024-05-01,micropython-stm32-stubs,1.19.1.post6
2,stm32,,1.19.1,2024-05-01,micropython-stm32-stubs,1.19.1.post7
2,stm32,,1.19.1,2024-05-01,micropython-stm32-stubs,1.19.1.post8
3,stm32,,1.19.1,2024-05-01,micropython-stm32-stubs,1.19.1.post9
3,stm32,,1.20.0,2024-05-01,micropython-stm32-stubs,1.20.0.post1
3,stm32,,1.20.0,2024-05-01,micropython-stm32-stubs,1.20.0.post2
4,stm32,,1.20.0,2024-05-01,micropython-stm32-stubs,1.20.0.post3
1,stm32,,1.20.0,2024-05-01,micropython-stm32-stubs,1.20.0.post4
8,stm32,,1.20.0,2024-05-01,micropython-stm32-stubs,1.20.0.post5
2,stm32,,1.21.0,2024-05-01,micropython-stm32-stubs,1.21.0.post1
3,stm32,,1.21.0,2024-05-01,micropython-stm32-stubs,1.21.0.post2
143,stm32,,1.22.0,2024-05-01,micropython-stm32-stubs,1.22.0.post1
4,unix,,1.20.0,2024-05-01,micropython-unix-stubs,1.20.0.post1
13,unix,,1.21.0,2024-05-01,micropython-unix-stubs,1.21.0.post1
5,webassembly,,1.21.0,2024-05-01,micropython-webassembly-stubs,1.21.0.post1
11,webassembly,,1.21.0,2024-05-01,micropython-webassembly-stubs,1.21.0.post2
4,windows,,1.20.0,2024-05-01,micropython-windows-stubs,1.20.0.post1
14,windows,,1.21.0,2024-05-01,micropython-windows-stubs,1.21.0.post1
155,esp32,esp32-generic-c3,1.23.0,2024-06-01,micropython-esp32-esp32-generic-c3-stubs,1.23.0.post1
33,esp32,esp32-generic-s3,1.22.0,2024-06-01,micropython-esp32-esp32-generic-s3-stubs,1.22.0.post1
148,esp32,esp32-generic-s3,1.23.0,2024-06-01,micropython-esp32-esp32-generic-s3-stubs,1.23.0.post1
2,esp32,esp32-generic,1.21.0,2024-06-01,micropython-esp32-esp32-generic-stubs,1.21.0.post1
12,esp32,esp32-generic,1.21.0,2024-06-01,micropython-esp32-esp32-generic-stubs,1.21.0.post2
39,esp32,esp32-generic,1.22.0,2024-06-01,micropython-esp32-esp32-generic-stubs,1.22.0.post1
146,esp32,esp32-generic,1.23.0,2024-06-01,micropython-esp32-esp32-generic-stubs,1.23.0.post1
7,esp32,generic-ota,1.20.0,2024-06-01,micropython-esp32-generic-ota-stubs,1.20.0.post1
18,esp32,generic-ota,1.20.0,2024-06-01,micropython-esp32-generic-ota-stubs,1.20.0.post2
3,esp32,generic-s3,1.19.1,2024-06-01,micropython-esp32-generic-s3-stubs,1.19.1.post1
6,esp32,generic-s3,1.20.0,2024-06-01,micropython-esp32-generic-s3-stubs,1.20.0.post1
17,esp32,generic-s3,1.20.0,2024-06-01,micropython-esp32-generic-s3-stubs,1.20.0.post2
23,esp32,generic-spiram,1.19.1,2024-06-01,micropython-esp32-generic-spiram-stubs,1.19.1.post1
4,esp32,ota,1.20.0,2024-06-01,micropython-esp32-ota-stubs,1.20.0.post1
16,esp32,ota,1.20.0,2024-06-01,micropython-esp32-ota-stubs,1.20.0.post2
7,esp32,s3,1.19.1,2024-06-01,micropython-esp32-s3-stubs,1.19.1.post1
31,esp32,s3,1.20.0,2024-06-01,micropython-esp32-s3-stubs,1.20.0.post1
5,esp32,,1.17,2024-06-01,micropython-esp32-stubs,1.17.post1
8,esp32,,1.17,2024-06-01,micropython-esp32-stubs,1.17.post2
8,esp32,,1.17,2024-06-01,micropython-esp32-stubs,1.17.post3
6,esp32,,1.18,2024-06-01,micropython-esp32-stubs,1.18.post1
7,esp32,,1.18,2024-06-01,micropython-esp32-stubs,1.18.post2
8,esp32,,1.18,2024-06-01,micropython-esp32-stubs,1.18.post3
8,esp32,,1.19.1,2024-06-01,micropython-esp32-stubs,1.19.1.post10
13,esp32,,1.19.1,2024-06-01,micropython-esp32-stubs,1.19.1.post11
7,esp32,,1.19.1,2024-06-01,micropython-esp32-stubs,1.19.1.post12
6,esp32,,1.19.1,2024-06-01,micropython-esp32-stubs,1.19.1.post13
6,esp32,,1.19.1,2024-06-01,micropython-esp32-stubs,1.19.1.post14
25,esp32,,1.19.1,2024-06-01,micropython-esp32-stubs,1.19.1.post15
5,esp32,,1.19.1,2024-06-01,micropython-esp32-stubs,1.19.1.post2
6,esp32,,1.19.1,2024-06-01,micropython-esp32-stubs,1.19.1.post3
8,esp32,,1.19.1,2024-06-01,micropython-esp32-stubs,1.19.1.post4
7,esp32,,1.19.1,2024-06-01,micropython-esp32-stubs,1.19.1.post5
7,esp32,,1.19.1,2024-06-01,micropython-esp32-stubs,1.19.1.post6
7,esp32,,1.19.1,2024-06-01,micropython-esp32-stubs,1.19.1.post7
7,esp32,,1.19.1,2024-06-01,micropython-esp32-stubs,1.19.1.post8
6,esp32,,1.19.1,2024-06-01,micropython-esp32-stubs,1.19.1.post9
7,esp32,,1.20.0,2024-06-01,micropython-esp32-stubs,1.20.0.post1
6,esp32,,1.20.0,2024-06-01,micropython-esp32-stubs,1.20.0.post2
7,esp32,,1.20.0,2024-06-01,micropython-esp32-stubs,1.20.0.post3
7,esp32,,1.20.0,2024-06-01,micropython-esp32-stubs,1.20.0.post4
19,esp32,,1.20.0,2024-06-01,micropython-esp32-stubs,1.20.0.post5
7,esp32,,1.21.0,2024-06-01,micropython-esp32-stubs,1.21.0.post1
6,esp32,,1.21.0,2024-06-01,micropython-esp32-stubs,1.21.0.post2
7,esp32,,1.21.0,2024-06-01,micropython-esp32-stubs,1.21.0.post3
13,esp32,,1.21.0,2024-06-01,micropython-esp32-stubs,1.21.0.post4
6,esp32,,,2024-06-01,micropython-esp32-stubs,1.21.0a489
922,esp32,,1.22.0,2024-06-01,micropython-esp32-stubs,1.22.0.post1
279,esp32,,1.23.0,2024-06-01,micropython-esp32-stubs,1.23.0.post1
49,esp32,,,2024-06-01,micropython-esp32-stubs,1.23.0a87
6,esp32,um-tinypico,1.19.1,2024-06-01,micropython-esp32-um-tinypico-stubs,1.19.1.post2
6,esp32,um-tinypico,1.19.1,2024-06-01,micropython-esp32-um-tinypico-stubs,1.19.1.post3
8,esp32,um-tinypico,1.19.1,2024-06-01,micropython-esp32-um-tinypico-stubs,1.19.1.post4
7,esp32,um-tinypico,1.19.1,2024-06-01,micropython-esp32-um-tinypico-stubs,1.19.1.post5
7,esp32,um-tinypico,1.19.1,2024-06-01,micropython-esp32-um-tinypico-stubs,1.19.1.post6
5,esp32,um-tinypico,1.19.1,2024-06-01,micropython-esp32-um-tinypico-stubs,1.19.1.post7
12,esp32,um-tinypico,1.19.1,2024-06-01,micropython-esp32-um-tinypico-stubs,1.19.1.post8
205,esp8266,esp8266-generic,1.23.0,2024-06-01,micropython-esp8266-esp8266-generic-stubs,1.23.0.post1
5,esp8266,,1.17,2024-06-01,micropython-esp8266-stubs,1.17.post1
5,esp8266,,1.17,2024-06-01,micropython-esp8266-stubs,1.17.post2
5,esp8266,,1.17,2024-06-01,micropython-esp8266-stubs,1.17.post3
6,esp8266,,1.18,2024-06-01,micropython-esp8266-stubs,1.18.post1
6,esp8266,,1.18,2024-06-01,micropython-esp8266-stubs,1.18.post2
4,esp8266,,1.18,2024-06-01,micropython-esp8266-stubs,1.18.post3
7,esp8266,,1.18,2024-06-01,micropython-esp8266-stubs,1.18.post4
4,esp8266,,1.19.1,2024-06-01,micropython-esp8266-stubs,1.19.1.post1
5,esp8266,,1.19.1,2024-06-01,micropython-esp8266-stubs,1.19.1.post10
4,esp8266,,1.19.1,2024-06-01,micropython-esp8266-stubs,1.19.1.post11
23,esp8266,,1.19.1,2024-06-01,micropython-esp8266-stubs,1.19.1.post12
6,esp8266,,1.19.1,2024-06-01,micropython-esp8266-stubs,1.19.1.post2
8,esp8266,,1.19.1,2024-06-01,micropython-esp8266-stubs,1.19.1.post3
4,esp8266,,1.19.1,2024-06-01,micropython-esp8266-stubs,1.19.1.post4
5,esp8266,,1.19.1,2024-06-01,micropython-esp8266-stubs,1.19.1.post5
5,esp8266,,1.19.1,2024-06-01,micropython-esp8266-stubs,1.19.1.post6
4,esp8266,,1.19.1,2024-06-01,micropython-esp8266-stubs,1.19.1.post7
4,esp8266,,1.19.1,2024-06-01,micropython-esp8266-stubs,1.19.1.post8
7,esp8266,,1.19.1,2024-06-01,micropython-esp8266-stubs,1.19.1.post9
125,esp8266,,1.23.0,2024-06-01,micropython-esp8266-stubs,1.23.0.post1
13,rp2,arduino-nano-rp2040-connect,1.22.0,2024-06-01,micropython-rp2-arduino-nano-rp2040-connect-stubs,1.22.0.post1
8,rp2,arduino-nano-rp2040-connect,1.22.1,2024-06-01,micropython-rp2-arduino-nano-rp2040-connect-stubs,1.22.1.post1
18,rp2,arduino-nano-rp2040-connect,1.22.1,2024-06-01,micropython-rp2-arduino-nano-rp2040-connect-stubs,1.22.1.post2
7,rp2,pico,1.20.0,2024-06-01,micropython-rp2-pico-stubs,1.20.0.post1
5,rp2,pico,1.20.0,2024-06-01,micropython-rp2-pico-stubs,1.20.0.post2
5,rp2,pico,1.20.0,2024-06-01,micropython-rp2-pico-stubs,1.20.0.post3
5,rp2,pico,1.20.0,2024-06-01,micropython-rp2-pico-stubs,1.20.0.post4
166,rp2,pico,1.20.0,2024-06-01,micropython-rp2-pico-stubs,1.20.0.post5
7,rp2,pico-w,1.20.0,2024-06-01,micropython-rp2-pico-w-stubs,1.20.0.post1
4,rp2,pico-w,1.20.0,2024-06-01,micropython-rp2-pico-w-stubs,1.20.0.post2
7,rp2,pico-w,1.20.0,2024-06-01,micropython-rp2-pico-w-stubs,1.20.0.post3
4,rp2,pico-w,1.20.0,2024-06-01,micropython-rp2-pico-w-stubs,1.20.0.post4
162,rp2,pico-w,1.20.0,2024-06-01,micropython-rp2-pico-w-stubs,1.20.0.post5
7,rp2,pimoroni-picolipo-16mb,1.20.0,2024-06-01,micropython-rp2-pimoroni-picolipo-16mb-stubs,1.20.0.post1
8,rp2,pimoroni-picolipo-16mb,1.20.0,2024-06-01,micropython-rp2-pimoroni-picolipo-16mb-stubs,1.20.0.post2
5,rp2,pimoroni-picolipo-16mb,1.20.0,2024-06-01,micropython-rp2-pimoroni-picolipo-16mb-stubs,1.20.0.post3
15,rp2,pimoroni-picolipo-16mb,1.22.0,2024-06-01,micropython-rp2-pimoroni-picolipo-16mb-stubs,1.22.0.post1
6,rp2,rpi-pico,1.21.0,2024-06-01,micropython-rp2-rpi-pico-stubs,1.21.0.post1
7,rp2,rpi-pico,1.21.0,2024-06-01,micropython-rp2-rpi-pico-stubs,1.21.0.post2
12,rp2,rpi-pico,1.21.0,2024-06-01,micropython-rp2-rpi-pico-stubs,1.21.0.post3
6,rp2,rpi-pico,1.22.0,2024-06-01,micropython-rp2-rpi-pico-stubs,1.22.0.post1
9,rp2,rpi-pico,1.22.1,2024-06-01,micropython-rp2-rpi-pico-stubs,1.22.1.post1
21,rp2,rpi-pico,1.22.1,2024-06-01,micropython-rp2-rpi-pico-stubs,1.22.1.post2
134,rp2,rpi-pico,1.23.0,2024-06-01,micropython-rp2-rpi-pico-stubs,1.23.0.post1
9,rp2,rpi-pico-w,1.21.0,2024-06-01,micropython-rp2-rpi-pico-w-stubs,1.21.0.post1
9,rp2,rpi-pico-w,1.21.0,2024-06-01,micropython-rp2-rpi-pico-w-stubs,1.21.0.post2
21,rp2,rpi-pico-w,1.21.0,2024-06-01,micropython-rp2-rpi-pico-w-stubs,1.21.0.post3
12,rp2,rpi-pico-w,1.22.0,2024-06-01,micropython-rp2-rpi-pico-w-stubs,1.22.0.post1
12,rp2,rpi-pico-w,1.22.1,2024-06-01,micropython-rp2-rpi-pico-w-stubs,1.22.1.post1
133,rp2,rpi-pico-w,1.22.1,2024-06-01,micropython-rp2-rpi-pico-w-stubs,1.22.1.post2
215,rp2,rpi-pico-w,1.23.0,2024-06-01,micropython-rp2-rpi-pico-w-stubs,1.23.0.post1
5,rp2,,1.17,2024-06-01,micropython-rp2-stubs,1.17.post1
7,rp2,,1.17,2024-06-01,micropython-rp2-stubs,1.17.post2
5,rp2,,1.17,2024-06-01,micropython-rp2-stubs,1.17.post3
2737,rp2,,1.18,2024-06-01,micropython-rp2-stubs,1.18.post1
6,rp2,,1.18,2024-06-01,micropython-rp2-stubs,1.18.post2
8,rp2,,1.18,2024-06-01,micropython-rp2-stubs,1.18.post3
7,rp2,,1.19.1,2024-06-01,micropython-rp2-stubs,1.19.1.post10
9,rp2,,1.19.1,2024-06-01,micropython-rp2-stubs,1.19.1.post11
6,rp2,,1.19.1,2024-06-01,micropython-rp2-stubs,1.19.1.post12
6,rp2,,1.19.1,2024-06-01,micropython-rp2-stubs,1.19.1.post13
8,rp2,,1.19.1,2024-06-01,micropython-rp2-stubs,1.19.1.post14
10,rp2,,1.19.1,2024-06-01,micropython-rp2-stubs,1.19.1.post6
9,rp2,,1.19.1,2024-06-01,micropython-rp2-stubs,1.19.1.post7
7,rp2,,1.19.1,2024-06-01,micropython-rp2-stubs,1.19.1.post8
8,rp2,,1.19.1,2024-06-01,micropython-rp2-stubs,1.19.1.post9
9,rp2,,1.20.0,2024-06-01,micropython-rp2-stubs,1.20.0.post1
7,rp2,,1.20.0,2024-06-01,micropython-rp2-stubs,1.20.0.post2
8,rp2,,1.20.0,2024-06-01,micropython-rp2-stubs,1.20.0.post3
6,rp2,,1.20.0,2024-06-01,micropython-rp2-stubs,1.20.0.post4
7,rp2,,1.20.0,2024-06-01,micropython-rp2-stubs,1.20.0.post5
7,rp2,,1.21.0,2024-06-01,micropython-rp2-stubs,1.21.0.post1
10,rp2,,1.21.0,2024-06-01,micropython-rp2-stubs,1.21.0.post2
6,rp2,,1.22.0,2024-06-01,micropython-rp2-stubs,1.22.0.post1
10,rp2,,1.22.1,2024-06-01,micropython-rp2-stubs,1.22.1.post1
123,rp2,,1.22.1,2024-06-01,micropython-rp2-stubs,1.22.1.post2
136,rp2,,1.23.0,2024-06-01,micropython-rp2-stubs,1.23.0.post1
5,samd,adafruit-feather-m4-express,1.20.0,2024-06-01,micropython-samd-adafruit-feather-m4-express-stubs,1.20.0.post1
8,samd,adafruit-feather-m4-express,1.20.0,2024-06-01,micropython-samd-adafruit-feather-m4-express-stubs,1.20.0.post2
8,samd,adafruit-feather-m4-express,1.20.0,2024-06-01,micropython-samd-adafruit-feather-m4-express-stubs,1.20.0.post3
14,samd,adafruit-feather-m4-express,1.20.0,2024-06-01,micropython-samd-adafruit-feather-m4-express-stubs,1.20.0.post4
4,samd,adafruit-itsybitsy-m4-express,1.20.0,2024-06-01,micropython-samd-adafruit-itsybitsy-m4-express-stubs,1.20.0.post1
3,samd,adafruit-itsybitsy-m4-express,1.20.0,2024-06-01,micropython-samd-adafruit-itsybitsy-m4-express-stubs,1.20.0.post2
3,samd,adafruit-itsybitsy-m4-express,1.20.0,2024-06-01,micropython-samd-adafruit-itsybitsy-m4-express-stubs,1.20.0.post3
12,samd,adafruit-itsybitsy-m4-express,1.20.0,2024-06-01,micropython-samd-adafruit-itsybitsy-m4-express-stubs,1.20.0.post4
4,samd,minisam-m4,1.20.0,2024-06-01,micropython-samd-minisam-m4-stubs,1.20.0.post1
5,samd,minisam-m4,1.20.0,2024-06-01,micropython-samd-minisam-m4-stubs,1.20.0.post2
5,samd,minisam-m4,1.20.0,2024-06-01,micropython-samd-minisam-m4-stubs,1.20.0.post3
8,samd,minisam-m4,1.20.0,2024-06-01,micropython-samd-minisam-m4-stubs,1.20.0.post4
58,samd,seeed-wio-terminal,1.20.0,2024-06-01,micropython-samd-seeed-wio-terminal-stubs,1.20.0.post1
55,samd,seeed-wio-terminal,1.20.0,2024-06-01,micropython-samd-seeed-wio-terminal-stubs,1.20.0.post2
5,samd,seeed-wio-terminal,1.20.0,2024-06-01,micropython-samd-seeed-wio-terminal-stubs,1.20.0.post3
7,samd,seeed-wio-terminal,1.20.0,2024-06-01,micropython-samd-seeed-wio-terminal-stubs,1.20.0.post4
6,samd,seeed-wio-terminal,1.20.0,2024-06-01,micropython-samd-seeed-wio-terminal-stubs,1.20.0.post5
7,samd,seeed-wio-terminal,1.21.0,2024-06-01,micropython-samd-seeed-wio-terminal-stubs,1.21.0.post1
7,samd,seeed-wio-terminal,1.21.0,2024-06-01,micropython-samd-seeed-wio-terminal-stubs,1.21.0.post2
5,samd,seeed-wio-terminal,1.21.0,2024-06-01,micropython-samd-seeed-wio-terminal-stubs,1.21.0.post3
5,samd,seeed-wio-terminal,1.22.0,2024-06-01,micropython-samd-seeed-wio-terminal-stubs,1.22.0.post1
11,samd,seeed-wio-terminal,1.22.1,2024-06-01,micropython-samd-seeed-wio-terminal-stubs,1.22.1.post1
109,samd,seeed-wio-terminal,1.23.0,2024-06-01,micropython-samd-seeed-wio-terminal-stubs,1.23.0.post1
6,samd,,1.20.0,2024-06-01,micropython-samd-stubs,1.20.0.post1
6,samd,,1.20.0,2024-06-01,micropython-samd-stubs,1.20.0.post2
4,samd,,1.21.0,2024-06-01,micropython-samd-stubs,1.21.0.post1
5,samd,,1.21.0,2024-06-01,micropython-samd-stubs,1.21.0.post2
5,samd,,1.22.0,2024-06-01,micropython-samd-stubs,1.22.0.post1
9,samd,,1.22.1,2024-06-01,micropython-samd-stubs,1.22.1.post1
104,samd,,1.23.0,2024-06-01,micropython-samd-stubs,1.23.0.post1
8,samd,,,2024-06-01,micropython-samd-stubs,1.23.0a87
7,stdlib,,,2024-06-01,micropython-stdlib-stubs,0.9.0
9,stdlib,,,2024-06-01,micropython-stdlib-stubs,1.0.0
5,stdlib,,,2024-06-01,micropython-stdlib-stubs,1.0.0rc2
3,stdlib,,,2024-06-01,micropython-stdlib-stubs,1.0.1a0
4,stdlib,,,2024-06-01,micropython-stdlib-stubs,1.0.1a1
4,stdlib,,,2024-06-01,micropython-stdlib-stubs,1.0.1a2
6,stdlib,,,2024-06-01,micropython-stdlib-stubs,1.1.0
6,stdlib,,,2024-06-01,micropython-stdlib-stubs,1.1.1
5,stdlib,,,2024-06-01,micropython-stdlib-stubs,1.1.1a2
4825,stdlib,,,2024-06-01,micropython-stdlib-stubs,1.1.2
8,stdlib,,,2024-06-01,micropython-stdlib-stubs,1.1.2a0
6,stm32,pybv11,1.20.0,2024-06-01,micropython-stm32-pybv11-stubs,1.20.0.post1
5,stm32,pybv11,1.20.0,2024-06-01,micropython-stm32-pybv11-stubs,1.20.0.post2
6,stm32,pybv11,1.20.0,2024-06-01,micropython-stm32-pybv11-stubs,1.20.0.post3
7,stm32,pybv11,1.20.0,2024-06-01,micropython-stm32-pybv11-stubs,1.20.0.post4
5,stm32,pybv11,1.20.0,2024-06-01,micropython-stm32-pybv11-stubs,1.20.0.post5
6,stm32,pybv11,1.20.0,2024-06-01,micropython-stm32-pybv11-stubs,1.20.0.post6
5,stm32,pybv11,1.21.0,2024-06-01,micropython-stm32-pybv11-stubs,1.21.0.post1
4,stm32,pybv11,1.21.0,2024-06-01,micropython-stm32-pybv11-stubs,1.21.0.post2
4,stm32,pybv11,1.21.0,2024-06-01,micropython-stm32-pybv11-stubs,1.21.0.post3
7,stm32,pybv11,1.22.0,2024-06-01,micropython-stm32-pybv11-stubs,1.22.0.post1
12,stm32,pybv11,1.22.0,2024-06-01,micropython-stm32-pybv11-stubs,1.22.0.post2
2,stm32,,1.17,2024-06-01,micropython-stm32-stubs,1.17.post1
3,stm32,,1.17,2024-06-01,micropython-stm32-stubs,1.17.post2
3,stm32,,1.17,2024-06-01,micropython-stm32-stubs,1.17.post3
3,stm32,,1.18,2024-06-01,micropython-stm32-stubs,1.18.post1
3,stm32,,1.18,2024-06-01,micropython-stm32-stubs,1.18.post2
2,stm32,,1.18,2024-06-01,micropython-stm32-stubs,1.18.post3
3,stm32,,1.18,2024-06-01,micropython-stm32-stubs,1.18.post4
4,stm32,,1.19.1,2024-06-01,micropython-stm32-stubs,1.19.1.post1
3,stm32,,1.19.1,2024-06-01,micropython-stm32-stubs,1.19.1.post10
6,stm32,,1.19.1,2024-06-01,micropython-stm32-stubs,1.19.1.post11
11,stm32,,1.19.1,2024-06-01,micropython-stm32-stubs,1.19.1.post12
3,stm32,,1.19.1,2024-06-01,micropython-stm32-stubs,1.19.1.post2
4,stm32,,1.19.1,2024-06-01,micropython-stm32-stubs,1.19.1.post3
4,stm32,,1.19.1,2024-06-01,micropython-stm32-stubs,1.19.1.post4
4,stm32,,1.19.1,2024-06-01,micropython-stm32-stubs,1.19.1.post5
4,stm32,,1.19.1,2024-06-01,micropython-stm32-stubs,1.19.1.post6
4,stm32,,1.19.1,2024-06-01,micropython-stm32-stubs,1.19.1.post7
4,stm32,,1.19.1,2024-06-01,micropython-stm32-stubs,1.19.1.post8
6,stm32,,1.19.1,2024-06-01,micropython-stm32-stubs,1.19.1.post9
4,stm32,,1.20.0,2024-06-01,micropython-stm32-stubs,1.20.0.post1
3,stm32,,1.20.0,2024-06-01,micropython-stm32-stubs,1.20.0.post2
3,stm32,,1.20.0,2024-06-01,micropython-stm32-stubs,1.20.0.post3
4,stm32,,1.20.0,2024-06-01,micropython-stm32-stubs,1.20.0.post4
5,stm32,,1.20.0,2024-06-01,micropython-stm32-stubs,1.20.0.post5
3,stm32,,1.21.0,2024-06-01,micropython-stm32-stubs,1.21.0.post1
3,stm32,,1.21.0,2024-06-01,micropython-stm32-stubs,1.21.0.post2
114,stm32,,1.22.0,2024-06-01,micropython-stm32-stubs,1.22.0.post1
3,unix,,1.20.0,2024-06-01,micropython-unix-stubs,1.20.0.post1
21,unix,,1.21.0,2024-06-01,micropython-unix-stubs,1.21.0.post1
5,webassembly,,1.21.0,2024-06-01,micropython-webassembly-stubs,1.21.0.post1
8,webassembly,,1.21.0,2024-06-01,micropython-webassembly-stubs,1.21.0.post2
5,windows,,1.20.0,2024-06-01,micropython-windows-stubs,1.20.0.post1
18,windows,,1.21.0,2024-06-01,micropython-windows-stubs,1.21.0.post1
12,esp32,esp32-generic-c3,1.23.0,2024-07-01,micropython-esp32-esp32-generic-c3-stubs,1.23.0.post1
2,esp32,esp32-generic-s3,1.22.0,2024-07-01,micropython-esp32-esp32-generic-s3-stubs,1.22.0.post1
25,esp32,esp32-generic-s3,1.23.0,2024-07-01,micropython-esp32-esp32-generic-s3-stubs,1.23.0.post1
2,esp32,esp32-generic,1.21.0,2024-07-01,micropython-esp32-esp32-generic-stubs,1.21.0.post1
2,esp32,esp32-generic,1.21.0,2024-07-01,micropython-esp32-esp32-generic-stubs,1.21.0.post2
2,esp32,esp32-generic,1.22.0,2024-07-01,micropython-esp32-esp32-generic-stubs,1.22.0.post1
17,esp32,esp32-generic,1.23.0,2024-07-01,micropython-esp32-esp32-generic-stubs,1.23.0.post1
2,esp32,generic-ota,1.20.0,2024-07-01,micropython-esp32-generic-ota-stubs,1.20.0.post1
3,esp32,generic-ota,1.20.0,2024-07-01,micropython-esp32-generic-ota-stubs,1.20.0.post2
2,esp32,generic-s3,1.19.1,2024-07-01,micropython-esp32-generic-s3-stubs,1.19.1.post1
2,esp32,generic-s3,1.20.0,2024-07-01,micropython-esp32-generic-s3-stubs,1.20.0.post1
4,esp32,generic-s3,1.20.0,2024-07-01,micropython-esp32-generic-s3-stubs,1.20.0.post2
4,esp32,generic-spiram,1.19.1,2024-07-01,micropython-esp32-generic-spiram-stubs,1.19.1.post1
3,esp32,ota,1.20.0,2024-07-01,micropython-esp32-ota-stubs,1.20.0.post1
5,esp32,ota,1.20.0,2024-07-01,micropython-esp32-ota-stubs,1.20.0.post2
3,esp32,s3,1.19.1,2024-07-01,micropython-esp32-s3-stubs,1.19.1.post1
7,esp32,s3,1.20.0,2024-07-01,micropython-esp32-s3-stubs,1.20.0.post1
2,esp32,,1.17,2024-07-01,micropython-esp32-stubs,1.17.post1
2,esp32,,1.17,2024-07-01,micropython-esp32-stubs,1.17.post2
2,esp32,,1.17,2024-07-01,micropython-esp32-stubs,1.17.post3
2,esp32,,1.18,2024-07-01,micropython-esp32-stubs,1.18.post1
2,esp32,,1.18,2024-07-01,micropython-esp32-stubs,1.18.post2
2,esp32,,1.18,2024-07-01,micropython-esp32-stubs,1.18.post3
2,esp32,,1.19.1,2024-07-01,micropython-esp32-stubs,1.19.1.post10
9,esp32,,1.19.1,2024-07-01,micropython-esp32-stubs,1.19.1.post11
2,esp32,,1.19.1,2024-07-01,micropython-esp32-stubs,1.19.1.post12
2,esp32,,1.19.1,2024-07-01,micropython-esp32-stubs,1.19.1.post13
2,esp32,,1.19.1,2024-07-01,micropython-esp32-stubs,1.19.1.post14
4,esp32,,1.19.1,2024-07-01,micropython-esp32-stubs,1.19.1.post15
2,esp32,,1.19.1,2024-07-01,micropython-esp32-stubs,1.19.1.post2
2,esp32,,1.19.1,2024-07-01,micropython-esp32-stubs,1.19.1.post3
2,esp32,,1.19.1,2024-07-01,micropython-esp32-stubs,1.19.1.post4
3,esp32,,1.19.1,2024-07-01,micropython-esp32-stubs,1.19.1.post5
2,esp32,,1.19.1,2024-07-01,micropython-esp32-stubs,1.19.1.post6
2,esp32,,1.19.1,2024-07-01,micropython-esp32-stubs,1.19.1.post7
2,esp32,,1.19.1,2024-07-01,micropython-esp32-stubs,1.19.1.post8
2,esp32,,1.19.1,2024-07-01,micropython-esp32-stubs,1.19.1.post9
2,esp32,,1.20.0,2024-07-01,micropython-esp32-stubs,1.20.0.post1
2,esp32,,1.20.0,2024-07-01,micropython-esp32-stubs,1.20.0.post2
2,esp32,,1.20.0,2024-07-01,micropython-esp32-stubs,1.20.0.post3
2,esp32,,1.20.0,2024-07-01,micropython-esp32-stubs,1.20.0.post4
3,esp32,,1.20.0,2024-07-01,micropython-esp32-stubs,1.20.0.post5
2,esp32,,1.21.0,2024-07-01,micropython-esp32-stubs,1.21.0.post1
2,esp32,,1.21.0,2024-07-01,micropython-esp32-stubs,1.21.0.post2
2,esp32,,1.21.0,2024-07-01,micropython-esp32-stubs,1.21.0.post3
2,esp32,,1.21.0,2024-07-01,micropython-esp32-stubs,1.21.0.post4
2,esp32,,,2024-07-01,micropython-esp32-stubs,1.21.0a489
11,esp32,,1.22.0,2024-07-01,micropython-esp32-stubs,1.22.0.post1
45,esp32,,1.23.0,2024-07-01,micropython-esp32-stubs,1.23.0.post1
7,esp32,,,2024-07-01,micropython-esp32-stubs,1.23.0a87
2,esp32,um-tinypico,1.19.1,2024-07-01,micropython-esp32-um-tinypico-stubs,1.19.1.post2
2,esp32,um-tinypico,1.19.1,2024-07-01,micropython-esp32-um-tinypico-stubs,1.19.1.post3
2,esp32,um-tinypico,1.19.1,2024-07-01,micropython-esp32-um-tinypico-stubs,1.19.1.post4
2,esp32,um-tinypico,1.19.1,2024-07-01,micropython-esp32-um-tinypico-stubs,1.19.1.post5
2,esp32,um-tinypico,1.19.1,2024-07-01,micropython-esp32-um-tinypico-stubs,1.19.1.post6
2,esp32,um-tinypico,1.19.1,2024-07-01,micropython-esp32-um-tinypico-stubs,1.19.1.post7
2,esp32,um-tinypico,1.19.1,2024-07-01,micropython-esp32-um-tinypico-stubs,1.19.1.post8
9,esp8266,esp8266-generic,1.23.0,2024-07-01,micropython-esp8266-esp8266-generic-stubs,1.23.0.post1
2,esp8266,,1.17,2024-07-01,micropython-esp8266-stubs,1.17.post1
2,esp8266,,1.17,2024-07-01,micropython-esp8266-stubs,1.17.post2
3,esp8266,,1.17,2024-07-01,micropython-esp8266-stubs,1.17.post3
2,esp8266,,1.18,2024-07-01,micropython-esp8266-stubs,1.18.post1
2,esp8266,,1.18,2024-07-01,micropython-esp8266-stubs,1.18.post2
2,esp8266,,1.18,2024-07-01,micropython-esp8266-stubs,1.18.post3
2,esp8266,,1.18,2024-07-01,micropython-esp8266-stubs,1.18.post4
2,esp8266,,1.19.1,2024-07-01,micropython-esp8266-stubs,1.19.1.post1
2,esp8266,,1.19.1,2024-07-01,micropython-esp8266-stubs,1.19.1.post10
2,esp8266,,1.19.1,2024-07-01,micropython-esp8266-stubs,1.19.1.post11
3,esp8266,,1.19.1,2024-07-01,micropython-esp8266-stubs,1.19.1.post12
2,esp8266,,1.19.1,2024-07-01,micropython-esp8266-stubs,1.19.1.post2
2,esp8266,,1.19.1,2024-07-01,micropython-esp8266-stubs,1.19.1.post3
2,esp8266,,1.19.1,2024-07-01,micropython-esp8266-stubs,1.19.1.post4
2,esp8266,,1.19.1,2024-07-01,micropython-esp8266-stubs,1.19.1.post5
2,esp8266,,1.19.1,2024-07-01,micropython-esp8266-stubs,1.19.1.post6
2,esp8266,,1.19.1,2024-07-01,micropython-esp8266-stubs,1.19.1.post7
2,esp8266,,1.19.1,2024-07-01,micropython-esp8266-stubs,1.19.1.post8
2,esp8266,,1.19.1,2024-07-01,micropython-esp8266-stubs,1.19.1.post9
15,esp8266,,1.23.0,2024-07-01,micropython-esp8266-stubs,1.23.0.post1
2,rp2,arduino-nano-rp2040-connect,1.22.0,2024-07-01,micropython-rp2-arduino-nano-rp2040-connect-stubs,1.22.0.post1
2,rp2,arduino-nano-rp2040-connect,1.22.1,2024-07-01,micropython-rp2-arduino-nano-rp2040-connect-stubs,1.22.1.post1
2,rp2,arduino-nano-rp2040-connect,1.22.1,2024-07-01,micropython-rp2-arduino-nano-rp2040-connect-stubs,1.22.1.post2
2,rp2,pico,1.20.0,2024-07-01,micropython-rp2-pico-stubs,1.20.0.post1
3,rp2,pico,1.20.0,2024-07-01,micropython-rp2-pico-stubs,1.20.0.post2
3,rp2,pico,1.20.0,2024-07-01,micropython-rp2-pico-stubs,1.20.0.post3
3,rp2,pico,1.20.0,2024-07-01,micropython-rp2-pico-stubs,1.20.0.post4
8,rp2,pico,1.20.0,2024-07-01,micropython-rp2-pico-stubs,1.20.0.post5
3,rp2,pico-w,1.20.0,2024-07-01,micropython-rp2-pico-w-stubs,1.20.0.post1
3,rp2,pico-w,1.20.0,2024-07-01,micropython-rp2-pico-w-stubs,1.20.0.post2
3,rp2,pico-w,1.20.0,2024-07-01,micropython-rp2-pico-w-stubs,1.20.0.post3
3,rp2,pico-w,1.20.0,2024-07-01,micropython-rp2-pico-w-stubs,1.20.0.post4
21,rp2,pico-w,1.20.0,2024-07-01,micropython-rp2-pico-w-stubs,1.20.0.post5
2,rp2,pimoroni-picolipo-16mb,1.20.0,2024-07-01,micropython-rp2-pimoroni-picolipo-16mb-stubs,1.20.0.post1
2,rp2,pimoroni-picolipo-16mb,1.20.0,2024-07-01,micropython-rp2-pimoroni-picolipo-16mb-stubs,1.20.0.post2
2,rp2,pimoroni-picolipo-16mb,1.20.0,2024-07-01,micropython-rp2-pimoroni-picolipo-16mb-stubs,1.20.0.post3
3,rp2,pimoroni-picolipo-16mb,1.22.0,2024-07-01,micropython-rp2-pimoroni-picolipo-16mb-stubs,1.22.0.post1
2,rp2,rpi-pico,1.21.0,2024-07-01,micropython-rp2-rpi-pico-stubs,1.21.0.post1
2,rp2,rpi-pico,1.21.0,2024-07-01,micropython-rp2-rpi-pico-stubs,1.21.0.post2
2,rp2,rpi-pico,1.21.0,2024-07-01,micropython-rp2-rpi-pico-stubs,1.21.0.post3
2,rp2,rpi-pico,1.22.0,2024-07-01,micropython-rp2-rpi-pico-stubs,1.22.0.post1
2,rp2,rpi-pico,1.22.1,2024-07-01,micropython-rp2-rpi-pico-stubs,1.22.1.post1
2,rp2,rpi-pico,1.22.1,2024-07-01,micropython-rp2-rpi-pico-stubs,1.22.1.post2
17,rp2,rpi-pico,1.23.0,2024-07-01,micropython-rp2-rpi-pico-stubs,1.23.0.post1
4,rp2,rpi-pico-w,1.21.0,2024-07-01,micropython-rp2-rpi-pico-w-stubs,1.21.0.post1
4,rp2,rpi-pico-w,1.21.0,2024-07-01,micropython-rp2-rpi-pico-w-stubs,1.21.0.post2
7,rp2,rpi-pico-w,1.21.0,2024-07-01,micropython-rp2-rpi-pico-w-stubs,1.21.0.post3
5,rp2,rpi-pico-w,1.22.0,2024-07-01,micropython-rp2-rpi-pico-w-stubs,1.22.0.post1
5,rp2,rpi-pico-w,1.22.1,2024-07-01,micropython-rp2-rpi-pico-w-stubs,1.22.1.post1
10,rp2,rpi-pico-w,1.22.1,2024-07-01,micropython-rp2-rpi-pico-w-stubs,1.22.1.post2
34,rp2,rpi-pico-w,1.23.0,2024-07-01,micropython-rp2-rpi-pico-w-stubs,1.23.0.post1
2,rp2,,1.17,2024-07-01,micropython-rp2-stubs,1.17.post1
3,rp2,,1.17,2024-07-01,micropython-rp2-stubs,1.17.post2
2,rp2,,1.17,2024-07-01,micropython-rp2-stubs,1.17.post3
2492,rp2,,1.18,2024-07-01,micropython-rp2-stubs,1.18.post1
2,rp2,,1.18,2024-07-01,micropython-rp2-stubs,1.18.post2
2,rp2,,1.18,2024-07-01,micropython-rp2-stubs,1.18.post3
2,rp2,,1.19.1,2024-07-01,micropython-rp2-stubs,1.19.1.post10
24,rp2,,1.19.1,2024-07-01,micropython-rp2-stubs,1.19.1.post11
3,rp2,,1.19.1,2024-07-01,micropython-rp2-stubs,1.19.1.post12
2,rp2,,1.19.1,2024-07-01,micropython-rp2-stubs,1.19.1.post13
2,rp2,,1.19.1,2024-07-01,micropython-rp2-stubs,1.19.1.post14
2,rp2,,1.19.1,2024-07-01,micropython-rp2-stubs,1.19.1.post6
2,rp2,,1.19.1,2024-07-01,micropython-rp2-stubs,1.19.1.post7
2,rp2,,1.19.1,2024-07-01,micropython-rp2-stubs,1.19.1.post8
2,rp2,,1.19.1,2024-07-01,micropython-rp2-stubs,1.19.1.post9
2,rp2,,1.20.0,2024-07-01,micropython-rp2-stubs,1.20.0.post1
2,rp2,,1.20.0,2024-07-01,micropython-rp2-stubs,1.20.0.post2
2,rp2,,1.20.0,2024-07-01,micropython-rp2-stubs,1.20.0.post3
2,rp2,,1.20.0,2024-07-01,micropython-rp2-stubs,1.20.0.post4
2,rp2,,1.20.0,2024-07-01,micropython-rp2-stubs,1.20.0.post5
2,rp2,,1.21.0,2024-07-01,micropython-rp2-stubs,1.21.0.post1
3,rp2,,1.21.0,2024-07-01,micropython-rp2-stubs,1.21.0.post2
3,rp2,,1.22.0,2024-07-01,micropython-rp2-stubs,1.22.0.post1
3,rp2,,1.22.1,2024-07-01,micropython-rp2-stubs,1.22.1.post1
5,rp2,,1.22.1,2024-07-01,micropython-rp2-stubs,1.22.1.post2
28,rp2,,1.23.0,2024-07-01,micropython-rp2-stubs,1.23.0.post1
2,samd,adafruit-feather-m4-express,1.20.0,2024-07-01,micropython-samd-adafruit-feather-m4-express-stubs,1.20.0.post1
3,samd,adafruit-feather-m4-express,1.20.0,2024-07-01,micropython-samd-adafruit-feather-m4-express-stubs,1.20.0.post2
2,samd,adafruit-feather-m4-express,1.20.0,2024-07-01,micropython-samd-adafruit-feather-m4-express-stubs,1.20.0.post3
4,samd,adafruit-feather-m4-express,1.20.0,2024-07-01,micropython-samd-adafruit-feather-m4-express-stubs,1.20.0.post4
2,samd,adafruit-itsybitsy-m4-express,1.20.0,2024-07-01,micropython-samd-adafruit-itsybitsy-m4-express-stubs,1.20.0.post1
3,samd,adafruit-itsybitsy-m4-express,1.20.0,2024-07-01,micropython-samd-adafruit-itsybitsy-m4-express-stubs,1.20.0.post2
3,samd,adafruit-itsybitsy-m4-express,1.20.0,2024-07-01,micropython-samd-adafruit-itsybitsy-m4-express-stubs,1.20.0.post3
3,samd,adafruit-itsybitsy-m4-express,1.20.0,2024-07-01,micropython-samd-adafruit-itsybitsy-m4-express-stubs,1.20.0.post4
3,samd,minisam-m4,1.20.0,2024-07-01,micropython-samd-minisam-m4-stubs,1.20.0.post1
3,samd,minisam-m4,1.20.0,2024-07-01,micropython-samd-minisam-m4-stubs,1.20.0.post2
3,samd,minisam-m4,1.20.0,2024-07-01,micropython-samd-minisam-m4-stubs,1.20.0.post3
3,samd,minisam-m4,1.20.0,2024-07-01,micropython-samd-minisam-m4-stubs,1.20.0.post4
2,samd,seeed-wio-terminal,1.20.0,2024-07-01,micropython-samd-seeed-wio-terminal-stubs,1.20.0.post1
3,samd,seeed-wio-terminal,1.20.0,2024-07-01,micropython-samd-seeed-wio-terminal-stubs,1.20.0.post2
2,samd,seeed-wio-terminal,1.20.0,2024-07-01,micropython-samd-seeed-wio-terminal-stubs,1.20.0.post3
2,samd,seeed-wio-terminal,1.20.0,2024-07-01,micropython-samd-seeed-wio-terminal-stubs,1.20.0.post4
2,samd,seeed-wio-terminal,1.20.0,2024-07-01,micropython-samd-seeed-wio-terminal-stubs,1.20.0.post5
2,samd,seeed-wio-terminal,1.21.0,2024-07-01,micropython-samd-seeed-wio-terminal-stubs,1.21.0.post1
3,samd,seeed-wio-terminal,1.21.0,2024-07-01,micropython-samd-seeed-wio-terminal-stubs,1.21.0.post2
3,samd,seeed-wio-terminal,1.21.0,2024-07-01,micropython-samd-seeed-wio-terminal-stubs,1.21.0.post3
3,samd,seeed-wio-terminal,1.22.0,2024-07-01,micropython-samd-seeed-wio-terminal-stubs,1.22.0.post1
2,samd,seeed-wio-terminal,1.22.1,2024-07-01,micropython-samd-seeed-wio-terminal-stubs,1.22.1.post1
9,samd,seeed-wio-terminal,1.23.0,2024-07-01,micropython-samd-seeed-wio-terminal-stubs,1.23.0.post1
3,samd,,1.20.0,2024-07-01,micropython-samd-stubs,1.20.0.post1
2,samd,,1.20.0,2024-07-01,micropython-samd-stubs,1.20.0.post2
2,samd,,1.21.0,2024-07-01,micropython-samd-stubs,1.21.0.post1
2,samd,,1.21.0,2024-07-01,micropython-samd-stubs,1.21.0.post2
2,samd,,1.22.0,2024-07-01,micropython-samd-stubs,1.22.0.post1
2,samd,,1.22.1,2024-07-01,micropython-samd-stubs,1.22.1.post1
7,samd,,1.23.0,2024-07-01,micropython-samd-stubs,1.23.0.post1
2,samd,,,2024-07-01,micropython-samd-stubs,1.23.0a87
34,stdlib,,,2024-07-01,micropython-stdlib-stubs,0.9.0
2,stdlib,,,2024-07-01,micropython-stdlib-stubs,1.0.0
3,stdlib,,,2024-07-01,micropython-stdlib-stubs,1.0.0rc2
3,stdlib,,,2024-07-01,micropython-stdlib-stubs,1.0.1a0
2,stdlib,,,2024-07-01,micropython-stdlib-stubs,1.0.1a1
3,stdlib,,,2024-07-01,micropython-stdlib-stubs,1.0.1a2
3,stdlib,,,2024-07-01,micropython-stdlib-stubs,1.1.0
4,stdlib,,,2024-07-01,micropython-stdlib-stubs,1.1.1
3,stdlib,,,2024-07-01,micropython-stdlib-stubs,1.1.1a2
3011,stdlib,,,2024-07-01,micropython-stdlib-stubs,1.1.2
4,stdlib,,,2024-07-01,micropython-stdlib-stubs,1.1.2a0
3,stm32,pybv11,1.20.0,2024-07-01,micropython-stm32-pybv11-stubs,1.20.0.post1
2,stm32,pybv11,1.20.0,2024-07-01,micropython-stm32-pybv11-stubs,1.20.0.post2
2,stm32,pybv11,1.20.0,2024-07-01,micropython-stm32-pybv11-stubs,1.20.0.post3
3,stm32,pybv11,1.20.0,2024-07-01,micropython-stm32-pybv11-stubs,1.20.0.post4
2,stm32,pybv11,1.20.0,2024-07-01,micropython-stm32-pybv11-stubs,1.20.0.post5
2,stm32,pybv11,1.20.0,2024-07-01,micropython-stm32-pybv11-stubs,1.20.0.post6
2,stm32,pybv11,1.21.0,2024-07-01,micropython-stm32-pybv11-stubs,1.21.0.post1
2,stm32,pybv11,1.21.0,2024-07-01,micropython-stm32-pybv11-stubs,1.21.0.post2
2,stm32,pybv11,1.21.0,2024-07-01,micropython-stm32-pybv11-stubs,1.21.0.post3
3,stm32,pybv11,1.22.0,2024-07-01,micropython-stm32-pybv11-stubs,1.22.0.post1
4,stm32,pybv11,1.22.0,2024-07-01,micropython-stm32-pybv11-stubs,1.22.0.post2
2,stm32,,1.17,2024-07-01,micropython-stm32-stubs,1.17.post1
2,stm32,,1.17,2024-07-01,micropython-stm32-stubs,1.17.post2
2,stm32,,1.17,2024-07-01,micropython-stm32-stubs,1.17.post3
2,stm32,,1.18,2024-07-01,micropython-stm32-stubs,1.18.post1
3,stm32,,1.18,2024-07-01,micropython-stm32-stubs,1.18.post2
2,stm32,,1.18,2024-07-01,micropython-stm32-stubs,1.18.post3
2,stm32,,1.18,2024-07-01,micropython-stm32-stubs,1.18.post4
2,stm32,,1.19.1,2024-07-01,micropython-stm32-stubs,1.19.1.post1
2,stm32,,1.19.1,2024-07-01,micropython-stm32-stubs,1.19.1.post10
2,stm32,,1.19.1,2024-07-01,micropython-stm32-stubs,1.19.1.post11
5,stm32,,1.19.1,2024-07-01,micropython-stm32-stubs,1.19.1.post12
2,stm32,,1.19.1,2024-07-01,micropython-stm32-stubs,1.19.1.post2
3,stm32,,1.19.1,2024-07-01,micropython-stm32-stubs,1.19.1.post3
2,stm32,,1.19.1,2024-07-01,micropython-stm32-stubs,1.19.1.post4
2,stm32,,1.19.1,2024-07-01,micropython-stm32-stubs,1.19.1.post5
3,stm32,,1.19.1,2024-07-01,micropython-stm32-stubs,1.19.1.post6
2,stm32,,1.19.1,2024-07-01,micropython-stm32-stubs,1.19.1.post7
2,stm32,,1.19.1,2024-07-01,micropython-stm32-stubs,1.19.1.post8
2,stm32,,1.19.1,2024-07-01,micropython-stm32-stubs,1.19.1.post9
2,stm32,,1.20.0,2024-07-01,micropython-stm32-stubs,1.20.0.post1
2,stm32,,1.20.0,2024-07-01,micropython-stm32-stubs,1.20.0.post2
3,stm32,,1.20.0,2024-07-01,micropython-stm32-stubs,1.20.0.post3
3,stm32,,1.20.0,2024-07-01,micropython-stm32-stubs,1.20.0.post4
4,stm32,,1.20.0,2024-07-01,micropython-stm32-stubs,1.20.0.post5
2,stm32,,1.21.0,2024-07-01,micropython-stm32-stubs,1.21.0.post1
2,stm32,,1.21.0,2024-07-01,micropython-stm32-stubs,1.21.0.post2
44,stm32,,1.22.0,2024-07-01,micropython-stm32-stubs,1.22.0.post1
3,unix,,1.20.0,2024-07-01,micropython-unix-stubs,1.20.0.post1
4,unix,,1.21.0,2024-07-01,micropython-unix-stubs,1.21.0.post1
2,webassembly,,1.21.0,2024-07-01,micropython-webassembly-stubs,1.21.0.post1
2,webassembly,,1.21.0,2024-07-01,micropython-webassembly-stubs,1.21.0.post2
3,windows,,1.20.0,2024-07-01,micropython-windows-stubs,1.20.0.post1
4,windows,,1.21.0,2024-07-01,micropython-windows-stubs,1.21.0.post1
46,esp32,esp32-generic-c3,1.23.0,2024-08-01,micropython-esp32-esp32-generic-c3-stubs,1.23.0.post1
10,esp32,esp32-generic-s3,1.22.0,2024-08-01,micropython-esp32-esp32-generic-s3-stubs,1.22.0.post1
77,esp32,esp32-generic-s3,1.23.0,2024-08-01,micropython-esp32-esp32-generic-s3-stubs,1.23.0.post1
7,esp32,esp32-generic,1.21.0,2024-08-01,micropython-esp32-esp32-generic-stubs,1.21.0.post1
12,esp32,esp32-generic,1.21.0,2024-08-01,micropython-esp32-esp32-generic-stubs,1.21.0.post2
9,esp32,esp32-generic,1.22.0,2024-08-01,micropython-esp32-esp32-generic-stubs,1.22.0.post1
72,esp32,esp32-generic,1.23.0,2024-08-01,micropython-esp32-esp32-generic-stubs,1.23.0.post1
5,esp32,generic-ota,1.20.0,2024-08-01,micropython-esp32-generic-ota-stubs,1.20.0.post1
33,esp32,generic-ota,1.20.0,2024-08-01,micropython-esp32-generic-ota-stubs,1.20.0.post2
6,esp32,generic-s3,1.19.1,2024-08-01,micropython-esp32-generic-s3-stubs,1.19.1.post1
6,esp32,generic-s3,1.20.0,2024-08-01,micropython-esp32-generic-s3-stubs,1.20.0.post1
38,esp32,generic-s3,1.20.0,2024-08-01,micropython-esp32-generic-s3-stubs,1.20.0.post2
29,esp32,generic-spiram,1.19.1,2024-08-01,micropython-esp32-generic-spiram-stubs,1.19.1.post1
4,esp32,ota,1.20.0,2024-08-01,micropython-esp32-ota-stubs,1.20.0.post1
37,esp32,ota,1.20.0,2024-08-01,micropython-esp32-ota-stubs,1.20.0.post2
7,esp32,s3,1.19.1,2024-08-01,micropython-esp32-s3-stubs,1.19.1.post1
45,esp32,s3,1.20.0,2024-08-01,micropython-esp32-s3-stubs,1.20.0.post1
8,esp32,,1.17,2024-08-01,micropython-esp32-stubs,1.17.post1
9,esp32,,1.17,2024-08-01,micropython-esp32-stubs,1.17.post2
9,esp32,,1.17,2024-08-01,micropython-esp32-stubs,1.17.post3
8,esp32,,1.18,2024-08-01,micropython-esp32-stubs,1.18.post1
8,esp32,,1.18,2024-08-01,micropython-esp32-stubs,1.18.post2
8,esp32,,1.18,2024-08-01,micropython-esp32-stubs,1.18.post3
9,esp32,,1.19.1,2024-08-01,micropython-esp32-stubs,1.19.1.post10
8,esp32,,1.19.1,2024-08-01,micropython-esp32-stubs,1.19.1.post11
8,esp32,,1.19.1,2024-08-01,micropython-esp32-stubs,1.19.1.post12
9,esp32,,1.19.1,2024-08-01,micropython-esp32-stubs,1.19.1.post13
7,esp32,,1.19.1,2024-08-01,micropython-esp32-stubs,1.19.1.post14
11,esp32,,1.19.1,2024-08-01,micropython-esp32-stubs,1.19.1.post15
8,esp32,,1.19.1,2024-08-01,micropython-esp32-stubs,1.19.1.post2
8,esp32,,1.19.1,2024-08-01,micropython-esp32-stubs,1.19.1.post3
8,esp32,,1.19.1,2024-08-01,micropython-esp32-stubs,1.19.1.post4
8,esp32,,1.19.1,2024-08-01,micropython-esp32-stubs,1.19.1.post5
9,esp32,,1.19.1,2024-08-01,micropython-esp32-stubs,1.19.1.post6
9,esp32,,1.19.1,2024-08-01,micropython-esp32-stubs,1.19.1.post7
9,esp32,,1.19.1,2024-08-01,micropython-esp32-stubs,1.19.1.post8
9,esp32,,1.19.1,2024-08-01,micropython-esp32-stubs,1.19.1.post9
12,esp32,,1.20.0,2024-08-01,micropython-esp32-stubs,1.20.0.post1
8,esp32,,1.20.0,2024-08-01,micropython-esp32-stubs,1.20.0.post2
8,esp32,,1.20.0,2024-08-01,micropython-esp32-stubs,1.20.0.post3
7,esp32,,1.20.0,2024-08-01,micropython-esp32-stubs,1.20.0.post4
15,esp32,,1.20.0,2024-08-01,micropython-esp32-stubs,1.20.0.post5
7,esp32,,1.21.0,2024-08-01,micropython-esp32-stubs,1.21.0.post1
7,esp32,,1.21.0,2024-08-01,micropython-esp32-stubs,1.21.0.post2
8,esp32,,1.21.0,2024-08-01,micropython-esp32-stubs,1.21.0.post3
12,esp32,,1.21.0,2024-08-01,micropython-esp32-stubs,1.21.0.post4
7,esp32,,,2024-08-01,micropython-esp32-stubs,1.21.0a489
10,esp32,,1.22.0,2024-08-01,micropython-esp32-stubs,1.22.0.post1
194,esp32,,1.23.0,2024-08-01,micropython-esp32-stubs,1.23.0.post1
39,esp32,,,2024-08-01,micropython-esp32-stubs,1.23.0a87
2,esp32,um-tinypico,1.19.1,2024-08-01,micropython-esp32-um-tinypico-stubs,1.19.1.post2
2,esp32,um-tinypico,1.19.1,2024-08-01,micropython-esp32-um-tinypico-stubs,1.19.1.post3
2,esp32,um-tinypico,1.19.1,2024-08-01,micropython-esp32-um-tinypico-stubs,1.19.1.post4
2,esp32,um-tinypico,1.19.1,2024-08-01,micropython-esp32-um-tinypico-stubs,1.19.1.post5
3,esp32,um-tinypico,1.19.1,2024-08-01,micropython-esp32-um-tinypico-stubs,1.19.1.post6
3,esp32,um-tinypico,1.19.1,2024-08-01,micropython-esp32-um-tinypico-stubs,1.19.1.post7
24,esp32,um-tinypico,1.19.1,2024-08-01,micropython-esp32-um-tinypico-stubs,1.19.1.post8
46,esp8266,esp8266-generic,1.23.0,2024-08-01,micropython-esp8266-esp8266-generic-stubs,1.23.0.post1
8,esp8266,,1.17,2024-08-01,micropython-esp8266-stubs,1.17.post1
9,esp8266,,1.17,2024-08-01,micropython-esp8266-stubs,1.17.post2
9,esp8266,,1.17,2024-08-01,micropython-esp8266-stubs,1.17.post3
9,esp8266,,1.18,2024-08-01,micropython-esp8266-stubs,1.18.post1
8,esp8266,,1.18,2024-08-01,micropython-esp8266-stubs,1.18.post2
8,esp8266,,1.18,2024-08-01,micropython-esp8266-stubs,1.18.post3
9,esp8266,,1.18,2024-08-01,micropython-esp8266-stubs,1.18.post4
8,esp8266,,1.19.1,2024-08-01,micropython-esp8266-stubs,1.19.1.post1
10,esp8266,,1.19.1,2024-08-01,micropython-esp8266-stubs,1.19.1.post10
8,esp8266,,1.19.1,2024-08-01,micropython-esp8266-stubs,1.19.1.post11
9,esp8266,,1.19.1,2024-08-01,micropython-esp8266-stubs,1.19.1.post12
8,esp8266,,1.19.1,2024-08-01,micropython-esp8266-stubs,1.19.1.post2
8,esp8266,,1.19.1,2024-08-01,micropython-esp8266-stubs,1.19.1.post3
8,esp8266,,1.19.1,2024-08-01,micropython-esp8266-stubs,1.19.1.post4
8,esp8266,,1.19.1,2024-08-01,micropython-esp8266-stubs,1.19.1.post5
8,esp8266,,1.19.1,2024-08-01,micropython-esp8266-stubs,1.19.1.post6
9,esp8266,,1.19.1,2024-08-01,micropython-esp8266-stubs,1.19.1.post7
10,esp8266,,1.19.1,2024-08-01,micropython-esp8266-stubs,1.19.1.post8
9,esp8266,,1.19.1,2024-08-01,micropython-esp8266-stubs,1.19.1.post9
73,esp8266,,1.23.0,2024-08-01,micropython-esp8266-stubs,1.23.0.post1
9,rp2,arduino-nano-rp2040-connect,1.22.0,2024-08-01,micropython-rp2-arduino-nano-rp2040-connect-stubs,1.22.0.post1
6,rp2,arduino-nano-rp2040-connect,1.22.1,2024-08-01,micropython-rp2-arduino-nano-rp2040-connect-stubs,1.22.1.post1
29,rp2,arduino-nano-rp2040-connect,1.22.1,2024-08-01,micropython-rp2-arduino-nano-rp2040-connect-stubs,1.22.1.post2
7,rp2,pico,1.20.0,2024-08-01,micropython-rp2-pico-stubs,1.20.0.post1
8,rp2,pico,1.20.0,2024-08-01,micropython-rp2-pico-stubs,1.20.0.post2
7,rp2,pico,1.20.0,2024-08-01,micropython-rp2-pico-stubs,1.20.0.post3
7,rp2,pico,1.20.0,2024-08-01,micropython-rp2-pico-stubs,1.20.0.post4
107,rp2,pico,1.20.0,2024-08-01,micropython-rp2-pico-stubs,1.20.0.post5
7,rp2,pico-w,1.20.0,2024-08-01,micropython-rp2-pico-w-stubs,1.20.0.post1
7,rp2,pico-w,1.20.0,2024-08-01,micropython-rp2-pico-w-stubs,1.20.0.post2
5,rp2,pico-w,1.20.0,2024-08-01,micropython-rp2-pico-w-stubs,1.20.0.post3
10,rp2,pico-w,1.20.0,2024-08-01,micropython-rp2-pico-w-stubs,1.20.0.post4
160,rp2,pico-w,1.20.0,2024-08-01,micropython-rp2-pico-w-stubs,1.20.0.post5
5,rp2,pimoroni-picolipo-16mb,1.20.0,2024-08-01,micropython-rp2-pimoroni-picolipo-16mb-stubs,1.20.0.post1
5,rp2,pimoroni-picolipo-16mb,1.20.0,2024-08-01,micropython-rp2-pimoroni-picolipo-16mb-stubs,1.20.0.post2
4,rp2,pimoroni-picolipo-16mb,1.20.0,2024-08-01,micropython-rp2-pimoroni-picolipo-16mb-stubs,1.20.0.post3
26,rp2,pimoroni-picolipo-16mb,1.22.0,2024-08-01,micropython-rp2-pimoroni-picolipo-16mb-stubs,1.22.0.post1
7,rp2,rpi-pico,1.21.0,2024-08-01,micropython-rp2-rpi-pico-stubs,1.21.0.post1
7,rp2,rpi-pico,1.21.0,2024-08-01,micropython-rp2-rpi-pico-stubs,1.21.0.post2
17,rp2,rpi-pico,1.21.0,2024-08-01,micropython-rp2-rpi-pico-stubs,1.21.0.post3
7,rp2,rpi-pico,1.22.0,2024-08-01,micropython-rp2-rpi-pico-stubs,1.22.0.post1
8,rp2,rpi-pico,1.22.1,2024-08-01,micropython-rp2-rpi-pico-stubs,1.22.1.post1
14,rp2,rpi-pico,1.22.1,2024-08-01,micropython-rp2-rpi-pico-stubs,1.22.1.post2
89,rp2,rpi-pico,1.23.0,2024-08-01,micropython-rp2-rpi-pico-stubs,1.23.0.post1
9,rp2,rpi-pico-w,1.21.0,2024-08-01,micropython-rp2-rpi-pico-w-stubs,1.21.0.post1
8,rp2,rpi-pico-w,1.21.0,2024-08-01,micropython-rp2-rpi-pico-w-stubs,1.21.0.post2
16,rp2,rpi-pico-w,1.21.0,2024-08-01,micropython-rp2-rpi-pico-w-stubs,1.21.0.post3
11,rp2,rpi-pico-w,1.22.0,2024-08-01,micropython-rp2-rpi-pico-w-stubs,1.22.0.post1
10,rp2,rpi-pico-w,1.22.1,2024-08-01,micropython-rp2-rpi-pico-w-stubs,1.22.1.post1
19,rp2,rpi-pico-w,1.22.1,2024-08-01,micropython-rp2-rpi-pico-w-stubs,1.22.1.post2
298,rp2,rpi-pico-w,1.23.0,2024-08-01,micropython-rp2-rpi-pico-w-stubs,1.23.0.post1
8,rp2,,1.17,2024-08-01,micropython-rp2-stubs,1.17.post1
9,rp2,,1.17,2024-08-01,micropython-rp2-stubs,1.17.post2
9,rp2,,1.17,2024-08-01,micropython-rp2-stubs,1.17.post3
3950,rp2,,1.18,2024-08-01,micropython-rp2-stubs,1.18.post1
8,rp2,,1.18,2024-08-01,micropython-rp2-stubs,1.18.post2
8,rp2,,1.18,2024-08-01,micropython-rp2-stubs,1.18.post3
8,rp2,,1.19.1,2024-08-01,micropython-rp2-stubs,1.19.1.post10
8,rp2,,1.19.1,2024-08-01,micropython-rp2-stubs,1.19.1.post11
9,rp2,,1.19.1,2024-08-01,micropython-rp2-stubs,1.19.1.post12
7,rp2,,1.19.1,2024-08-01,micropython-rp2-stubs,1.19.1.post13
7,rp2,,1.19.1,2024-08-01,micropython-rp2-stubs,1.19.1.post14
8,rp2,,1.19.1,2024-08-01,micropython-rp2-stubs,1.19.1.post6
8,rp2,,1.19.1,2024-08-01,micropython-rp2-stubs,1.19.1.post7
8,rp2,,1.19.1,2024-08-01,micropython-rp2-stubs,1.19.1.post8
8,rp2,,1.19.1,2024-08-01,micropython-rp2-stubs,1.19.1.post9
8,rp2,,1.20.0,2024-08-01,micropython-rp2-stubs,1.20.0.post1
8,rp2,,1.20.0,2024-08-01,micropython-rp2-stubs,1.20.0.post2
7,rp2,,1.20.0,2024-08-01,micropython-rp2-stubs,1.20.0.post3
7,rp2,,1.20.0,2024-08-01,micropython-rp2-stubs,1.20.0.post4
10,rp2,,1.20.0,2024-08-01,micropython-rp2-stubs,1.20.0.post5
7,rp2,,1.21.0,2024-08-01,micropython-rp2-stubs,1.21.0.post1
8,rp2,,1.21.0,2024-08-01,micropython-rp2-stubs,1.21.0.post2
8,rp2,,1.22.0,2024-08-01,micropython-rp2-stubs,1.22.0.post1
8,rp2,,1.22.1,2024-08-01,micropython-rp2-stubs,1.22.1.post1
13,rp2,,1.22.1,2024-08-01,micropython-rp2-stubs,1.22.1.post2
106,rp2,,1.23.0,2024-08-01,micropython-rp2-stubs,1.23.0.post1
6,samd,adafruit-feather-m4-express,1.20.0,2024-08-01,micropython-samd-adafruit-feather-m4-express-stubs,1.20.0.post1
4,samd,adafruit-feather-m4-express,1.20.0,2024-08-01,micropython-samd-adafruit-feather-m4-express-stubs,1.20.0.post2
4,samd,adafruit-feather-m4-express,1.20.0,2024-08-01,micropython-samd-adafruit-feather-m4-express-stubs,1.20.0.post3
26,samd,adafruit-feather-m4-express,1.20.0,2024-08-01,micropython-samd-adafruit-feather-m4-express-stubs,1.20.0.post4
6,samd,adafruit-itsybitsy-m4-express,1.20.0,2024-08-01,micropython-samd-adafruit-itsybitsy-m4-express-stubs,1.20.0.post1
5,samd,adafruit-itsybitsy-m4-express,1.20.0,2024-08-01,micropython-samd-adafruit-itsybitsy-m4-express-stubs,1.20.0.post2
5,samd,adafruit-itsybitsy-m4-express,1.20.0,2024-08-01,micropython-samd-adafruit-itsybitsy-m4-express-stubs,1.20.0.post3
22,samd,adafruit-itsybitsy-m4-express,1.20.0,2024-08-01,micropython-samd-adafruit-itsybitsy-m4-express-stubs,1.20.0.post4
6,samd,minisam-m4,1.20.0,2024-08-01,micropython-samd-minisam-m4-stubs,1.20.0.post1
4,samd,minisam-m4,1.20.0,2024-08-01,micropython-samd-minisam-m4-stubs,1.20.0.post2
5,samd,minisam-m4,1.20.0,2024-08-01,micropython-samd-minisam-m4-stubs,1.20.0.post3
27,samd,minisam-m4,1.20.0,2024-08-01,micropython-samd-minisam-m4-stubs,1.20.0.post4
7,samd,seeed-wio-terminal,1.20.0,2024-08-01,micropython-samd-seeed-wio-terminal-stubs,1.20.0.post1
7,samd,seeed-wio-terminal,1.20.0,2024-08-01,micropython-samd-seeed-wio-terminal-stubs,1.20.0.post2
6,samd,seeed-wio-terminal,1.20.0,2024-08-01,micropython-samd-seeed-wio-terminal-stubs,1.20.0.post3
7,samd,seeed-wio-terminal,1.20.0,2024-08-01,micropython-samd-seeed-wio-terminal-stubs,1.20.0.post4
7,samd,seeed-wio-terminal,1.20.0,2024-08-01,micropython-samd-seeed-wio-terminal-stubs,1.20.0.post5
6,samd,seeed-wio-terminal,1.21.0,2024-08-01,micropython-samd-seeed-wio-terminal-stubs,1.21.0.post1
7,samd,seeed-wio-terminal,1.21.0,2024-08-01,micropython-samd-seeed-wio-terminal-stubs,1.21.0.post2
7,samd,seeed-wio-terminal,1.21.0,2024-08-01,micropython-samd-seeed-wio-terminal-stubs,1.21.0.post3
7,samd,seeed-wio-terminal,1.22.0,2024-08-01,micropython-samd-seeed-wio-terminal-stubs,1.22.0.post1
7,samd,seeed-wio-terminal,1.22.1,2024-08-01,micropython-samd-seeed-wio-terminal-stubs,1.22.1.post1
32,samd,seeed-wio-terminal,1.23.0,2024-08-01,micropython-samd-seeed-wio-terminal-stubs,1.23.0.post1
9,samd,,1.20.0,2024-08-01,micropython-samd-stubs,1.20.0.post1
9,samd,,1.20.0,2024-08-01,micropython-samd-stubs,1.20.0.post2
10,samd,,1.21.0,2024-08-01,micropython-samd-stubs,1.21.0.post1
8,samd,,1.21.0,2024-08-01,micropython-samd-stubs,1.21.0.post2
8,samd,,1.22.0,2024-08-01,micropython-samd-stubs,1.22.0.post1
8,samd,,1.22.1,2024-08-01,micropython-samd-stubs,1.22.1.post1
30,samd,,1.23.0,2024-08-01,micropython-samd-stubs,1.23.0.post1
8,samd,,,2024-08-01,micropython-samd-stubs,1.23.0a87
5,stdlib,,,2024-08-01,micropython-stdlib-stubs,0.9.0
6,stdlib,,,2024-08-01,micropython-stdlib-stubs,1.0.0
5,stdlib,,,2024-08-01,micropython-stdlib-stubs,1.0.0rc2
5,stdlib,,,2024-08-01,micropython-stdlib-stubs,1.0.1a0
6,stdlib,,,2024-08-01,micropython-stdlib-stubs,1.0.1a1
6,stdlib,,,2024-08-01,micropython-stdlib-stubs,1.0.1a2
5,stdlib,,,2024-08-01,micropython-stdlib-stubs,1.1.0
5,stdlib,,,2024-08-01,micropython-stdlib-stubs,1.1.1
5,stdlib,,,2024-08-01,micropython-stdlib-stubs,1.1.1a2
5239,stdlib,,,2024-08-01,micropython-stdlib-stubs,1.1.2
5,stdlib,,,2024-08-01,micropython-stdlib-stubs,1.1.2a0
8,stm32,pybv11,1.20.0,2024-08-01,micropython-stm32-pybv11-stubs,1.20.0.post1
8,stm32,pybv11,1.20.0,2024-08-01,micropython-stm32-pybv11-stubs,1.20.0.post2
8,stm32,pybv11,1.20.0,2024-08-01,micropython-stm32-pybv11-stubs,1.20.0.post3
9,stm32,pybv11,1.20.0,2024-08-01,micropython-stm32-pybv11-stubs,1.20.0.post4
9,stm32,pybv11,1.20.0,2024-08-01,micropython-stm32-pybv11-stubs,1.20.0.post5
9,stm32,pybv11,1.20.0,2024-08-01,micropython-stm32-pybv11-stubs,1.20.0.post6
7,stm32,pybv11,1.21.0,2024-08-01,micropython-stm32-pybv11-stubs,1.21.0.post1
7,stm32,pybv11,1.21.0,2024-08-01,micropython-stm32-pybv11-stubs,1.21.0.post2
8,stm32,pybv11,1.21.0,2024-08-01,micropython-stm32-pybv11-stubs,1.21.0.post3
8,stm32,pybv11,1.22.0,2024-08-01,micropython-stm32-pybv11-stubs,1.22.0.post1
30,stm32,pybv11,1.22.0,2024-08-01,micropython-stm32-pybv11-stubs,1.22.0.post2
8,stm32,,1.17,2024-08-01,micropython-stm32-stubs,1.17.post1
6,stm32,,1.17,2024-08-01,micropython-stm32-stubs,1.17.post2
7,stm32,,1.17,2024-08-01,micropython-stm32-stubs,1.17.post3
7,stm32,,1.18,2024-08-01,micropython-stm32-stubs,1.18.post1
7,stm32,,1.18,2024-08-01,micropython-stm32-stubs,1.18.post2
7,stm32,,1.18,2024-08-01,micropython-stm32-stubs,1.18.post3
7,stm32,,1.18,2024-08-01,micropython-stm32-stubs,1.18.post4
8,stm32,,1.19.1,2024-08-01,micropython-stm32-stubs,1.19.1.post1
6,stm32,,1.19.1,2024-08-01,micropython-stm32-stubs,1.19.1.post10
5,stm32,,1.19.1,2024-08-01,micropython-stm32-stubs,1.19.1.post11
10,stm32,,1.19.1,2024-08-01,micropython-stm32-stubs,1.19.1.post12
7,stm32,,1.19.1,2024-08-01,micropython-stm32-stubs,1.19.1.post2
7,stm32,,1.19.1,2024-08-01,micropython-stm32-stubs,1.19.1.post3
7,stm32,,1.19.1,2024-08-01,micropython-stm32-stubs,1.19.1.post4
8,stm32,,1.19.1,2024-08-01,micropython-stm32-stubs,1.19.1.post5
8,stm32,,1.19.1,2024-08-01,micropython-stm32-stubs,1.19.1.post6
7,stm32,,1.19.1,2024-08-01,micropython-stm32-stubs,1.19.1.post7
7,stm32,,1.19.1,2024-08-01,micropython-stm32-stubs,1.19.1.post8
7,stm32,,1.19.1,2024-08-01,micropython-stm32-stubs,1.19.1.post9
6,stm32,,1.20.0,2024-08-01,micropython-stm32-stubs,1.20.0.post1
6,stm32,,1.20.0,2024-08-01,micropython-stm32-stubs,1.20.0.post2
5,stm32,,1.20.0,2024-08-01,micropython-stm32-stubs,1.20.0.post3
5,stm32,,1.20.0,2024-08-01,micropython-stm32-stubs,1.20.0.post4
7,stm32,,1.20.0,2024-08-01,micropython-stm32-stubs,1.20.0.post5
5,stm32,,1.21.0,2024-08-01,micropython-stm32-stubs,1.21.0.post1
7,stm32,,1.21.0,2024-08-01,micropython-stm32-stubs,1.21.0.post2
148,stm32,,1.22.0,2024-08-01,micropython-stm32-stubs,1.22.0.post1
6,unix,,1.20.0,2024-08-01,micropython-unix-stubs,1.20.0.post1
42,unix,,1.21.0,2024-08-01,micropython-unix-stubs,1.21.0.post1
8,webassembly,,1.21.0,2024-08-01,micropython-webassembly-stubs,1.21.0.post1
23,webassembly,,1.21.0,2024-08-01,micropython-webassembly-stubs,1.21.0.post2
7,windows,,1.20.0,2024-08-01,micropython-windows-stubs,1.20.0.post1
33,windows,,1.21.0,2024-08-01,micropython-windows-stubs,1.21.0.post1
43,esp32,esp32-generic-c3,1.23.0,2024-09-01,micropython-esp32-esp32-generic-c3-stubs,1.23.0.post1
157,esp32,esp32-generic-c3,1.23.0,2024-09-01,micropython-esp32-esp32-generic-c3-stubs,1.23.0.post2
38,esp32,esp32-generic-s3,1.22.0,2024-09-01,micropython-esp32-esp32-generic-s3-stubs,1.22.0.post1
43,esp32,esp32-generic-s3,1.23.0,2024-09-01,micropython-esp32-esp32-generic-s3-stubs,1.23.0.post1
174,esp32,esp32-generic-s3,1.23.0,2024-09-01,micropython-esp32-esp32-generic-s3-stubs,1.23.0.post2
33,esp32,esp32-generic,1.21.0,2024-09-01,micropython-esp32-esp32-generic-stubs,1.21.0.post1
43,esp32,esp32-generic,1.21.0,2024-09-01,micropython-esp32-esp32-generic-stubs,1.21.0.post2
39,esp32,esp32-generic,1.22.0,2024-09-01,micropython-esp32-esp32-generic-stubs,1.22.0.post1
51,esp32,esp32-generic,1.23.0,2024-09-01,micropython-esp32-esp32-generic-stubs,1.23.0.post1
182,esp32,esp32-generic,1.23.0,2024-09-01,micropython-esp32-esp32-generic-stubs,1.23.0.post2
33,esp32,generic-ota,1.20.0,2024-09-01,micropython-esp32-generic-ota-stubs,1.20.0.post1
40,esp32,generic-ota,1.20.0,2024-09-01,micropython-esp32-generic-ota-stubs,1.20.0.post2
31,esp32,generic-s3,1.19.1,2024-09-01,micropython-esp32-generic-s3-stubs,1.19.1.post1
33,esp32,generic-s3,1.20.0,2024-09-01,micropython-esp32-generic-s3-stubs,1.20.0.post1
40,esp32,generic-s3,1.20.0,2024-09-01,micropython-esp32-generic-s3-stubs,1.20.0.post2
48,esp32,generic-spiram,1.19.1,2024-09-01,micropython-esp32-generic-spiram-stubs,1.19.1.post1
29,esp32,ota,1.20.0,2024-09-01,micropython-esp32-ota-stubs,1.20.0.post1
41,esp32,ota,1.20.0,2024-09-01,micropython-esp32-ota-stubs,1.20.0.post2
31,esp32,s3,1.19.1,2024-09-01,micropython-esp32-s3-stubs,1.19.1.post1
41,esp32,s3,1.20.0,2024-09-01,micropython-esp32-s3-stubs,1.20.0.post1
42,esp32,,1.17,2024-09-01,micropython-esp32-stubs,1.17.post1
28,esp32,,1.17,2024-09-01,micropython-esp32-stubs,1.17.post2
30,esp32,,1.17,2024-09-01,micropython-esp32-stubs,1.17.post3
32,esp32,,1.18,2024-09-01,micropython-esp32-stubs,1.18.post1
32,esp32,,1.18,2024-09-01,micropython-esp32-stubs,1.18.post2
32,esp32,,1.18,2024-09-01,micropython-esp32-stubs,1.18.post3
29,esp32,,1.19.1,2024-09-01,micropython-esp32-stubs,1.19.1.post10
35,esp32,,1.19.1,2024-09-01,micropython-esp32-stubs,1.19.1.post11
27,esp32,,1.19.1,2024-09-01,micropython-esp32-stubs,1.19.1.post12
28,esp32,,1.19.1,2024-09-01,micropython-esp32-stubs,1.19.1.post13
31,esp32,,1.19.1,2024-09-01,micropython-esp32-stubs,1.19.1.post14
41,esp32,,1.19.1,2024-09-01,micropython-esp32-stubs,1.19.1.post15
33,esp32,,1.19.1,2024-09-01,micropython-esp32-stubs,1.19.1.post2
44,esp32,,1.19.1,2024-09-01,micropython-esp32-stubs,1.19.1.post3
30,esp32,,1.19.1,2024-09-01,micropython-esp32-stubs,1.19.1.post4
31,esp32,,1.19.1,2024-09-01,micropython-esp32-stubs,1.19.1.post5
26,esp32,,1.19.1,2024-09-01,micropython-esp32-stubs,1.19.1.post6
26,esp32,,1.19.1,2024-09-01,micropython-esp32-stubs,1.19.1.post7
28,esp32,,1.19.1,2024-09-01,micropython-esp32-stubs,1.19.1.post8
31,esp32,,1.19.1,2024-09-01,micropython-esp32-stubs,1.19.1.post9
27,esp32,,1.20.0,2024-09-01,micropython-esp32-stubs,1.20.0.post1
28,esp32,,1.20.0,2024-09-01,micropython-esp32-stubs,1.20.0.post2
25,esp32,,1.20.0,2024-09-01,micropython-esp32-stubs,1.20.0.post3
26,esp32,,1.20.0,2024-09-01,micropython-esp32-stubs,1.20.0.post4
41,esp32,,1.20.0,2024-09-01,micropython-esp32-stubs,1.20.0.post5
27,esp32,,1.21.0,2024-09-01,micropython-esp32-stubs,1.21.0.post1
31,esp32,,1.21.0,2024-09-01,micropython-esp32-stubs,1.21.0.post2
31,esp32,,1.21.0,2024-09-01,micropython-esp32-stubs,1.21.0.post3
40,esp32,,1.21.0,2024-09-01,micropython-esp32-stubs,1.21.0.post4
29,esp32,,,2024-09-01,micropython-esp32-stubs,1.21.0a489
41,esp32,,1.22.0,2024-09-01,micropython-esp32-stubs,1.22.0.post1
101,esp32,,1.23.0,2024-09-01,micropython-esp32-stubs,1.23.0.post1
338,esp32,,1.23.0,2024-09-01,micropython-esp32-stubs,1.23.0.post2
78,esp32,,,2024-09-01,micropython-esp32-stubs,1.23.0a87
31,esp32,um-tinypico,1.19.1,2024-09-01,micropython-esp32-um-tinypico-stubs,1.19.1.post2
43,esp32,um-tinypico,1.19.1,2024-09-01,micropython-esp32-um-tinypico-stubs,1.19.1.post3
32,esp32,um-tinypico,1.19.1,2024-09-01,micropython-esp32-um-tinypico-stubs,1.19.1.post4
31,esp32,um-tinypico,1.19.1,2024-09-01,micropython-esp32-um-tinypico-stubs,1.19.1.post5
30,esp32,um-tinypico,1.19.1,2024-09-01,micropython-esp32-um-tinypico-stubs,1.19.1.post6
30,esp32,um-tinypico,1.19.1,2024-09-01,micropython-esp32-um-tinypico-stubs,1.19.1.post7
38,esp32,um-tinypico,1.19.1,2024-09-01,micropython-esp32-um-tinypico-stubs,1.19.1.post8
49,esp8266,esp8266-generic,1.23.0,2024-09-01,micropython-esp8266-esp8266-generic-stubs,1.23.0.post1
145,esp8266,esp8266-generic,1.23.0,2024-09-01,micropython-esp8266-esp8266-generic-stubs,1.23.0.post2
34,esp8266,,1.17,2024-09-01,micropython-esp8266-stubs,1.17.post1
25,esp8266,,1.17,2024-09-01,micropython-esp8266-stubs,1.17.post2
28,esp8266,,1.17,2024-09-01,micropython-esp8266-stubs,1.17.post3
32,esp8266,,1.18,2024-09-01,micropython-esp8266-stubs,1.18.post1
32,esp8266,,1.18,2024-09-01,micropython-esp8266-stubs,1.18.post2
32,esp8266,,1.18,2024-09-01,micropython-esp8266-stubs,1.18.post3
33,esp8266,,1.18,2024-09-01,micropython-esp8266-stubs,1.18.post4
33,esp8266,,1.19.1,2024-09-01,micropython-esp8266-stubs,1.19.1.post1
31,esp8266,,1.19.1,2024-09-01,micropython-esp8266-stubs,1.19.1.post10
33,esp8266,,1.19.1,2024-09-01,micropython-esp8266-stubs,1.19.1.post11
31,esp8266,,1.19.1,2024-09-01,micropython-esp8266-stubs,1.19.1.post12
32,esp8266,,1.19.1,2024-09-01,micropython-esp8266-stubs,1.19.1.post2
32,esp8266,,1.19.1,2024-09-01,micropython-esp8266-stubs,1.19.1.post3
33,esp8266,,1.19.1,2024-09-01,micropython-esp8266-stubs,1.19.1.post4
31,esp8266,,1.19.1,2024-09-01,micropython-esp8266-stubs,1.19.1.post5
37,esp8266,,1.19.1,2024-09-01,micropython-esp8266-stubs,1.19.1.post6
39,esp8266,,1.19.1,2024-09-01,micropython-esp8266-stubs,1.19.1.post7
34,esp8266,,1.19.1,2024-09-01,micropython-esp8266-stubs,1.19.1.post8
30,esp8266,,1.19.1,2024-09-01,micropython-esp8266-stubs,1.19.1.post9
49,esp8266,,1.23.0,2024-09-01,micropython-esp8266-stubs,1.23.0.post1
155,esp8266,,1.23.0,2024-09-01,micropython-esp8266-stubs,1.23.0.post2
32,rp2,arduino-nano-rp2040-connect,1.22.0,2024-09-01,micropython-rp2-arduino-nano-rp2040-connect-stubs,1.22.0.post1
31,rp2,arduino-nano-rp2040-connect,1.22.1,2024-09-01,micropython-rp2-arduino-nano-rp2040-connect-stubs,1.22.1.post1
39,rp2,arduino-nano-rp2040-connect,1.22.1,2024-09-01,micropython-rp2-arduino-nano-rp2040-connect-stubs,1.22.1.post2
36,rp2,pico,1.20.0,2024-09-01,micropython-rp2-pico-stubs,1.20.0.post1
32,rp2,pico,1.20.0,2024-09-01,micropython-rp2-pico-stubs,1.20.0.post2
37,rp2,pico,1.20.0,2024-09-01,micropython-rp2-pico-stubs,1.20.0.post3
34,rp2,pico,1.20.0,2024-09-01,micropython-rp2-pico-stubs,1.20.0.post4
171,rp2,pico,1.20.0,2024-09-01,micropython-rp2-pico-stubs,1.20.0.post5
32,rp2,pico-w,1.20.0,2024-09-01,micropython-rp2-pico-w-stubs,1.20.0.post1
35,rp2,pico-w,1.20.0,2024-09-01,micropython-rp2-pico-w-stubs,1.20.0.post2
37,rp2,pico-w,1.20.0,2024-09-01,micropython-rp2-pico-w-stubs,1.20.0.post3
30,rp2,pico-w,1.20.0,2024-09-01,micropython-rp2-pico-w-stubs,1.20.0.post4
141,rp2,pico-w,1.20.0,2024-09-01,micropython-rp2-pico-w-stubs,1.20.0.post5
34,rp2,pimoroni-picolipo-16mb,1.20.0,2024-09-01,micropython-rp2-pimoroni-picolipo-16mb-stubs,1.20.0.post1
33,rp2,pimoroni-picolipo-16mb,1.20.0,2024-09-01,micropython-rp2-pimoroni-picolipo-16mb-stubs,1.20.0.post2
31,rp2,pimoroni-picolipo-16mb,1.20.0,2024-09-01,micropython-rp2-pimoroni-picolipo-16mb-stubs,1.20.0.post3
40,rp2,pimoroni-picolipo-16mb,1.22.0,2024-09-01,micropython-rp2-pimoroni-picolipo-16mb-stubs,1.22.0.post1
32,rp2,rpi-pico,1.21.0,2024-09-01,micropython-rp2-rpi-pico-stubs,1.21.0.post1
33,rp2,rpi-pico,1.21.0,2024-09-01,micropython-rp2-rpi-pico-stubs,1.21.0.post2
35,rp2,rpi-pico,1.21.0,2024-09-01,micropython-rp2-rpi-pico-stubs,1.21.0.post3
30,rp2,rpi-pico,1.22.0,2024-09-01,micropython-rp2-rpi-pico-stubs,1.22.0.post1
30,rp2,rpi-pico,1.22.1,2024-09-01,micropython-rp2-rpi-pico-stubs,1.22.1.post1
32,rp2,rpi-pico,1.22.1,2024-09-01,micropython-rp2-rpi-pico-stubs,1.22.1.post2
45,rp2,rpi-pico,1.23.0,2024-09-01,micropython-rp2-rpi-pico-stubs,1.23.0.post1
163,rp2,rpi-pico,1.23.0,2024-09-01,micropython-rp2-rpi-pico-stubs,1.23.0.post2
28,rp2,rpi-pico-w,1.21.0,2024-09-01,micropython-rp2-rpi-pico-w-stubs,1.21.0.post1
30,rp2,rpi-pico-w,1.21.0,2024-09-01,micropython-rp2-rpi-pico-w-stubs,1.21.0.post2
36,rp2,rpi-pico-w,1.21.0,2024-09-01,micropython-rp2-rpi-pico-w-stubs,1.21.0.post3
31,rp2,rpi-pico-w,1.22.0,2024-09-01,micropython-rp2-rpi-pico-w-stubs,1.22.0.post1
30,rp2,rpi-pico-w,1.22.1,2024-09-01,micropython-rp2-rpi-pico-w-stubs,1.22.1.post1
41,rp2,rpi-pico-w,1.22.1,2024-09-01,micropython-rp2-rpi-pico-w-stubs,1.22.1.post2
101,rp2,rpi-pico-w,1.23.0,2024-09-01,micropython-rp2-rpi-pico-w-stubs,1.23.0.post1
345,rp2,rpi-pico-w,1.23.0,2024-09-01,micropython-rp2-rpi-pico-w-stubs,1.23.0.post2
35,rp2,,1.17,2024-09-01,micropython-rp2-stubs,1.17.post1
32,rp2,,1.17,2024-09-01,micropython-rp2-stubs,1.17.post2
34,rp2,,1.17,2024-09-01,micropython-rp2-stubs,1.17.post3
131,rp2,,1.18,2024-09-01,micropython-rp2-stubs,1.18.post1
32,rp2,,1.18,2024-09-01,micropython-rp2-stubs,1.18.post2
34,rp2,,1.18,2024-09-01,micropython-rp2-stubs,1.18.post3
33,rp2,,1.19.1,2024-09-01,micropython-rp2-stubs,1.19.1.post10
32,rp2,,1.19.1,2024-09-01,micropython-rp2-stubs,1.19.1.post11
34,rp2,,1.19.1,2024-09-01,micropython-rp2-stubs,1.19.1.post12
34,rp2,,1.19.1,2024-09-01,micropython-rp2-stubs,1.19.1.post13
33,rp2,,1.19.1,2024-09-01,micropython-rp2-stubs,1.19.1.post14
30,rp2,,1.19.1,2024-09-01,micropython-rp2-stubs,1.19.1.post6
35,rp2,,1.19.1,2024-09-01,micropython-rp2-stubs,1.19.1.post7
29,rp2,,1.19.1,2024-09-01,micropython-rp2-stubs,1.19.1.post8
29,rp2,,1.19.1,2024-09-01,micropython-rp2-stubs,1.19.1.post9
29,rp2,,1.20.0,2024-09-01,micropython-rp2-stubs,1.20.0.post1
31,rp2,,1.20.0,2024-09-01,micropython-rp2-stubs,1.20.0.post2
36,rp2,,1.20.0,2024-09-01,micropython-rp2-stubs,1.20.0.post3
30,rp2,,1.20.0,2024-09-01,micropython-rp2-stubs,1.20.0.post4
31,rp2,,1.20.0,2024-09-01,micropython-rp2-stubs,1.20.0.post5
31,rp2,,1.21.0,2024-09-01,micropython-rp2-stubs,1.21.0.post1
32,rp2,,1.21.0,2024-09-01,micropython-rp2-stubs,1.21.0.post2
31,rp2,,1.22.0,2024-09-01,micropython-rp2-stubs,1.22.0.post1
36,rp2,,1.22.1,2024-09-01,micropython-rp2-stubs,1.22.1.post1
45,rp2,,1.22.1,2024-09-01,micropython-rp2-stubs,1.22.1.post2
52,rp2,,1.23.0,2024-09-01,micropython-rp2-stubs,1.23.0.post1
158,rp2,,1.23.0,2024-09-01,micropython-rp2-stubs,1.23.0.post2
34,samd,adafruit-feather-m4-express,1.20.0,2024-09-01,micropython-samd-adafruit-feather-m4-express-stubs,1.20.0.post1
29,samd,adafruit-feather-m4-express,1.20.0,2024-09-01,micropython-samd-adafruit-feather-m4-express-stubs,1.20.0.post2
30,samd,adafruit-feather-m4-express,1.20.0,2024-09-01,micropython-samd-adafruit-feather-m4-express-stubs,1.20.0.post3
42,samd,adafruit-feather-m4-express,1.20.0,2024-09-01,micropython-samd-adafruit-feather-m4-express-stubs,1.20.0.post4
29,samd,adafruit-itsybitsy-m4-express,1.20.0,2024-09-01,micropython-samd-adafruit-itsybitsy-m4-express-stubs,1.20.0.post1
28,samd,adafruit-itsybitsy-m4-express,1.20.0,2024-09-01,micropython-samd-adafruit-itsybitsy-m4-express-stubs,1.20.0.post2
30,samd,adafruit-itsybitsy-m4-express,1.20.0,2024-09-01,micropython-samd-adafruit-itsybitsy-m4-express-stubs,1.20.0.post3
39,samd,adafruit-itsybitsy-m4-express,1.20.0,2024-09-01,micropython-samd-adafruit-itsybitsy-m4-express-stubs,1.20.0.post4
32,samd,minisam-m4,1.20.0,2024-09-01,micropython-samd-minisam-m4-stubs,1.20.0.post1
32,samd,minisam-m4,1.20.0,2024-09-01,micropython-samd-minisam-m4-stubs,1.20.0.post2
32,samd,minisam-m4,1.20.0,2024-09-01,micropython-samd-minisam-m4-stubs,1.20.0.post3
39,samd,minisam-m4,1.20.0,2024-09-01,micropython-samd-minisam-m4-stubs,1.20.0.post4
28,samd,seeed-wio-terminal,1.20.0,2024-09-01,micropython-samd-seeed-wio-terminal-stubs,1.20.0.post1
30,samd,seeed-wio-terminal,1.20.0,2024-09-01,micropython-samd-seeed-wio-terminal-stubs,1.20.0.post2
32,samd,seeed-wio-terminal,1.20.0,2024-09-01,micropython-samd-seeed-wio-terminal-stubs,1.20.0.post3
31,samd,seeed-wio-terminal,1.20.0,2024-09-01,micropython-samd-seeed-wio-terminal-stubs,1.20.0.post4
35,samd,seeed-wio-terminal,1.20.0,2024-09-01,micropython-samd-seeed-wio-terminal-stubs,1.20.0.post5
33,samd,seeed-wio-terminal,1.21.0,2024-09-01,micropython-samd-seeed-wio-terminal-stubs,1.21.0.post1
36,samd,seeed-wio-terminal,1.21.0,2024-09-01,micropython-samd-seeed-wio-terminal-stubs,1.21.0.post2
32,samd,seeed-wio-terminal,1.21.0,2024-09-01,micropython-samd-seeed-wio-terminal-stubs,1.21.0.post3
31,samd,seeed-wio-terminal,1.22.0,2024-09-01,micropython-samd-seeed-wio-terminal-stubs,1.22.0.post1
33,samd,seeed-wio-terminal,1.22.1,2024-09-01,micropython-samd-seeed-wio-terminal-stubs,1.22.1.post1
36,samd,seeed-wio-terminal,1.23.0,2024-09-01,micropython-samd-seeed-wio-terminal-stubs,1.23.0.post1
122,samd,seeed-wio-terminal,1.23.0,2024-09-01,micropython-samd-seeed-wio-terminal-stubs,1.23.0.post2
28,samd,,1.20.0,2024-09-01,micropython-samd-stubs,1.20.0.post1
36,samd,,1.20.0,2024-09-01,micropython-samd-stubs,1.20.0.post2
35,samd,,1.21.0,2024-09-01,micropython-samd-stubs,1.21.0.post1
37,samd,,1.21.0,2024-09-01,micropython-samd-stubs,1.21.0.post2
25,samd,,1.22.0,2024-09-01,micropython-samd-stubs,1.22.0.post1
30,samd,,1.22.1,2024-09-01,micropython-samd-stubs,1.22.1.post1
36,samd,,1.23.0,2024-09-01,micropython-samd-stubs,1.23.0.post1
140,samd,,1.23.0,2024-09-01,micropython-samd-stubs,1.23.0.post2
30,samd,,,2024-09-01,micropython-samd-stubs,1.23.0a87
38,stdlib,,,2024-09-01,micropython-stdlib-stubs,0.9.0
34,stdlib,,,2024-09-01,micropython-stdlib-stubs,1.0.0
30,stdlib,,,2024-09-01,micropython-stdlib-stubs,1.0.0rc2
28,stdlib,,,2024-09-01,micropython-stdlib-stubs,1.0.1a0
28,stdlib,,,2024-09-01,micropython-stdlib-stubs,1.0.1a1
31,stdlib,,,2024-09-01,micropython-stdlib-stubs,1.0.1a2
26,stdlib,,,2024-09-01,micropython-stdlib-stubs,1.1.0
32,stdlib,,,2024-09-01,micropython-stdlib-stubs,1.1.1
30,stdlib,,,2024-09-01,micropython-stdlib-stubs,1.1.1a2
1461,stdlib,,,2024-09-01,micropython-stdlib-stubs,1.1.2
31,stdlib,,,2024-09-01,micropython-stdlib-stubs,1.1.2a0
32,stm32,pybv11,1.20.0,2024-09-01,micropython-stm32-pybv11-stubs,1.20.0.post1
32,stm32,pybv11,1.20.0,2024-09-01,micropython-stm32-pybv11-stubs,1.20.0.post2
34,stm32,pybv11,1.20.0,2024-09-01,micropython-stm32-pybv11-stubs,1.20.0.post3
27,stm32,pybv11,1.20.0,2024-09-01,micropython-stm32-pybv11-stubs,1.20.0.post4
31,stm32,pybv11,1.20.0,2024-09-01,micropython-stm32-pybv11-stubs,1.20.0.post5
36,stm32,pybv11,1.20.0,2024-09-01,micropython-stm32-pybv11-stubs,1.20.0.post6
29,stm32,pybv11,1.21.0,2024-09-01,micropython-stm32-pybv11-stubs,1.21.0.post1
27,stm32,pybv11,1.21.0,2024-09-01,micropython-stm32-pybv11-stubs,1.21.0.post2
34,stm32,pybv11,1.21.0,2024-09-01,micropython-stm32-pybv11-stubs,1.21.0.post3
29,stm32,pybv11,1.22.0,2024-09-01,micropython-stm32-pybv11-stubs,1.22.0.post1
34,stm32,pybv11,1.22.0,2024-09-01,micropython-stm32-pybv11-stubs,1.22.0.post2
134,stm32,pybv11,1.23.0,2024-09-01,micropython-stm32-pybv11-stubs,1.23.0.post1
121,stm32,pybv11,1.23.0,2024-09-01,micropython-stm32-pybv11-stubs,1.23.0.post2
33,stm32,,1.17,2024-09-01,micropython-stm32-stubs,1.17.post1
30,stm32,,1.17,2024-09-01,micropython-stm32-stubs,1.17.post2
25,stm32,,1.17,2024-09-01,micropython-stm32-stubs,1.17.post3
50,stm32,,1.18,2024-09-01,micropython-stm32-stubs,1.18.post1
32,stm32,,1.18,2024-09-01,micropython-stm32-stubs,1.18.post2
32,stm32,,1.18,2024-09-01,micropython-stm32-stubs,1.18.post3
30,stm32,,1.18,2024-09-01,micropython-stm32-stubs,1.18.post4
29,stm32,,1.19.1,2024-09-01,micropython-stm32-stubs,1.19.1.post1
26,stm32,,1.19.1,2024-09-01,micropython-stm32-stubs,1.19.1.post10
26,stm32,,1.19.1,2024-09-01,micropython-stm32-stubs,1.19.1.post11
27,stm32,,1.19.1,2024-09-01,micropython-stm32-stubs,1.19.1.post12
30,stm32,,1.19.1,2024-09-01,micropython-stm32-stubs,1.19.1.post2
32,stm32,,1.19.1,2024-09-01,micropython-stm32-stubs,1.19.1.post3
29,stm32,,1.19.1,2024-09-01,micropython-stm32-stubs,1.19.1.post4
27,stm32,,1.19.1,2024-09-01,micropython-stm32-stubs,1.19.1.post5
28,stm32,,1.19.1,2024-09-01,micropython-stm32-stubs,1.19.1.post6
26,stm32,,1.19.1,2024-09-01,micropython-stm32-stubs,1.19.1.post7
27,stm32,,1.19.1,2024-09-01,micropython-stm32-stubs,1.19.1.post8
29,stm32,,1.19.1,2024-09-01,micropython-stm32-stubs,1.19.1.post9
24,stm32,,1.20.0,2024-09-01,micropython-stm32-stubs,1.20.0.post1
31,stm32,,1.20.0,2024-09-01,micropython-stm32-stubs,1.20.0.post2
25,stm32,,1.20.0,2024-09-01,micropython-stm32-stubs,1.20.0.post3
30,stm32,,1.20.0,2024-09-01,micropython-stm32-stubs,1.20.0.post4
29,stm32,,1.20.0,2024-09-01,micropython-stm32-stubs,1.20.0.post5
30,stm32,,1.21.0,2024-09-01,micropython-stm32-stubs,1.21.0.post1
31,stm32,,1.21.0,2024-09-01,micropython-stm32-stubs,1.21.0.post2
58,stm32,,1.22.0,2024-09-01,micropython-stm32-stubs,1.22.0.post1
134,stm32,,1.23.0,2024-09-01,micropython-stm32-stubs,1.23.0.post1
236,stm32,,1.23.0,2024-09-01,micropython-stm32-stubs,1.23.0.post2
33,unix,,1.20.0,2024-09-01,micropython-unix-stubs,1.20.0.post1
42,unix,,1.21.0,2024-09-01,micropython-unix-stubs,1.21.0.post1
29,webassembly,,1.21.0,2024-09-01,micropython-webassembly-stubs,1.21.0.post1
39,webassembly,,1.21.0,2024-09-01,micropython-webassembly-stubs,1.21.0.post2
32,windows,,1.20.0,2024-09-01,micropython-windows-stubs,1.20.0.post1
42,windows,,1.21.0,2024-09-01,micropython-windows-stubs,1.21.0.post1
63,esp32,esp32-generic-c3,1.23.0,2024-10-01,micropython-esp32-esp32-generic-c3-stubs,1.23.0.post1
115,esp32,esp32-generic-c3,1.23.0,2024-10-01,micropython-esp32-esp32-generic-c3-stubs,1.23.0.post2
62,esp32,esp32-generic-s3,1.22.0,2024-10-01,micropython-esp32-esp32-generic-s3-stubs,1.22.0.post1
69,esp32,esp32-generic-s3,1.23.0,2024-10-01,micropython-esp32-esp32-generic-s3-stubs,1.23.0.post1
126,esp32,esp32-generic-s3,1.23.0,2024-10-01,micropython-esp32-esp32-generic-s3-stubs,1.23.0.post2
69,esp32,esp32-generic,1.21.0,2024-10-01,micropython-esp32-esp32-generic-stubs,1.21.0.post1
67,esp32,esp32-generic,1.21.0,2024-10-01,micropython-esp32-esp32-generic-stubs,1.21.0.post2
67,esp32,esp32-generic,1.22.0,2024-10-01,micropython-esp32-esp32-generic-stubs,1.22.0.post1
65,esp32,esp32-generic,1.23.0,2024-10-01,micropython-esp32-esp32-generic-stubs,1.23.0.post1
132,esp32,esp32-generic,1.23.0,2024-10-01,micropython-esp32-esp32-generic-stubs,1.23.0.post2
64,esp32,generic-ota,1.20.0,2024-10-01,micropython-esp32-generic-ota-stubs,1.20.0.post1
82,esp32,generic-ota,1.20.0,2024-10-01,micropython-esp32-generic-ota-stubs,1.20.0.post2
65,esp32,generic-s3,1.19.1,2024-10-01,micropython-esp32-generic-s3-stubs,1.19.1.post1
61,esp32,generic-s3,1.20.0,2024-10-01,micropython-esp32-generic-s3-stubs,1.20.0.post1
77,esp32,generic-s3,1.20.0,2024-10-01,micropython-esp32-generic-s3-stubs,1.20.0.post2
77,esp32,generic-spiram,1.19.1,2024-10-01,micropython-esp32-generic-spiram-stubs,1.19.1.post1
61,esp32,ota,1.20.0,2024-10-01,micropython-esp32-ota-stubs,1.20.0.post1
85,esp32,ota,1.20.0,2024-10-01,micropython-esp32-ota-stubs,1.20.0.post2
69,esp32,s3,1.19.1,2024-10-01,micropython-esp32-s3-stubs,1.19.1.post1
94,esp32,s3,1.20.0,2024-10-01,micropython-esp32-s3-stubs,1.20.0.post1
67,esp32,,1.17,2024-10-01,micropython-esp32-stubs,1.17.post1
66,esp32,,1.17,2024-10-01,micropython-esp32-stubs,1.17.post2
64,esp32,,1.17,2024-10-01,micropython-esp32-stubs,1.17.post3
63,esp32,,1.18,2024-10-01,micropython-esp32-stubs,1.18.post1
57,esp32,,1.18,2024-10-01,micropython-esp32-stubs,1.18.post2
64,esp32,,1.18,2024-10-01,micropython-esp32-stubs,1.18.post3
69,esp32,,1.19.1,2024-10-01,micropython-esp32-stubs,1.19.1.post10
110,esp32,,1.19.1,2024-10-01,micropython-esp32-stubs,1.19.1.post11
62,esp32,,1.19.1,2024-10-01,micropython-esp32-stubs,1.19.1.post12
63,esp32,,1.19.1,2024-10-01,micropython-esp32-stubs,1.19.1.post13
59,esp32,,1.19.1,2024-10-01,micropython-esp32-stubs,1.19.1.post14
66,esp32,,1.19.1,2024-10-01,micropython-esp32-stubs,1.19.1.post15
62,esp32,,1.19.1,2024-10-01,micropython-esp32-stubs,1.19.1.post2
69,esp32,,1.19.1,2024-10-01,micropython-esp32-stubs,1.19.1.post3
68,esp32,,1.19.1,2024-10-01,micropython-esp32-stubs,1.19.1.post4
64,esp32,,1.19.1,2024-10-01,micropython-esp32-stubs,1.19.1.post5
67,esp32,,1.19.1,2024-10-01,micropython-esp32-stubs,1.19.1.post6
65,esp32,,1.19.1,2024-10-01,micropython-esp32-stubs,1.19.1.post7
64,esp32,,1.19.1,2024-10-01,micropython-esp32-stubs,1.19.1.post8
68,esp32,,1.19.1,2024-10-01,micropython-esp32-stubs,1.19.1.post9
61,esp32,,1.20.0,2024-10-01,micropython-esp32-stubs,1.20.0.post1
60,esp32,,1.20.0,2024-10-01,micropython-esp32-stubs,1.20.0.post2
56,esp32,,1.20.0,2024-10-01,micropython-esp32-stubs,1.20.0.post3
60,esp32,,1.20.0,2024-10-01,micropython-esp32-stubs,1.20.0.post4
68,esp32,,1.20.0,2024-10-01,micropython-esp32-stubs,1.20.0.post5
59,esp32,,1.21.0,2024-10-01,micropython-esp32-stubs,1.21.0.post1
58,esp32,,1.21.0,2024-10-01,micropython-esp32-stubs,1.21.0.post2
60,esp32,,1.21.0,2024-10-01,micropython-esp32-stubs,1.21.0.post3
60,esp32,,1.21.0,2024-10-01,micropython-esp32-stubs,1.21.0.post4
59,esp32,,,2024-10-01,micropython-esp32-stubs,1.21.0a489
113,esp32,,1.22.0,2024-10-01,micropython-esp32-stubs,1.22.0.post1
71,esp32,,1.23.0,2024-10-01,micropython-esp32-stubs,1.23.0.post1
530,esp32,,1.23.0,2024-10-01,micropython-esp32-stubs,1.23.0.post2
99,esp32,,,2024-10-01,micropython-esp32-stubs,1.23.0a87
65,esp32,um-tinypico,1.19.1,2024-10-01,micropython-esp32-um-tinypico-stubs,1.19.1.post2
72,esp32,um-tinypico,1.19.1,2024-10-01,micropython-esp32-um-tinypico-stubs,1.19.1.post3
68,esp32,um-tinypico,1.19.1,2024-10-01,micropython-esp32-um-tinypico-stubs,1.19.1.post4
72,esp32,um-tinypico,1.19.1,2024-10-01,micropython-esp32-um-tinypico-stubs,1.19.1.post5
69,esp32,um-tinypico,1.19.1,2024-10-01,micropython-esp32-um-tinypico-stubs,1.19.1.post6
63,esp32,um-tinypico,1.19.1,2024-10-01,micropython-esp32-um-tinypico-stubs,1.19.1.post7
89,esp32,um-tinypico,1.19.1,2024-10-01,micropython-esp32-um-tinypico-stubs,1.19.1.post8
66,esp8266,esp8266-generic,1.23.0,2024-10-01,micropython-esp8266-esp8266-generic-stubs,1.23.0.post1
111,esp8266,esp8266-generic,1.23.0,2024-10-01,micropython-esp8266-esp8266-generic-stubs,1.23.0.post2
65,esp8266,,1.17,2024-10-01,micropython-esp8266-stubs,1.17.post1
70,esp8266,,1.17,2024-10-01,micropython-esp8266-stubs,1.17.post2
69,esp8266,,1.17,2024-10-01,micropython-esp8266-stubs,1.17.post3
63,esp8266,,1.18,2024-10-01,micropython-esp8266-stubs,1.18.post1
62,esp8266,,1.18,2024-10-01,micropython-esp8266-stubs,1.18.post2
64,esp8266,,1.18,2024-10-01,micropython-esp8266-stubs,1.18.post3
63,esp8266,,1.18,2024-10-01,micropython-esp8266-stubs,1.18.post4
65,esp8266,,1.19.1,2024-10-01,micropython-esp8266-stubs,1.19.1.post1
60,esp8266,,1.19.1,2024-10-01,micropython-esp8266-stubs,1.19.1.post10
62,esp8266,,1.19.1,2024-10-01,micropython-esp8266-stubs,1.19.1.post11
67,esp8266,,1.19.1,2024-10-01,micropython-esp8266-stubs,1.19.1.post12
64,esp8266,,1.19.1,2024-10-01,micropython-esp8266-stubs,1.19.1.post2
63,esp8266,,1.19.1,2024-10-01,micropython-esp8266-stubs,1.19.1.post3
60,esp8266,,1.19.1,2024-10-01,micropython-esp8266-stubs,1.19.1.post4
62,esp8266,,1.19.1,2024-10-01,micropython-esp8266-stubs,1.19.1.post5
58,esp8266,,1.19.1,2024-10-01,micropython-esp8266-stubs,1.19.1.post6
63,esp8266,,1.19.1,2024-10-01,micropython-esp8266-stubs,1.19.1.post7
64,esp8266,,1.19.1,2024-10-01,micropython-esp8266-stubs,1.19.1.post8
67,esp8266,,1.19.1,2024-10-01,micropython-esp8266-stubs,1.19.1.post9
68,esp8266,,1.23.0,2024-10-01,micropython-esp8266-stubs,1.23.0.post1
127,esp8266,,1.23.0,2024-10-01,micropython-esp8266-stubs,1.23.0.post2
69,rp2,arduino-nano-rp2040-connect,1.22.0,2024-10-01,micropython-rp2-arduino-nano-rp2040-connect-stubs,1.22.0.post1
63,rp2,arduino-nano-rp2040-connect,1.22.1,2024-10-01,micropython-rp2-arduino-nano-rp2040-connect-stubs,1.22.1.post1
81,rp2,arduino-nano-rp2040-connect,1.22.1,2024-10-01,micropython-rp2-arduino-nano-rp2040-connect-stubs,1.22.1.post2
65,rp2,pico,1.20.0,2024-10-01,micropython-rp2-pico-stubs,1.20.0.post1
68,rp2,pico,1.20.0,2024-10-01,micropython-rp2-pico-stubs,1.20.0.post2
59,rp2,pico,1.20.0,2024-10-01,micropython-rp2-pico-stubs,1.20.0.post3
56,rp2,pico,1.20.0,2024-10-01,micropython-rp2-pico-stubs,1.20.0.post4
320,rp2,pico,1.20.0,2024-10-01,micropython-rp2-pico-stubs,1.20.0.post5
54,rp2,pico-w,1.20.0,2024-10-01,micropython-rp2-pico-w-stubs,1.20.0.post1
57,rp2,pico-w,1.20.0,2024-10-01,micropython-rp2-pico-w-stubs,1.20.0.post2
55,rp2,pico-w,1.20.0,2024-10-01,micropython-rp2-pico-w-stubs,1.20.0.post3
55,rp2,pico-w,1.20.0,2024-10-01,micropython-rp2-pico-w-stubs,1.20.0.post4
141,rp2,pico-w,1.20.0,2024-10-01,micropython-rp2-pico-w-stubs,1.20.0.post5
57,rp2,pimoroni-picolipo-16mb,1.20.0,2024-10-01,micropython-rp2-pimoroni-picolipo-16mb-stubs,1.20.0.post1
57,rp2,pimoroni-picolipo-16mb,1.20.0,2024-10-01,micropython-rp2-pimoroni-picolipo-16mb-stubs,1.20.0.post2
56,rp2,pimoroni-picolipo-16mb,1.20.0,2024-10-01,micropython-rp2-pimoroni-picolipo-16mb-stubs,1.20.0.post3
94,rp2,pimoroni-picolipo-16mb,1.22.0,2024-10-01,micropython-rp2-pimoroni-picolipo-16mb-stubs,1.22.0.post1
59,rp2,rpi-pico,1.21.0,2024-10-01,micropython-rp2-rpi-pico-stubs,1.21.0.post1
58,rp2,rpi-pico,1.21.0,2024-10-01,micropython-rp2-rpi-pico-stubs,1.21.0.post2
62,rp2,rpi-pico,1.21.0,2024-10-01,micropython-rp2-rpi-pico-stubs,1.21.0.post3
59,rp2,rpi-pico,1.22.0,2024-10-01,micropython-rp2-rpi-pico-stubs,1.22.0.post1
60,rp2,rpi-pico,1.22.1,2024-10-01,micropython-rp2-rpi-pico-stubs,1.22.1.post1
58,rp2,rpi-pico,1.22.1,2024-10-01,micropython-rp2-rpi-pico-stubs,1.22.1.post2
68,rp2,rpi-pico,1.23.0,2024-10-01,micropython-rp2-rpi-pico-stubs,1.23.0.post1
144,rp2,rpi-pico,1.23.0,2024-10-01,micropython-rp2-rpi-pico-stubs,1.23.0.post2
55,rp2,rpi-pico-w,1.21.0,2024-10-01,micropython-rp2-rpi-pico-w-stubs,1.21.0.post1
54,rp2,rpi-pico-w,1.21.0,2024-10-01,micropython-rp2-rpi-pico-w-stubs,1.21.0.post2
62,rp2,rpi-pico-w,1.21.0,2024-10-01,micropython-rp2-rpi-pico-w-stubs,1.21.0.post3
59,rp2,rpi-pico-w,1.22.0,2024-10-01,micropython-rp2-rpi-pico-w-stubs,1.22.0.post1
54,rp2,rpi-pico-w,1.22.1,2024-10-01,micropython-rp2-rpi-pico-w-stubs,1.22.1.post1
60,rp2,rpi-pico-w,1.22.1,2024-10-01,micropython-rp2-rpi-pico-w-stubs,1.22.1.post2
51,rp2,rpi-pico-w,1.23.0,2024-10-01,micropython-rp2-rpi-pico-w-stubs,1.23.0.post1
204,rp2,rpi-pico-w,1.23.0,2024-10-01,micropython-rp2-rpi-pico-w-stubs,1.23.0.post2
59,rp2,,1.17,2024-10-01,micropython-rp2-stubs,1.17.post1
63,rp2,,1.17,2024-10-01,micropython-rp2-stubs,1.17.post2
60,rp2,,1.17,2024-10-01,micropython-rp2-stubs,1.17.post3
99,rp2,,1.18,2024-10-01,micropython-rp2-stubs,1.18.post1
59,rp2,,1.18,2024-10-01,micropython-rp2-stubs,1.18.post2
54,rp2,,1.18,2024-10-01,micropython-rp2-stubs,1.18.post3
60,rp2,,1.19.1,2024-10-01,micropython-rp2-stubs,1.19.1.post10
59,rp2,,1.19.1,2024-10-01,micropython-rp2-stubs,1.19.1.post11
55,rp2,,1.19.1,2024-10-01,micropython-rp2-stubs,1.19.1.post12
55,rp2,,1.19.1,2024-10-01,micropython-rp2-stubs,1.19.1.post13
60,rp2,,1.19.1,2024-10-01,micropython-rp2-stubs,1.19.1.post14
59,rp2,,1.19.1,2024-10-01,micropython-rp2-stubs,1.19.1.post6
64,rp2,,1.19.1,2024-10-01,micropython-rp2-stubs,1.19.1.post7
60,rp2,,1.19.1,2024-10-01,micropython-rp2-stubs,1.19.1.post8
57,rp2,,1.19.1,2024-10-01,micropython-rp2-stubs,1.19.1.post9
57,rp2,,1.20.0,2024-10-01,micropython-rp2-stubs,1.20.0.post1
54,rp2,,1.20.0,2024-10-01,micropython-rp2-stubs,1.20.0.post2
55,rp2,,1.20.0,2024-10-01,micropython-rp2-stubs,1.20.0.post3
54,rp2,,1.20.0,2024-10-01,micropython-rp2-stubs,1.20.0.post4
55,rp2,,1.20.0,2024-10-01,micropython-rp2-stubs,1.20.0.post5
59,rp2,,1.21.0,2024-10-01,micropython-rp2-stubs,1.21.0.post1
57,rp2,,1.21.0,2024-10-01,micropython-rp2-stubs,1.21.0.post2
56,rp2,,1.22.0,2024-10-01,micropython-rp2-stubs,1.22.0.post1
55,rp2,,1.22.1,2024-10-01,micropython-rp2-stubs,1.22.1.post1
72,rp2,,1.22.1,2024-10-01,micropython-rp2-stubs,1.22.1.post2
62,rp2,,1.23.0,2024-10-01,micropython-rp2-stubs,1.23.0.post1
117,rp2,,1.23.0,2024-10-01,micropython-rp2-stubs,1.23.0.post2
56,samd,adafruit-feather-m4-express,1.20.0,2024-10-01,micropython-samd-adafruit-feather-m4-express-stubs,1.20.0.post1
56,samd,adafruit-feather-m4-express,1.20.0,2024-10-01,micropython-samd-adafruit-feather-m4-express-stubs,1.20.0.post2
55,samd,adafruit-feather-m4-express,1.20.0,2024-10-01,micropython-samd-adafruit-feather-m4-express-stubs,1.20.0.post3
74,samd,adafruit-feather-m4-express,1.20.0,2024-10-01,micropython-samd-adafruit-feather-m4-express-stubs,1.20.0.post4
61,samd,adafruit-itsybitsy-m4-express,1.20.0,2024-10-01,micropython-samd-adafruit-itsybitsy-m4-express-stubs,1.20.0.post1
60,samd,adafruit-itsybitsy-m4-express,1.20.0,2024-10-01,micropython-samd-adafruit-itsybitsy-m4-express-stubs,1.20.0.post2
57,samd,adafruit-itsybitsy-m4-express,1.20.0,2024-10-01,micropython-samd-adafruit-itsybitsy-m4-express-stubs,1.20.0.post3
70,samd,adafruit-itsybitsy-m4-express,1.20.0,2024-10-01,micropython-samd-adafruit-itsybitsy-m4-express-stubs,1.20.0.post4
60,samd,minisam-m4,1.20.0,2024-10-01,micropython-samd-minisam-m4-stubs,1.20.0.post1
62,samd,minisam-m4,1.20.0,2024-10-01,micropython-samd-minisam-m4-stubs,1.20.0.post2
63,samd,minisam-m4,1.20.0,2024-10-01,micropython-samd-minisam-m4-stubs,1.20.0.post3
72,samd,minisam-m4,1.20.0,2024-10-01,micropython-samd-minisam-m4-stubs,1.20.0.post4
54,samd,seeed-wio-terminal,1.20.0,2024-10-01,micropython-samd-seeed-wio-terminal-stubs,1.20.0.post1
59,samd,seeed-wio-terminal,1.20.0,2024-10-01,micropython-samd-seeed-wio-terminal-stubs,1.20.0.post2
61,samd,seeed-wio-terminal,1.20.0,2024-10-01,micropython-samd-seeed-wio-terminal-stubs,1.20.0.post3
53,samd,seeed-wio-terminal,1.20.0,2024-10-01,micropython-samd-seeed-wio-terminal-stubs,1.20.0.post4
57,samd,seeed-wio-terminal,1.20.0,2024-10-01,micropython-samd-seeed-wio-terminal-stubs,1.20.0.post5
58,samd,seeed-wio-terminal,1.21.0,2024-10-01,micropython-samd-seeed-wio-terminal-stubs,1.21.0.post1
62,samd,seeed-wio-terminal,1.21.0,2024-10-01,micropython-samd-seeed-wio-terminal-stubs,1.21.0.post2
62,samd,seeed-wio-terminal,1.21.0,2024-10-01,micropython-samd-seeed-wio-terminal-stubs,1.21.0.post3
59,samd,seeed-wio-terminal,1.22.0,2024-10-01,micropython-samd-seeed-wio-terminal-stubs,1.22.0.post1
55,samd,seeed-wio-terminal,1.22.1,2024-10-01,micropython-samd-seeed-wio-terminal-stubs,1.22.1.post1
55,samd,seeed-wio-terminal,1.23.0,2024-10-01,micropython-samd-seeed-wio-terminal-stubs,1.23.0.post1
84,samd,seeed-wio-terminal,1.23.0,2024-10-01,micropython-samd-seeed-wio-terminal-stubs,1.23.0.post2
65,samd,,1.20.0,2024-10-01,micropython-samd-stubs,1.20.0.post1
60,samd,,1.20.0,2024-10-01,micropython-samd-stubs,1.20.0.post2
61,samd,,1.21.0,2024-10-01,micropython-samd-stubs,1.21.0.post1
62,samd,,1.21.0,2024-10-01,micropython-samd-stubs,1.21.0.post2
62,samd,,1.22.0,2024-10-01,micropython-samd-stubs,1.22.0.post1
63,samd,,1.22.1,2024-10-01,micropython-samd-stubs,1.22.1.post1
62,samd,,1.23.0,2024-10-01,micropython-samd-stubs,1.23.0.post1
93,samd,,1.23.0,2024-10-01,micropython-samd-stubs,1.23.0.post2
65,samd,,,2024-10-01,micropython-samd-stubs,1.23.0a87
102,stdlib,,,2024-10-01,micropython-stdlib-stubs,0.9.0
56,stdlib,,,2024-10-01,micropython-stdlib-stubs,1.0.0
56,stdlib,,,2024-10-01,micropython-stdlib-stubs,1.0.0rc2
55,stdlib,,,2024-10-01,micropython-stdlib-stubs,1.0.1a0
51,stdlib,,,2024-10-01,micropython-stdlib-stubs,1.0.1a1
56,stdlib,,,2024-10-01,micropython-stdlib-stubs,1.0.1a2
53,stdlib,,,2024-10-01,micropython-stdlib-stubs,1.1.0
55,stdlib,,,2024-10-01,micropython-stdlib-stubs,1.1.1
51,stdlib,,,2024-10-01,micropython-stdlib-stubs,1.1.1a2
2328,stdlib,,,2024-10-01,micropython-stdlib-stubs,1.1.2
54,stdlib,,,2024-10-01,micropython-stdlib-stubs,1.1.2a0
42,stdlib,,,2024-10-01,micropython-stdlib-stubs,1.23.0
44,stdlib,,,2024-10-01,micropython-stdlib-stubs,1.24.0
54,stm32,pybv11,1.20.0,2024-10-01,micropython-stm32-pybv11-stubs,1.20.0.post1
60,stm32,pybv11,1.20.0,2024-10-01,micropython-stm32-pybv11-stubs,1.20.0.post2
57,stm32,pybv11,1.20.0,2024-10-01,micropython-stm32-pybv11-stubs,1.20.0.post3
53,stm32,pybv11,1.20.0,2024-10-01,micropython-stm32-pybv11-stubs,1.20.0.post4
58,stm32,pybv11,1.20.0,2024-10-01,micropython-stm32-pybv11-stubs,1.20.0.post5
59,stm32,pybv11,1.20.0,2024-10-01,micropython-stm32-pybv11-stubs,1.20.0.post6
56,stm32,pybv11,1.21.0,2024-10-01,micropython-stm32-pybv11-stubs,1.21.0.post1
54,stm32,pybv11,1.21.0,2024-10-01,micropython-stm32-pybv11-stubs,1.21.0.post2
54,stm32,pybv11,1.21.0,2024-10-01,micropython-stm32-pybv11-stubs,1.21.0.post3
55,stm32,pybv11,1.22.0,2024-10-01,micropython-stm32-pybv11-stubs,1.22.0.post1
55,stm32,pybv11,1.22.0,2024-10-01,micropython-stm32-pybv11-stubs,1.22.0.post2
54,stm32,pybv11,1.23.0,2024-10-01,micropython-stm32-pybv11-stubs,1.23.0.post1
71,stm32,pybv11,1.23.0,2024-10-01,micropython-stm32-pybv11-stubs,1.23.0.post2
54,stm32,,1.17,2024-10-01,micropython-stm32-stubs,1.17.post1
58,stm32,,1.17,2024-10-01,micropython-stm32-stubs,1.17.post2
57,stm32,,1.17,2024-10-01,micropython-stm32-stubs,1.17.post3
55,stm32,,1.18,2024-10-01,micropython-stm32-stubs,1.18.post1
54,stm32,,1.18,2024-10-01,micropython-stm32-stubs,1.18.post2
55,stm32,,1.18,2024-10-01,micropython-stm32-stubs,1.18.post3
55,stm32,,1.18,2024-10-01,micropython-stm32-stubs,1.18.post4
55,stm32,,1.19.1,2024-10-01,micropython-stm32-stubs,1.19.1.post1
60,stm32,,1.19.1,2024-10-01,micropython-stm32-stubs,1.19.1.post10
60,stm32,,1.19.1,2024-10-01,micropython-stm32-stubs,1.19.1.post11
57,stm32,,1.19.1,2024-10-01,micropython-stm32-stubs,1.19.1.post12
57,stm32,,1.19.1,2024-10-01,micropython-stm32-stubs,1.19.1.post2
60,stm32,,1.19.1,2024-10-01,micropython-stm32-stubs,1.19.1.post3
66,stm32,,1.19.1,2024-10-01,micropython-stm32-stubs,1.19.1.post4
64,stm32,,1.19.1,2024-10-01,micropython-stm32-stubs,1.19.1.post5
56,stm32,,1.19.1,2024-10-01,micropython-stm32-stubs,1.19.1.post6
60,stm32,,1.19.1,2024-10-01,micropython-stm32-stubs,1.19.1.post7
59,stm32,,1.19.1,2024-10-01,micropython-stm32-stubs,1.19.1.post8
59,stm32,,1.19.1,2024-10-01,micropython-stm32-stubs,1.19.1.post9
53,stm32,,1.20.0,2024-10-01,micropython-stm32-stubs,1.20.0.post1
53,stm32,,1.20.0,2024-10-01,micropython-stm32-stubs,1.20.0.post2
54,stm32,,1.20.0,2024-10-01,micropython-stm32-stubs,1.20.0.post3
57,stm32,,1.20.0,2024-10-01,micropython-stm32-stubs,1.20.0.post4
57,stm32,,1.20.0,2024-10-01,micropython-stm32-stubs,1.20.0.post5
49,stm32,,1.21.0,2024-10-01,micropython-stm32-stubs,1.21.0.post1
55,stm32,,1.21.0,2024-10-01,micropython-stm32-stubs,1.21.0.post2
53,stm32,,1.22.0,2024-10-01,micropython-stm32-stubs,1.22.0.post1
57,stm32,,1.23.0,2024-10-01,micropython-stm32-stubs,1.23.0.post1
257,stm32,,1.23.0,2024-10-01,micropython-stm32-stubs,1.23.0.post2
56,unix,,1.20.0,2024-10-01,micropython-unix-stubs,1.20.0.post1
68,unix,,1.21.0,2024-10-01,micropython-unix-stubs,1.21.0.post1
74,webassembly,,1.21.0,2024-10-01,micropython-webassembly-stubs,1.21.0.post1
84,webassembly,,1.21.0,2024-10-01,micropython-webassembly-stubs,1.21.0.post2
62,windows,,1.20.0,2024-10-01,micropython-windows-stubs,1.20.0.post1
78,windows,,1.21.0,2024-10-01,micropython-windows-stubs,1.21.0.post1
36,esp32,esp32-generic-c3,1.23.0,2024-11-01,micropython-esp32-esp32-generic-c3-stubs,1.23.0.post1
139,esp32,esp32-generic-c3,1.23.0,2024-11-01,micropython-esp32-esp32-generic-c3-stubs,1.23.0.post2
36,esp32,esp32-generic-s3,1.22.0,2024-11-01,micropython-esp32-esp32-generic-s3-stubs,1.22.0.post1
39,esp32,esp32-generic-s3,1.23.0,2024-11-01,micropython-esp32-esp32-generic-s3-stubs,1.23.0.post1
106,esp32,esp32-generic-s3,1.23.0,2024-11-01,micropython-esp32-esp32-generic-s3-stubs,1.23.0.post2
39,esp32,esp32-generic,1.21.0,2024-11-01,micropython-esp32-esp32-generic-stubs,1.21.0.post1
45,esp32,esp32-generic,1.21.0,2024-11-01,micropython-esp32-esp32-generic-stubs,1.21.0.post2
42,esp32,esp32-generic,1.22.0,2024-11-01,micropython-esp32-esp32-generic-stubs,1.22.0.post1
47,esp32,esp32-generic,1.23.0,2024-11-01,micropython-esp32-esp32-generic-stubs,1.23.0.post1
112,esp32,esp32-generic,1.23.0,2024-11-01,micropython-esp32-esp32-generic-stubs,1.23.0.post2
43,esp32,generic-ota,1.20.0,2024-11-01,micropython-esp32-generic-ota-stubs,1.20.0.post1
50,esp32,generic-ota,1.20.0,2024-11-01,micropython-esp32-generic-ota-stubs,1.20.0.post2
40,esp32,generic-s3,1.19.1,2024-11-01,micropython-esp32-generic-s3-stubs,1.19.1.post1
36,esp32,generic-s3,1.20.0,2024-11-01,micropython-esp32-generic-s3-stubs,1.20.0.post1
53,esp32,generic-s3,1.20.0,2024-11-01,micropython-esp32-generic-s3-stubs,1.20.0.post2
64,esp32,generic-spiram,1.19.1,2024-11-01,micropython-esp32-generic-spiram-stubs,1.19.1.post1
38,esp32,ota,1.20.0,2024-11-01,micropython-esp32-ota-stubs,1.20.0.post1
41,esp32,ota,1.20.0,2024-11-01,micropython-esp32-ota-stubs,1.20.0.post2
36,esp32,s3,1.19.1,2024-11-01,micropython-esp32-s3-stubs,1.19.1.post1
54,esp32,s3,1.20.0,2024-11-01,micropython-esp32-s3-stubs,1.20.0.post1
33,esp32,,1.17,2024-11-01,micropython-esp32-stubs,1.17.post1
35,esp32,,1.17,2024-11-01,micropython-esp32-stubs,1.17.post2
30,esp32,,1.17,2024-11-01,micropython-esp32-stubs,1.17.post3
32,esp32,,1.18,2024-11-01,micropython-esp32-stubs,1.18.post1
33,esp32,,1.18,2024-11-01,micropython-esp32-stubs,1.18.post2
32,esp32,,1.18,2024-11-01,micropython-esp32-stubs,1.18.post3
35,esp32,,1.19.1,2024-11-01,micropython-esp32-stubs,1.19.1.post10
84,esp32,,1.19.1,2024-11-01,micropython-esp32-stubs,1.19.1.post11
36,esp32,,1.19.1,2024-11-01,micropython-esp32-stubs,1.19.1.post12
35,esp32,,1.19.1,2024-11-01,micropython-esp32-stubs,1.19.1.post13
33,esp32,,1.19.1,2024-11-01,micropython-esp32-stubs,1.19.1.post14
36,esp32,,1.19.1,2024-11-01,micropython-esp32-stubs,1.19.1.post15
32,esp32,,1.19.1,2024-11-01,micropython-esp32-stubs,1.19.1.post2
32,esp32,,1.19.1,2024-11-01,micropython-esp32-stubs,1.19.1.post3
31,esp32,,1.19.1,2024-11-01,micropython-esp32-stubs,1.19.1.post4
31,esp32,,1.19.1,2024-11-01,micropython-esp32-stubs,1.19.1.post5
35,esp32,,1.19.1,2024-11-01,micropython-esp32-stubs,1.19.1.post6
33,esp32,,1.19.1,2024-11-01,micropython-esp32-stubs,1.19.1.post7
27,esp32,,1.19.1,2024-11-01,micropython-esp32-stubs,1.19.1.post8
33,esp32,,1.19.1,2024-11-01,micropython-esp32-stubs,1.19.1.post9
30,esp32,,1.20.0,2024-11-01,micropython-esp32-stubs,1.20.0.post1
36,esp32,,1.20.0,2024-11-01,micropython-esp32-stubs,1.20.0.post2
32,esp32,,1.20.0,2024-11-01,micropython-esp32-stubs,1.20.0.post3
30,esp32,,1.20.0,2024-11-01,micropython-esp32-stubs,1.20.0.post4
51,esp32,,1.20.0,2024-11-01,micropython-esp32-stubs,1.20.0.post5
32,esp32,,1.21.0,2024-11-01,micropython-esp32-stubs,1.21.0.post1
30,esp32,,1.21.0,2024-11-01,micropython-esp32-stubs,1.21.0.post2
34,esp32,,1.21.0,2024-11-01,micropython-esp32-stubs,1.21.0.post3
35,esp32,,1.21.0,2024-11-01,micropython-esp32-stubs,1.21.0.post4
37,esp32,,,2024-11-01,micropython-esp32-stubs,1.21.0a489
54,esp32,,1.22.0,2024-11-01,micropython-esp32-stubs,1.22.0.post1
36,esp32,,1.23.0,2024-11-01,micropython-esp32-stubs,1.23.0.post1
305,esp32,,1.23.0,2024-11-01,micropython-esp32-stubs,1.23.0.post2
73,esp32,,,2024-11-01,micropython-esp32-stubs,1.23.0a87
35,esp32,um-tinypico,1.19.1,2024-11-01,micropython-esp32-um-tinypico-stubs,1.19.1.post2
32,esp32,um-tinypico,1.19.1,2024-11-01,micropython-esp32-um-tinypico-stubs,1.19.1.post3
30,esp32,um-tinypico,1.19.1,2024-11-01,micropython-esp32-um-tinypico-stubs,1.19.1.post4
31,esp32,um-tinypico,1.19.1,2024-11-01,micropython-esp32-um-tinypico-stubs,1.19.1.post5
35,esp32,um-tinypico,1.19.1,2024-11-01,micropython-esp32-um-tinypico-stubs,1.19.1.post6
41,esp32,um-tinypico,1.19.1,2024-11-01,micropython-esp32-um-tinypico-stubs,1.19.1.post7
48,esp32,um-tinypico,1.19.1,2024-11-01,micropython-esp32-um-tinypico-stubs,1.19.1.post8
43,esp8266,esp8266-generic,1.23.0,2024-11-01,micropython-esp8266-esp8266-generic-stubs,1.23.0.post1
81,esp8266,esp8266-generic,1.23.0,2024-11-01,micropython-esp8266-esp8266-generic-stubs,1.23.0.post2
37,esp8266,,1.17,2024-11-01,micropython-esp8266-stubs,1.17.post1
29,esp8266,,1.17,2024-11-01,micropython-esp8266-stubs,1.17.post2
29,esp8266,,1.17,2024-11-01,micropython-esp8266-stubs,1.17.post3
36,esp8266,,1.18,2024-11-01,micropython-esp8266-stubs,1.18.post1
37,esp8266,,1.18,2024-11-01,micropython-esp8266-stubs,1.18.post2
30,esp8266,,1.18,2024-11-01,micropython-esp8266-stubs,1.18.post3
32,esp8266,,1.18,2024-11-01,micropython-esp8266-stubs,1.18.post4
35,esp8266,,1.19.1,2024-11-01,micropython-esp8266-stubs,1.19.1.post1
32,esp8266,,1.19.1,2024-11-01,micropython-esp8266-stubs,1.19.1.post10
35,esp8266,,1.19.1,2024-11-01,micropython-esp8266-stubs,1.19.1.post11
33,esp8266,,1.19.1,2024-11-01,micropython-esp8266-stubs,1.19.1.post12
38,esp8266,,1.19.1,2024-11-01,micropython-esp8266-stubs,1.19.1.post2
37,esp8266,,1.19.1,2024-11-01,micropython-esp8266-stubs,1.19.1.post3
37,esp8266,,1.19.1,2024-11-01,micropython-esp8266-stubs,1.19.1.post4
35,esp8266,,1.19.1,2024-11-01,micropython-esp8266-stubs,1.19.1.post5
33,esp8266,,1.19.1,2024-11-01,micropython-esp8266-stubs,1.19.1.post6
34,esp8266,,1.19.1,2024-11-01,micropython-esp8266-stubs,1.19.1.post7
33,esp8266,,1.19.1,2024-11-01,micropython-esp8266-stubs,1.19.1.post8
34,esp8266,,1.19.1,2024-11-01,micropython-esp8266-stubs,1.19.1.post9
43,esp8266,,1.23.0,2024-11-01,micropython-esp8266-stubs,1.23.0.post1
68,esp8266,,1.23.0,2024-11-01,micropython-esp8266-stubs,1.23.0.post2
32,rp2,arduino-nano-rp2040-connect,1.22.0,2024-11-01,micropython-rp2-arduino-nano-rp2040-connect-stubs,1.22.0.post1
28,rp2,arduino-nano-rp2040-connect,1.22.1,2024-11-01,micropython-rp2-arduino-nano-rp2040-connect-stubs,1.22.1.post1
37,rp2,arduino-nano-rp2040-connect,1.22.1,2024-11-01,micropython-rp2-arduino-nano-rp2040-connect-stubs,1.22.1.post2
33,rp2,pico,1.20.0,2024-11-01,micropython-rp2-pico-stubs,1.20.0.post1
32,rp2,pico,1.20.0,2024-11-01,micropython-rp2-pico-stubs,1.20.0.post2
32,rp2,pico,1.20.0,2024-11-01,micropython-rp2-pico-stubs,1.20.0.post3
41,rp2,pico,1.20.0,2024-11-01,micropython-rp2-pico-stubs,1.20.0.post4
225,rp2,pico,1.20.0,2024-11-01,micropython-rp2-pico-stubs,1.20.0.post5
29,rp2,pico-w,1.20.0,2024-11-01,micropython-rp2-pico-w-stubs,1.20.0.post1
30,rp2,pico-w,1.20.0,2024-11-01,micropython-rp2-pico-w-stubs,1.20.0.post2
36,rp2,pico-w,1.20.0,2024-11-01,micropython-rp2-pico-w-stubs,1.20.0.post3
30,rp2,pico-w,1.20.0,2024-11-01,micropython-rp2-pico-w-stubs,1.20.0.post4
94,rp2,pico-w,1.20.0,2024-11-01,micropython-rp2-pico-w-stubs,1.20.0.post5
35,rp2,pimoroni-picolipo-16mb,1.20.0,2024-11-01,micropython-rp2-pimoroni-picolipo-16mb-stubs,1.20.0.post1
31,rp2,pimoroni-picolipo-16mb,1.20.0,2024-11-01,micropython-rp2-pimoroni-picolipo-16mb-stubs,1.20.0.post2
35,rp2,pimoroni-picolipo-16mb,1.20.0,2024-11-01,micropython-rp2-pimoroni-picolipo-16mb-stubs,1.20.0.post3
38,rp2,pimoroni-picolipo-16mb,1.22.0,2024-11-01,micropython-rp2-pimoroni-picolipo-16mb-stubs,1.22.0.post1
33,rp2,rpi-pico,1.21.0,2024-11-01,micropython-rp2-rpi-pico-stubs,1.21.0.post1
32,rp2,rpi-pico,1.21.0,2024-11-01,micropython-rp2-rpi-pico-stubs,1.21.0.post2
38,rp2,rpi-pico,1.21.0,2024-11-01,micropython-rp2-rpi-pico-stubs,1.21.0.post3
25,rp2,rpi-pico,1.22.0,2024-11-01,micropython-rp2-rpi-pico-stubs,1.22.0.post1
32,rp2,rpi-pico,1.22.1,2024-11-01,micropython-rp2-rpi-pico-stubs,1.22.1.post1
34,rp2,rpi-pico,1.22.1,2024-11-01,micropython-rp2-rpi-pico-stubs,1.22.1.post2
38,rp2,rpi-pico,1.23.0,2024-11-01,micropython-rp2-rpi-pico-stubs,1.23.0.post1
107,rp2,rpi-pico,1.23.0,2024-11-01,micropython-rp2-rpi-pico-stubs,1.23.0.post2
33,rp2,rpi-pico-w,1.21.0,2024-11-01,micropython-rp2-rpi-pico-w-stubs,1.21.0.post1
33,rp2,rpi-pico-w,1.21.0,2024-11-01,micropython-rp2-rpi-pico-w-stubs,1.21.0.post2
36,rp2,rpi-pico-w,1.21.0,2024-11-01,micropython-rp2-rpi-pico-w-stubs,1.21.0.post3
34,rp2,rpi-pico-w,1.22.0,2024-11-01,micropython-rp2-rpi-pico-w-stubs,1.22.0.post1
36,rp2,rpi-pico-w,1.22.1,2024-11-01,micropython-rp2-rpi-pico-w-stubs,1.22.1.post1
38,rp2,rpi-pico-w,1.22.1,2024-11-01,micropython-rp2-rpi-pico-w-stubs,1.22.1.post2
40,rp2,rpi-pico-w,1.23.0,2024-11-01,micropython-rp2-rpi-pico-w-stubs,1.23.0.post1
248,rp2,rpi-pico-w,1.23.0,2024-11-01,micropython-rp2-rpi-pico-w-stubs,1.23.0.post2
33,rp2,,1.17,2024-11-01,micropython-rp2-stubs,1.17.post1
30,rp2,,1.17,2024-11-01,micropython-rp2-stubs,1.17.post2
24,rp2,,1.17,2024-11-01,micropython-rp2-stubs,1.17.post3
272,rp2,,1.18,2024-11-01,micropython-rp2-stubs,1.18.post1
29,rp2,,1.18,2024-11-01,micropython-rp2-stubs,1.18.post2
28,rp2,,1.18,2024-11-01,micropython-rp2-stubs,1.18.post3
29,rp2,,1.19.1,2024-11-01,micropython-rp2-stubs,1.19.1.post10
29,rp2,,1.19.1,2024-11-01,micropython-rp2-stubs,1.19.1.post11
30,rp2,,1.19.1,2024-11-01,micropython-rp2-stubs,1.19.1.post12
35,rp2,,1.19.1,2024-11-01,micropython-rp2-stubs,1.19.1.post13
35,rp2,,1.19.1,2024-11-01,micropython-rp2-stubs,1.19.1.post14
26,rp2,,1.19.1,2024-11-01,micropython-rp2-stubs,1.19.1.post6
28,rp2,,1.19.1,2024-11-01,micropython-rp2-stubs,1.19.1.post7
34,rp2,,1.19.1,2024-11-01,micropython-rp2-stubs,1.19.1.post8
29,rp2,,1.19.1,2024-11-01,micropython-rp2-stubs,1.19.1.post9
31,rp2,,1.20.0,2024-11-01,micropython-rp2-stubs,1.20.0.post1
30,rp2,,1.20.0,2024-11-01,micropython-rp2-stubs,1.20.0.post2
31,rp2,,1.20.0,2024-11-01,micropython-rp2-stubs,1.20.0.post3
30,rp2,,1.20.0,2024-11-01,micropython-rp2-stubs,1.20.0.post4
35,rp2,,1.20.0,2024-11-01,micropython-rp2-stubs,1.20.0.post5
34,rp2,,1.21.0,2024-11-01,micropython-rp2-stubs,1.21.0.post1
34,rp2,,1.21.0,2024-11-01,micropython-rp2-stubs,1.21.0.post2
39,rp2,,1.22.0,2024-11-01,micropython-rp2-stubs,1.22.0.post1
37,rp2,,1.22.1,2024-11-01,micropython-rp2-stubs,1.22.1.post1
55,rp2,,1.22.1,2024-11-01,micropython-rp2-stubs,1.22.1.post2
35,rp2,,1.23.0,2024-11-01,micropython-rp2-stubs,1.23.0.post1
82,rp2,,1.23.0,2024-11-01,micropython-rp2-stubs,1.23.0.post2
33,samd,adafruit-feather-m4-express,1.20.0,2024-11-01,micropython-samd-adafruit-feather-m4-express-stubs,1.20.0.post1
33,samd,adafruit-feather-m4-express,1.20.0,2024-11-01,micropython-samd-adafruit-feather-m4-express-stubs,1.20.0.post2
32,samd,adafruit-feather-m4-express,1.20.0,2024-11-01,micropython-samd-adafruit-feather-m4-express-stubs,1.20.0.post3
42,samd,adafruit-feather-m4-express,1.20.0,2024-11-01,micropython-samd-adafruit-feather-m4-express-stubs,1.20.0.post4
35,samd,adafruit-itsybitsy-m4-express,1.20.0,2024-11-01,micropython-samd-adafruit-itsybitsy-m4-express-stubs,1.20.0.post1
28,samd,adafruit-itsybitsy-m4-express,1.20.0,2024-11-01,micropython-samd-adafruit-itsybitsy-m4-express-stubs,1.20.0.post2
29,samd,adafruit-itsybitsy-m4-express,1.20.0,2024-11-01,micropython-samd-adafruit-itsybitsy-m4-express-stubs,1.20.0.post3
54,samd,adafruit-itsybitsy-m4-express,1.20.0,2024-11-01,micropython-samd-adafruit-itsybitsy-m4-express-stubs,1.20.0.post4
29,samd,minisam-m4,1.20.0,2024-11-01,micropython-samd-minisam-m4-stubs,1.20.0.post1
33,samd,minisam-m4,1.20.0,2024-11-01,micropython-samd-minisam-m4-stubs,1.20.0.post2
31,samd,minisam-m4,1.20.0,2024-11-01,micropython-samd-minisam-m4-stubs,1.20.0.post3
41,samd,minisam-m4,1.20.0,2024-11-01,micropython-samd-minisam-m4-stubs,1.20.0.post4
33,samd,seeed-wio-terminal,1.20.0,2024-11-01,micropython-samd-seeed-wio-terminal-stubs,1.20.0.post1
31,samd,seeed-wio-terminal,1.20.0,2024-11-01,micropython-samd-seeed-wio-terminal-stubs,1.20.0.post2
34,samd,seeed-wio-terminal,1.20.0,2024-11-01,micropython-samd-seeed-wio-terminal-stubs,1.20.0.post3
34,samd,seeed-wio-terminal,1.20.0,2024-11-01,micropython-samd-seeed-wio-terminal-stubs,1.20.0.post4
34,samd,seeed-wio-terminal,1.20.0,2024-11-01,micropython-samd-seeed-wio-terminal-stubs,1.20.0.post5
37,samd,seeed-wio-terminal,1.21.0,2024-11-01,micropython-samd-seeed-wio-terminal-stubs,1.21.0.post1
36,samd,seeed-wio-terminal,1.21.0,2024-11-01,micropython-samd-seeed-wio-terminal-stubs,1.21.0.post2
36,samd,seeed-wio-terminal,1.21.0,2024-11-01,micropython-samd-seeed-wio-terminal-stubs,1.21.0.post3
33,samd,seeed-wio-terminal,1.22.0,2024-11-01,micropython-samd-seeed-wio-terminal-stubs,1.22.0.post1
32,samd,seeed-wio-terminal,1.22.1,2024-11-01,micropython-samd-seeed-wio-terminal-stubs,1.22.1.post1
38,samd,seeed-wio-terminal,1.23.0,2024-11-01,micropython-samd-seeed-wio-terminal-stubs,1.23.0.post1
45,samd,seeed-wio-terminal,1.23.0,2024-11-01,micropython-samd-seeed-wio-terminal-stubs,1.23.0.post2
32,samd,,1.20.0,2024-11-01,micropython-samd-stubs,1.20.0.post1
37,samd,,1.20.0,2024-11-01,micropython-samd-stubs,1.20.0.post2
35,samd,,1.21.0,2024-11-01,micropython-samd-stubs,1.21.0.post1
36,samd,,1.21.0,2024-11-01,micropython-samd-stubs,1.21.0.post2
35,samd,,1.22.0,2024-11-01,micropython-samd-stubs,1.22.0.post1
34,samd,,1.22.1,2024-11-01,micropython-samd-stubs,1.22.1.post1
36,samd,,1.23.0,2024-11-01,micropython-samd-stubs,1.23.0.post1
53,samd,,1.23.0,2024-11-01,micropython-samd-stubs,1.23.0.post2
39,samd,,,2024-11-01,micropython-samd-stubs,1.23.0a87
91,stdlib,,,2024-11-01,micropython-stdlib-stubs,0.9.0
30,stdlib,,,2024-11-01,micropython-stdlib-stubs,1.0.0
36,stdlib,,,2024-11-01,micropython-stdlib-stubs,1.0.0rc2
27,stdlib,,,2024-11-01,micropython-stdlib-stubs,1.0.1a0
31,stdlib,,,2024-11-01,micropython-stdlib-stubs,1.0.1a1
32,stdlib,,,2024-11-01,micropython-stdlib-stubs,1.0.1a2
32,stdlib,,,2024-11-01,micropython-stdlib-stubs,1.1.0
32,stdlib,,,2024-11-01,micropython-stdlib-stubs,1.1.1
30,stdlib,,,2024-11-01,micropython-stdlib-stubs,1.1.1a2
297,stdlib,,,2024-11-01,micropython-stdlib-stubs,1.1.2
35,stdlib,,,2024-11-01,micropython-stdlib-stubs,1.1.2a0
88,stdlib,,,2024-11-01,micropython-stdlib-stubs,1.23.0
1505,stdlib,,,2024-11-01,micropython-stdlib-stubs,1.24.0
32,stm32,pybv11,1.20.0,2024-11-01,micropython-stm32-pybv11-stubs,1.20.0.post1
30,stm32,pybv11,1.20.0,2024-11-01,micropython-stm32-pybv11-stubs,1.20.0.post2
32,stm32,pybv11,1.20.0,2024-11-01,micropython-stm32-pybv11-stubs,1.20.0.post3
35,stm32,pybv11,1.20.0,2024-11-01,micropython-stm32-pybv11-stubs,1.20.0.post4
36,stm32,pybv11,1.20.0,2024-11-01,micropython-stm32-pybv11-stubs,1.20.0.post5
34,stm32,pybv11,1.20.0,2024-11-01,micropython-stm32-pybv11-stubs,1.20.0.post6
34,stm32,pybv11,1.21.0,2024-11-01,micropython-stm32-pybv11-stubs,1.21.0.post1
33,stm32,pybv11,1.21.0,2024-11-01,micropython-stm32-pybv11-stubs,1.21.0.post2
32,stm32,pybv11,1.21.0,2024-11-01,micropython-stm32-pybv11-stubs,1.21.0.post3
34,stm32,pybv11,1.22.0,2024-11-01,micropython-stm32-pybv11-stubs,1.22.0.post1
32,stm32,pybv11,1.22.0,2024-11-01,micropython-stm32-pybv11-stubs,1.22.0.post2
46,stm32,pybv11,1.23.0,2024-11-01,micropython-stm32-pybv11-stubs,1.23.0.post1
53,stm32,pybv11,1.23.0,2024-11-01,micropython-stm32-pybv11-stubs,1.23.0.post2
33,stm32,,1.17,2024-11-01,micropython-stm32-stubs,1.17.post1
29,stm32,,1.17,2024-11-01,micropython-stm32-stubs,1.17.post2
36,stm32,,1.17,2024-11-01,micropython-stm32-stubs,1.17.post3
42,stm32,,1.18,2024-11-01,micropython-stm32-stubs,1.18.post1
31,stm32,,1.18,2024-11-01,micropython-stm32-stubs,1.18.post2
36,stm32,,1.18,2024-11-01,micropython-stm32-stubs,1.18.post3
36,stm32,,1.18,2024-11-01,micropython-stm32-stubs,1.18.post4
31,stm32,,1.19.1,2024-11-01,micropython-stm32-stubs,1.19.1.post1
28,stm32,,1.19.1,2024-11-01,micropython-stm32-stubs,1.19.1.post10
31,stm32,,1.19.1,2024-11-01,micropython-stm32-stubs,1.19.1.post11
43,stm32,,1.19.1,2024-11-01,micropython-stm32-stubs,1.19.1.post12
40,stm32,,1.19.1,2024-11-01,micropython-stm32-stubs,1.19.1.post2
36,stm32,,1.19.1,2024-11-01,micropython-stm32-stubs,1.19.1.post3
36,stm32,,1.19.1,2024-11-01,micropython-stm32-stubs,1.19.1.post4
30,stm32,,1.19.1,2024-11-01,micropython-stm32-stubs,1.19.1.post5
36,stm32,,1.19.1,2024-11-01,micropython-stm32-stubs,1.19.1.post6
33,stm32,,1.19.1,2024-11-01,micropython-stm32-stubs,1.19.1.post7
31,stm32,,1.19.1,2024-11-01,micropython-stm32-stubs,1.19.1.post8
31,stm32,,1.19.1,2024-11-01,micropython-stm32-stubs,1.19.1.post9
36,stm32,,1.20.0,2024-11-01,micropython-stm32-stubs,1.20.0.post1
37,stm32,,1.20.0,2024-11-01,micropython-stm32-stubs,1.20.0.post2
32,stm32,,1.20.0,2024-11-01,micropython-stm32-stubs,1.20.0.post3
29,stm32,,1.20.0,2024-11-01,micropython-stm32-stubs,1.20.0.post4
32,stm32,,1.20.0,2024-11-01,micropython-stm32-stubs,1.20.0.post5
32,stm32,,1.21.0,2024-11-01,micropython-stm32-stubs,1.21.0.post1
32,stm32,,1.21.0,2024-11-01,micropython-stm32-stubs,1.21.0.post2
37,stm32,,1.22.0,2024-11-01,micropython-stm32-stubs,1.22.0.post1
44,stm32,,1.23.0,2024-11-01,micropython-stm32-stubs,1.23.0.post1
158,stm32,,1.23.0,2024-11-01,micropython-stm32-stubs,1.23.0.post2
33,unix,,1.20.0,2024-11-01,micropython-unix-stubs,1.20.0.post1
41,unix,,1.21.0,2024-11-01,micropython-unix-stubs,1.21.0.post1
43,webassembly,,1.21.0,2024-11-01,micropython-webassembly-stubs,1.21.0.post1
41,webassembly,,1.21.0,2024-11-01,micropython-webassembly-stubs,1.21.0.post2
32,windows,,1.20.0,2024-11-01,micropython-windows-stubs,1.20.0.post1
49,windows,,1.21.0,2024-11-01,micropython-windows-stubs,1.21.0.post1
29,esp32,esp32-generic-c3,1.23.0,2024-12-01,micropython-esp32-esp32-generic-c3-stubs,1.23.0.post1
115,esp32,esp32-generic-c3,1.23.0,2024-12-01,micropython-esp32-esp32-generic-c3-stubs,1.23.0.post2
35,esp32,esp32-generic-s3,1.22.0,2024-12-01,micropython-esp32-esp32-generic-s3-stubs,1.22.0.post1
30,esp32,esp32-generic-s3,1.23.0,2024-12-01,micropython-esp32-esp32-generic-s3-stubs,1.23.0.post1
83,esp32,esp32-generic-s3,1.23.0,2024-12-01,micropython-esp32-esp32-generic-s3-stubs,1.23.0.post2
30,esp32,esp32-generic,1.21.0,2024-12-01,micropython-esp32-esp32-generic-stubs,1.21.0.post1
35,esp32,esp32-generic,1.21.0,2024-12-01,micropython-esp32-esp32-generic-stubs,1.21.0.post2
33,esp32,esp32-generic,1.22.0,2024-12-01,micropython-esp32-esp32-generic-stubs,1.22.0.post1
34,esp32,esp32-generic,1.23.0,2024-12-01,micropython-esp32-esp32-generic-stubs,1.23.0.post1
72,esp32,esp32-generic,1.23.0,2024-12-01,micropython-esp32-esp32-generic-stubs,1.23.0.post2
29,esp32,generic-ota,1.20.0,2024-12-01,micropython-esp32-generic-ota-stubs,1.20.0.post1
41,esp32,generic-ota,1.20.0,2024-12-01,micropython-esp32-generic-ota-stubs,1.20.0.post2
30,esp32,generic-s3,1.19.1,2024-12-01,micropython-esp32-generic-s3-stubs,1.19.1.post1
31,esp32,generic-s3,1.20.0,2024-12-01,micropython-esp32-generic-s3-stubs,1.20.0.post1
41,esp32,generic-s3,1.20.0,2024-12-01,micropython-esp32-generic-s3-stubs,1.20.0.post2
35,esp32,generic-spiram,1.19.1,2024-12-01,micropython-esp32-generic-spiram-stubs,1.19.1.post1
31,esp32,ota,1.20.0,2024-12-01,micropython-esp32-ota-stubs,1.20.0.post1
43,esp32,ota,1.20.0,2024-12-01,micropython-esp32-ota-stubs,1.20.0.post2
28,esp32,s3,1.19.1,2024-12-01,micropython-esp32-s3-stubs,1.19.1.post1
46,esp32,s3,1.20.0,2024-12-01,micropython-esp32-s3-stubs,1.20.0.post1
24,esp32,,1.17,2024-12-01,micropython-esp32-stubs,1.17.post1
27,esp32,,1.17,2024-12-01,micropython-esp32-stubs,1.17.post2
30,esp32,,1.17,2024-12-01,micropython-esp32-stubs,1.17.post3
32,esp32,,1.18,2024-12-01,micropython-esp32-stubs,1.18.post1
28,esp32,,1.18,2024-12-01,micropython-esp32-stubs,1.18.post2
29,esp32,,1.18,2024-12-01,micropython-esp32-stubs,1.18.post3
28,esp32,,1.19.1,2024-12-01,micropython-esp32-stubs,1.19.1.post10
39,esp32,,1.19.1,2024-12-01,micropython-esp32-stubs,1.19.1.post11
25,esp32,,1.19.1,2024-12-01,micropython-esp32-stubs,1.19.1.post12
27,esp32,,1.19.1,2024-12-01,micropython-esp32-stubs,1.19.1.post13
28,esp32,,1.19.1,2024-12-01,micropython-esp32-stubs,1.19.1.post14
27,esp32,,1.19.1,2024-12-01,micropython-esp32-stubs,1.19.1.post15
28,esp32,,1.19.1,2024-12-01,micropython-esp32-stubs,1.19.1.post2
26,esp32,,1.19.1,2024-12-01,micropython-esp32-stubs,1.19.1.post3
29,esp32,,1.19.1,2024-12-01,micropython-esp32-stubs,1.19.1.post4
29,esp32,,1.19.1,2024-12-01,micropython-esp32-stubs,1.19.1.post5
26,esp32,,1.19.1,2024-12-01,micropython-esp32-stubs,1.19.1.post6
37,esp32,,1.19.1,2024-12-01,micropython-esp32-stubs,1.19.1.post7
29,esp32,,1.19.1,2024-12-01,micropython-esp32-stubs,1.19.1.post8
28,esp32,,1.19.1,2024-12-01,micropython-esp32-stubs,1.19.1.post9
26,esp32,,1.20.0,2024-12-01,micropython-esp32-stubs,1.20.0.post1
25,esp32,,1.20.0,2024-12-01,micropython-esp32-stubs,1.20.0.post2
32,esp32,,1.20.0,2024-12-01,micropython-esp32-stubs,1.20.0.post3
28,esp32,,1.20.0,2024-12-01,micropython-esp32-stubs,1.20.0.post4
41,esp32,,1.20.0,2024-12-01,micropython-esp32-stubs,1.20.0.post5
28,esp32,,1.21.0,2024-12-01,micropython-esp32-stubs,1.21.0.post1
29,esp32,,1.21.0,2024-12-01,micropython-esp32-stubs,1.21.0.post2
30,esp32,,1.21.0,2024-12-01,micropython-esp32-stubs,1.21.0.post3
31,esp32,,1.21.0,2024-12-01,micropython-esp32-stubs,1.21.0.post4
26,esp32,,,2024-12-01,micropython-esp32-stubs,1.21.0a489
30,esp32,,1.22.0,2024-12-01,micropython-esp32-stubs,1.22.0.post1
30,esp32,,1.23.0,2024-12-01,micropython-esp32-stubs,1.23.0.post1
313,esp32,,1.23.0,2024-12-01,micropython-esp32-stubs,1.23.0.post2
78,esp32,,,2024-12-01,micropython-esp32-stubs,1.23.0a87
29,esp32,um-tinypico,1.19.1,2024-12-01,micropython-esp32-um-tinypico-stubs,1.19.1.post2
27,esp32,um-tinypico,1.19.1,2024-12-01,micropython-esp32-um-tinypico-stubs,1.19.1.post3
25,esp32,um-tinypico,1.19.1,2024-12-01,micropython-esp32-um-tinypico-stubs,1.19.1.post4
30,esp32,um-tinypico,1.19.1,2024-12-01,micropython-esp32-um-tinypico-stubs,1.19.1.post5
24,esp32,um-tinypico,1.19.1,2024-12-01,micropython-esp32-um-tinypico-stubs,1.19.1.post6
30,esp32,um-tinypico,1.19.1,2024-12-01,micropython-esp32-um-tinypico-stubs,1.19.1.post7
37,esp32,um-tinypico,1.19.1,2024-12-01,micropython-esp32-um-tinypico-stubs,1.19.1.post8
30,esp8266,esp8266-generic,1.23.0,2024-12-01,micropython-esp8266-esp8266-generic-stubs,1.23.0.post1
57,esp8266,esp8266-generic,1.23.0,2024-12-01,micropython-esp8266-esp8266-generic-stubs,1.23.0.post2
27,esp8266,,1.17,2024-12-01,micropython-esp8266-stubs,1.17.post1
29,esp8266,,1.17,2024-12-01,micropython-esp8266-stubs,1.17.post2
28,esp8266,,1.17,2024-12-01,micropython-esp8266-stubs,1.17.post3
27,esp8266,,1.18,2024-12-01,micropython-esp8266-stubs,1.18.post1
29,esp8266,,1.18,2024-12-01,micropython-esp8266-stubs,1.18.post2
28,esp8266,,1.18,2024-12-01,micropython-esp8266-stubs,1.18.post3
28,esp8266,,1.18,2024-12-01,micropython-esp8266-stubs,1.18.post4
28,esp8266,,1.19.1,2024-12-01,micropython-esp8266-stubs,1.19.1.post1
31,esp8266,,1.19.1,2024-12-01,micropython-esp8266-stubs,1.19.1.post10
30,esp8266,,1.19.1,2024-12-01,micropython-esp8266-stubs,1.19.1.post11
30,esp8266,,1.19.1,2024-12-01,micropython-esp8266-stubs,1.19.1.post12
29,esp8266,,1.19.1,2024-12-01,micropython-esp8266-stubs,1.19.1.post2
29,esp8266,,1.19.1,2024-12-01,micropython-esp8266-stubs,1.19.1.post3
28,esp8266,,1.19.1,2024-12-01,micropython-esp8266-stubs,1.19.1.post4
28,esp8266,,1.19.1,2024-12-01,micropython-esp8266-stubs,1.19.1.post5
29,esp8266,,1.19.1,2024-12-01,micropython-esp8266-stubs,1.19.1.post6
28,esp8266,,1.19.1,2024-12-01,micropython-esp8266-stubs,1.19.1.post7
31,esp8266,,1.19.1,2024-12-01,micropython-esp8266-stubs,1.19.1.post8
29,esp8266,,1.19.1,2024-12-01,micropython-esp8266-stubs,1.19.1.post9
29,esp8266,,1.23.0,2024-12-01,micropython-esp8266-stubs,1.23.0.post1
60,esp8266,,1.23.0,2024-12-01,micropython-esp8266-stubs,1.23.0.post2
30,rp2,arduino-nano-rp2040-connect,1.22.0,2024-12-01,micropython-rp2-arduino-nano-rp2040-connect-stubs,1.22.0.post1
32,rp2,arduino-nano-rp2040-connect,1.22.1,2024-12-01,micropython-rp2-arduino-nano-rp2040-connect-stubs,1.22.1.post1
42,rp2,arduino-nano-rp2040-connect,1.22.1,2024-12-01,micropython-rp2-arduino-nano-rp2040-connect-stubs,1.22.1.post2
28,rp2,pico,1.20.0,2024-12-01,micropython-rp2-pico-stubs,1.20.0.post1
30,rp2,pico,1.20.0,2024-12-01,micropython-rp2-pico-stubs,1.20.0.post2
29,rp2,pico,1.20.0,2024-12-01,micropython-rp2-pico-stubs,1.20.0.post3
29,rp2,pico,1.20.0,2024-12-01,micropython-rp2-pico-stubs,1.20.0.post4
207,rp2,pico,1.20.0,2024-12-01,micropython-rp2-pico-stubs,1.20.0.post5
29,rp2,pico-w,1.20.0,2024-12-01,micropython-rp2-pico-w-stubs,1.20.0.post1
30,rp2,pico-w,1.20.0,2024-12-01,micropython-rp2-pico-w-stubs,1.20.0.post2
32,rp2,pico-w,1.20.0,2024-12-01,micropython-rp2-pico-w-stubs,1.20.0.post3
30,rp2,pico-w,1.20.0,2024-12-01,micropython-rp2-pico-w-stubs,1.20.0.post4
118,rp2,pico-w,1.20.0,2024-12-01,micropython-rp2-pico-w-stubs,1.20.0.post5
29,rp2,pimoroni-picolipo-16mb,1.20.0,2024-12-01,micropython-rp2-pimoroni-picolipo-16mb-stubs,1.20.0.post1
30,rp2,pimoroni-picolipo-16mb,1.20.0,2024-12-01,micropython-rp2-pimoroni-picolipo-16mb-stubs,1.20.0.post2
30,rp2,pimoroni-picolipo-16mb,1.20.0,2024-12-01,micropython-rp2-pimoroni-picolipo-16mb-stubs,1.20.0.post3
39,rp2,pimoroni-picolipo-16mb,1.22.0,2024-12-01,micropython-rp2-pimoroni-picolipo-16mb-stubs,1.22.0.post1
29,rp2,rpi-pico,1.21.0,2024-12-01,micropython-rp2-rpi-pico-stubs,1.21.0.post1
29,rp2,rpi-pico,1.21.0,2024-12-01,micropython-rp2-rpi-pico-stubs,1.21.0.post2
36,rp2,rpi-pico,1.21.0,2024-12-01,micropython-rp2-rpi-pico-stubs,1.21.0.post3
30,rp2,rpi-pico,1.22.0,2024-12-01,micropython-rp2-rpi-pico-stubs,1.22.0.post1
29,rp2,rpi-pico,1.22.1,2024-12-01,micropython-rp2-rpi-pico-stubs,1.22.1.post1
31,rp2,rpi-pico,1.22.1,2024-12-01,micropython-rp2-rpi-pico-stubs,1.22.1.post2
30,rp2,rpi-pico,1.23.0,2024-12-01,micropython-rp2-rpi-pico-stubs,1.23.0.post1
80,rp2,rpi-pico,1.23.0,2024-12-01,micropython-rp2-rpi-pico-stubs,1.23.0.post2
32,rp2,rpi-pico-w,1.21.0,2024-12-01,micropython-rp2-rpi-pico-w-stubs,1.21.0.post1
28,rp2,rpi-pico-w,1.21.0,2024-12-01,micropython-rp2-rpi-pico-w-stubs,1.21.0.post2
29,rp2,rpi-pico-w,1.21.0,2024-12-01,micropython-rp2-rpi-pico-w-stubs,1.21.0.post3
27,rp2,rpi-pico-w,1.22.0,2024-12-01,micropython-rp2-rpi-pico-w-stubs,1.22.0.post1
32,rp2,rpi-pico-w,1.22.1,2024-12-01,micropython-rp2-rpi-pico-w-stubs,1.22.1.post1
33,rp2,rpi-pico-w,1.22.1,2024-12-01,micropython-rp2-rpi-pico-w-stubs,1.22.1.post2
26,rp2,rpi-pico-w,1.23.0,2024-12-01,micropython-rp2-rpi-pico-w-stubs,1.23.0.post1
177,rp2,rpi-pico-w,1.23.0,2024-12-01,micropython-rp2-rpi-pico-w-stubs,1.23.0.post2
29,rp2,,1.17,2024-12-01,micropython-rp2-stubs,1.17.post1
28,rp2,,1.17,2024-12-01,micropython-rp2-stubs,1.17.post2
28,rp2,,1.17,2024-12-01,micropython-rp2-stubs,1.17.post3
181,rp2,,1.18,2024-12-01,micropython-rp2-stubs,1.18.post1
27,rp2,,1.18,2024-12-01,micropython-rp2-stubs,1.18.post2
29,rp2,,1.18,2024-12-01,micropython-rp2-stubs,1.18.post3
28,rp2,,1.19.1,2024-12-01,micropython-rp2-stubs,1.19.1.post10
26,rp2,,1.19.1,2024-12-01,micropython-rp2-stubs,1.19.1.post11
27,rp2,,1.19.1,2024-12-01,micropython-rp2-stubs,1.19.1.post12
25,rp2,,1.19.1,2024-12-01,micropython-rp2-stubs,1.19.1.post13
27,rp2,,1.19.1,2024-12-01,micropython-rp2-stubs,1.19.1.post14
27,rp2,,1.19.1,2024-12-01,micropython-rp2-stubs,1.19.1.post6
29,rp2,,1.19.1,2024-12-01,micropython-rp2-stubs,1.19.1.post7
27,rp2,,1.19.1,2024-12-01,micropython-rp2-stubs,1.19.1.post8
27,rp2,,1.19.1,2024-12-01,micropython-rp2-stubs,1.19.1.post9
27,rp2,,1.20.0,2024-12-01,micropython-rp2-stubs,1.20.0.post1
28,rp2,,1.20.0,2024-12-01,micropython-rp2-stubs,1.20.0.post2
27,rp2,,1.20.0,2024-12-01,micropython-rp2-stubs,1.20.0.post3
25,rp2,,1.20.0,2024-12-01,micropython-rp2-stubs,1.20.0.post4
23,rp2,,1.20.0,2024-12-01,micropython-rp2-stubs,1.20.0.post5
27,rp2,,1.21.0,2024-12-01,micropython-rp2-stubs,1.21.0.post1
29,rp2,,1.21.0,2024-12-01,micropython-rp2-stubs,1.21.0.post2
25,rp2,,1.22.0,2024-12-01,micropython-rp2-stubs,1.22.0.post1
25,rp2,,1.22.1,2024-12-01,micropython-rp2-stubs,1.22.1.post1
37,rp2,,1.22.1,2024-12-01,micropython-rp2-stubs,1.22.1.post2
29,rp2,,1.23.0,2024-12-01,micropython-rp2-stubs,1.23.0.post1
98,rp2,,1.23.0,2024-12-01,micropython-rp2-stubs,1.23.0.post2
27,samd,adafruit-feather-m4-express,1.20.0,2024-12-01,micropython-samd-adafruit-feather-m4-express-stubs,1.20.0.post1
27,samd,adafruit-feather-m4-express,1.20.0,2024-12-01,micropython-samd-adafruit-feather-m4-express-stubs,1.20.0.post2
28,samd,adafruit-feather-m4-express,1.20.0,2024-12-01,micropython-samd-adafruit-feather-m4-express-stubs,1.20.0.post3
35,samd,adafruit-feather-m4-express,1.20.0,2024-12-01,micropython-samd-adafruit-feather-m4-express-stubs,1.20.0.post4
28,samd,adafruit-itsybitsy-m4-express,1.20.0,2024-12-01,micropython-samd-adafruit-itsybitsy-m4-express-stubs,1.20.0.post1
29,samd,adafruit-itsybitsy-m4-express,1.20.0,2024-12-01,micropython-samd-adafruit-itsybitsy-m4-express-stubs,1.20.0.post2
26,samd,adafruit-itsybitsy-m4-express,1.20.0,2024-12-01,micropython-samd-adafruit-itsybitsy-m4-express-stubs,1.20.0.post3
37,samd,adafruit-itsybitsy-m4-express,1.20.0,2024-12-01,micropython-samd-adafruit-itsybitsy-m4-express-stubs,1.20.0.post4
28,samd,minisam-m4,1.20.0,2024-12-01,micropython-samd-minisam-m4-stubs,1.20.0.post1
26,samd,minisam-m4,1.20.0,2024-12-01,micropython-samd-minisam-m4-stubs,1.20.0.post2
25,samd,minisam-m4,1.20.0,2024-12-01,micropython-samd-minisam-m4-stubs,1.20.0.post3
35,samd,minisam-m4,1.20.0,2024-12-01,micropython-samd-minisam-m4-stubs,1.20.0.post4
28,samd,seeed-wio-terminal,1.20.0,2024-12-01,micropython-samd-seeed-wio-terminal-stubs,1.20.0.post1
26,samd,seeed-wio-terminal,1.20.0,2024-12-01,micropython-samd-seeed-wio-terminal-stubs,1.20.0.post2
27,samd,seeed-wio-terminal,1.20.0,2024-12-01,micropython-samd-seeed-wio-terminal-stubs,1.20.0.post3
30,samd,seeed-wio-terminal,1.20.0,2024-12-01,micropython-samd-seeed-wio-terminal-stubs,1.20.0.post4
29,samd,seeed-wio-terminal,1.20.0,2024-12-01,micropython-samd-seeed-wio-terminal-stubs,1.20.0.post5
27,samd,seeed-wio-terminal,1.21.0,2024-12-01,micropython-samd-seeed-wio-terminal-stubs,1.21.0.post1
27,samd,seeed-wio-terminal,1.21.0,2024-12-01,micropython-samd-seeed-wio-terminal-stubs,1.21.0.post2
25,samd,seeed-wio-terminal,1.21.0,2024-12-01,micropython-samd-seeed-wio-terminal-stubs,1.21.0.post3
27,samd,seeed-wio-terminal,1.22.0,2024-12-01,micropython-samd-seeed-wio-terminal-stubs,1.22.0.post1
28,samd,seeed-wio-terminal,1.22.1,2024-12-01,micropython-samd-seeed-wio-terminal-stubs,1.22.1.post1
29,samd,seeed-wio-terminal,1.23.0,2024-12-01,micropython-samd-seeed-wio-terminal-stubs,1.23.0.post1
37,samd,seeed-wio-terminal,1.23.0,2024-12-01,micropython-samd-seeed-wio-terminal-stubs,1.23.0.post2
28,samd,,1.20.0,2024-12-01,micropython-samd-stubs,1.20.0.post1
25,samd,,1.20.0,2024-12-01,micropython-samd-stubs,1.20.0.post2
26,samd,,1.21.0,2024-12-01,micropython-samd-stubs,1.21.0.post1
27,samd,,1.21.0,2024-12-01,micropython-samd-stubs,1.21.0.post2
26,samd,,1.22.0,2024-12-01,micropython-samd-stubs,1.22.0.post1
30,samd,,1.22.1,2024-12-01,micropython-samd-stubs,1.22.1.post1
33,samd,,1.23.0,2024-12-01,micropython-samd-stubs,1.23.0.post1
40,samd,,1.23.0,2024-12-01,micropython-samd-stubs,1.23.0.post2
31,samd,,,2024-12-01,micropython-samd-stubs,1.23.0a87
39,stdlib,,,2024-12-01,micropython-stdlib-stubs,0.9.0
30,stdlib,,,2024-12-01,micropython-stdlib-stubs,1.0.0
25,stdlib,,,2024-12-01,micropython-stdlib-stubs,1.0.0rc2
29,stdlib,,,2024-12-01,micropython-stdlib-stubs,1.0.1a0
28,stdlib,,,2024-12-01,micropython-stdlib-stubs,1.0.1a1
25,stdlib,,,2024-12-01,micropython-stdlib-stubs,1.0.1a2
25,stdlib,,,2024-12-01,micropython-stdlib-stubs,1.1.0
27,stdlib,,,2024-12-01,micropython-stdlib-stubs,1.1.1
29,stdlib,,,2024-12-01,micropython-stdlib-stubs,1.1.1a2
192,stdlib,,,2024-12-01,micropython-stdlib-stubs,1.1.2
29,stdlib,,,2024-12-01,micropython-stdlib-stubs,1.1.2a0
37,stdlib,,,2024-12-01,micropython-stdlib-stubs,1.23.0
1086,stdlib,,,2024-12-01,micropython-stdlib-stubs,1.24.0
29,stm32,pybv11,1.20.0,2024-12-01,micropython-stm32-pybv11-stubs,1.20.0.post1
29,stm32,pybv11,1.20.0,2024-12-01,micropython-stm32-pybv11-stubs,1.20.0.post2
28,stm32,pybv11,1.20.0,2024-12-01,micropython-stm32-pybv11-stubs,1.20.0.post3
29,stm32,pybv11,1.20.0,2024-12-01,micropython-stm32-pybv11-stubs,1.20.0.post4
30,stm32,pybv11,1.20.0,2024-12-01,micropython-stm32-pybv11-stubs,1.20.0.post5
28,stm32,pybv11,1.20.0,2024-12-01,micropython-stm32-pybv11-stubs,1.20.0.post6
27,stm32,pybv11,1.21.0,2024-12-01,micropython-stm32-pybv11-stubs,1.21.0.post1
26,stm32,pybv11,1.21.0,2024-12-01,micropython-stm32-pybv11-stubs,1.21.0.post2
28,stm32,pybv11,1.21.0,2024-12-01,micropython-stm32-pybv11-stubs,1.21.0.post3
28,stm32,pybv11,1.22.0,2024-12-01,micropython-stm32-pybv11-stubs,1.22.0.post1
28,stm32,pybv11,1.22.0,2024-12-01,micropython-stm32-pybv11-stubs,1.22.0.post2
25,stm32,pybv11,1.23.0,2024-12-01,micropython-stm32-pybv11-stubs,1.23.0.post1
37,stm32,pybv11,1.23.0,2024-12-01,micropython-stm32-pybv11-stubs,1.23.0.post2
29,stm32,,1.17,2024-12-01,micropython-stm32-stubs,1.17.post1
26,stm32,,1.17,2024-12-01,micropython-stm32-stubs,1.17.post2
27,stm32,,1.17,2024-12-01,micropython-stm32-stubs,1.17.post3
28,stm32,,1.18,2024-12-01,micropython-stm32-stubs,1.18.post1
28,stm32,,1.18,2024-12-01,micropython-stm32-stubs,1.18.post2
28,stm32,,1.18,2024-12-01,micropython-stm32-stubs,1.18.post3
28,stm32,,1.18,2024-12-01,micropython-stm32-stubs,1.18.post4
30,stm32,,1.19.1,2024-12-01,micropython-stm32-stubs,1.19.1.post1
29,stm32,,1.19.1,2024-12-01,micropython-stm32-stubs,1.19.1.post10
28,stm32,,1.19.1,2024-12-01,micropython-stm32-stubs,1.19.1.post11
33,stm32,,1.19.1,2024-12-01,micropython-stm32-stubs,1.19.1.post12
27,stm32,,1.19.1,2024-12-01,micropython-stm32-stubs,1.19.1.post2
29,stm32,,1.19.1,2024-12-01,micropython-stm32-stubs,1.19.1.post3
28,stm32,,1.19.1,2024-12-01,micropython-stm32-stubs,1.19.1.post4
28,stm32,,1.19.1,2024-12-01,micropython-stm32-stubs,1.19.1.post5
28,stm32,,1.19.1,2024-12-01,micropython-stm32-stubs,1.19.1.post6
29,stm32,,1.19.1,2024-12-01,micropython-stm32-stubs,1.19.1.post7
26,stm32,,1.19.1,2024-12-01,micropython-stm32-stubs,1.19.1.post8
27,stm32,,1.19.1,2024-12-01,micropython-stm32-stubs,1.19.1.post9
25,stm32,,1.20.0,2024-12-01,micropython-stm32-stubs,1.20.0.post1
25,stm32,,1.20.0,2024-12-01,micropython-stm32-stubs,1.20.0.post2
27,stm32,,1.20.0,2024-12-01,micropython-stm32-stubs,1.20.0.post3
26,stm32,,1.20.0,2024-12-01,micropython-stm32-stubs,1.20.0.post4
25,stm32,,1.20.0,2024-12-01,micropython-stm32-stubs,1.20.0.post5
27,stm32,,1.21.0,2024-12-01,micropython-stm32-stubs,1.21.0.post1
27,stm32,,1.21.0,2024-12-01,micropython-stm32-stubs,1.21.0.post2
31,stm32,,1.22.0,2024-12-01,micropython-stm32-stubs,1.22.0.post1
27,stm32,,1.23.0,2024-12-01,micropython-stm32-stubs,1.23.0.post1
128,stm32,,1.23.0,2024-12-01,micropython-stm32-stubs,1.23.0.post2
30,unix,,1.20.0,2024-12-01,micropython-unix-stubs,1.20.0.post1
56,unix,,1.21.0,2024-12-01,micropython-unix-stubs,1.21.0.post1
31,webassembly,,1.21.0,2024-12-01,micropython-webassembly-stubs,1.21.0.post1
39,webassembly,,1.21.0,2024-12-01,micropython-webassembly-stubs,1.21.0.post2
30,windows,,1.20.0,2024-12-01,micropython-windows-stubs,1.20.0.post1
37,windows,,1.21.0,2024-12-01,micropython-windows-stubs,1.21.0.post1
47,esp32,esp32-generic-c3,1.23.0,2025-01-01,micropython-esp32-esp32-generic-c3-stubs,1.23.0.post1
99,esp32,esp32-generic-c3,1.23.0,2025-01-01,micropython-esp32-esp32-generic-c3-stubs,1.23.0.post2
48,esp32,esp32-generic-s3,1.22.0,2025-01-01,micropython-esp32-esp32-generic-s3-stubs,1.22.0.post1
45,esp32,esp32-generic-s3,1.23.0,2025-01-01,micropython-esp32-esp32-generic-s3-stubs,1.23.0.post1
102,esp32,esp32-generic-s3,1.23.0,2025-01-01,micropython-esp32-esp32-generic-s3-stubs,1.23.0.post2
46,esp32,esp32-generic,1.21.0,2025-01-01,micropython-esp32-esp32-generic-stubs,1.21.0.post1
43,esp32,esp32-generic,1.21.0,2025-01-01,micropython-esp32-esp32-generic-stubs,1.21.0.post2
41,esp32,esp32-generic,1.22.0,2025-01-01,micropython-esp32-esp32-generic-stubs,1.22.0.post1
47,esp32,esp32-generic,1.23.0,2025-01-01,micropython-esp32-esp32-generic-stubs,1.23.0.post1
88,esp32,esp32-generic,1.23.0,2025-01-01,micropython-esp32-esp32-generic-stubs,1.23.0.post2
44,esp32,generic-ota,1.20.0,2025-01-01,micropython-esp32-generic-ota-stubs,1.20.0.post1
59,esp32,generic-ota,1.20.0,2025-01-01,micropython-esp32-generic-ota-stubs,1.20.0.post2
49,esp32,generic-s3,1.19.1,2025-01-01,micropython-esp32-generic-s3-stubs,1.19.1.post1
48,esp32,generic-s3,1.20.0,2025-01-01,micropython-esp32-generic-s3-stubs,1.20.0.post1
64,esp32,generic-s3,1.20.0,2025-01-01,micropython-esp32-generic-s3-stubs,1.20.0.post2
60,esp32,generic-spiram,1.19.1,2025-01-01,micropython-esp32-generic-spiram-stubs,1.19.1.post1
44,esp32,ota,1.20.0,2025-01-01,micropython-esp32-ota-stubs,1.20.0.post1
61,esp32,ota,1.20.0,2025-01-01,micropython-esp32-ota-stubs,1.20.0.post2
51,esp32,s3,1.19.1,2025-01-01,micropython-esp32-s3-stubs,1.19.1.post1
72,esp32,s3,1.20.0,2025-01-01,micropython-esp32-s3-stubs,1.20.0.post1
44,esp32,,1.17,2025-01-01,micropython-esp32-stubs,1.17.post1
38,esp32,,1.17,2025-01-01,micropython-esp32-stubs,1.17.post2
42,esp32,,1.17,2025-01-01,micropython-esp32-stubs,1.17.post3
40,esp32,,1.18,2025-01-01,micropython-esp32-stubs,1.18.post1
40,esp32,,1.18,2025-01-01,micropython-esp32-stubs,1.18.post2
43,esp32,,1.18,2025-01-01,micropython-esp32-stubs,1.18.post3
38,esp32,,1.19.1,2025-01-01,micropython-esp32-stubs,1.19.1.post10
243,esp32,,1.19.1,2025-01-01,micropython-esp32-stubs,1.19.1.post11
41,esp32,,1.19.1,2025-01-01,micropython-esp32-stubs,1.19.1.post12
39,esp32,,1.19.1,2025-01-01,micropython-esp32-stubs,1.19.1.post13
41,esp32,,1.19.1,2025-01-01,micropython-esp32-stubs,1.19.1.post14
43,esp32,,1.19.1,2025-01-01,micropython-esp32-stubs,1.19.1.post15
42,esp32,,1.19.1,2025-01-01,micropython-esp32-stubs,1.19.1.post2
41,esp32,,1.19.1,2025-01-01,micropython-esp32-stubs,1.19.1.post3
40,esp32,,1.19.1,2025-01-01,micropython-esp32-stubs,1.19.1.post4
43,esp32,,1.19.1,2025-01-01,micropython-esp32-stubs,1.19.1.post5
39,esp32,,1.19.1,2025-01-01,micropython-esp32-stubs,1.19.1.post6
42,esp32,,1.19.1,2025-01-01,micropython-esp32-stubs,1.19.1.post7
38,esp32,,1.19.1,2025-01-01,micropython-esp32-stubs,1.19.1.post8
42,esp32,,1.19.1,2025-01-01,micropython-esp32-stubs,1.19.1.post9
42,esp32,,1.20.0,2025-01-01,micropython-esp32-stubs,1.20.0.post1
41,esp32,,1.20.0,2025-01-01,micropython-esp32-stubs,1.20.0.post2
40,esp32,,1.20.0,2025-01-01,micropython-esp32-stubs,1.20.0.post3
40,esp32,,1.20.0,2025-01-01,micropython-esp32-stubs,1.20.0.post4
53,esp32,,1.20.0,2025-01-01,micropython-esp32-stubs,1.20.0.post5
42,esp32,,1.21.0,2025-01-01,micropython-esp32-stubs,1.21.0.post1
43,esp32,,1.21.0,2025-01-01,micropython-esp32-stubs,1.21.0.post2
38,esp32,,1.21.0,2025-01-01,micropython-esp32-stubs,1.21.0.post3
44,esp32,,1.21.0,2025-01-01,micropython-esp32-stubs,1.21.0.post4
40,esp32,,,2025-01-01,micropython-esp32-stubs,1.21.0a489
48,esp32,,1.22.0,2025-01-01,micropython-esp32-stubs,1.22.0.post1
52,esp32,,1.23.0,2025-01-01,micropython-esp32-stubs,1.23.0.post1
356,esp32,,1.23.0,2025-01-01,micropython-esp32-stubs,1.23.0.post2
93,esp32,,,2025-01-01,micropython-esp32-stubs,1.23.0a87
40,esp32,um-tinypico,1.19.1,2025-01-01,micropython-esp32-um-tinypico-stubs,1.19.1.post2
41,esp32,um-tinypico,1.19.1,2025-01-01,micropython-esp32-um-tinypico-stubs,1.19.1.post3
41,esp32,um-tinypico,1.19.1,2025-01-01,micropython-esp32-um-tinypico-stubs,1.19.1.post4
45,esp32,um-tinypico,1.19.1,2025-01-01,micropython-esp32-um-tinypico-stubs,1.19.1.post5
41,esp32,um-tinypico,1.19.1,2025-01-01,micropython-esp32-um-tinypico-stubs,1.19.1.post6
42,esp32,um-tinypico,1.19.1,2025-01-01,micropython-esp32-um-tinypico-stubs,1.19.1.post7
57,esp32,um-tinypico,1.19.1,2025-01-01,micropython-esp32-um-tinypico-stubs,1.19.1.post8
42,esp8266,esp8266-generic,1.23.0,2025-01-01,micropython-esp8266-esp8266-generic-stubs,1.23.0.post1
78,esp8266,esp8266-generic,1.23.0,2025-01-01,micropython-esp8266-esp8266-generic-stubs,1.23.0.post2
40,esp8266,,1.17,2025-01-01,micropython-esp8266-stubs,1.17.post1
43,esp8266,,1.17,2025-01-01,micropython-esp8266-stubs,1.17.post2
39,esp8266,,1.17,2025-01-01,micropython-esp8266-stubs,1.17.post3
39,esp8266,,1.18,2025-01-01,micropython-esp8266-stubs,1.18.post1
38,esp8266,,1.18,2025-01-01,micropython-esp8266-stubs,1.18.post2
41,esp8266,,1.18,2025-01-01,micropython-esp8266-stubs,1.18.post3
39,esp8266,,1.18,2025-01-01,micropython-esp8266-stubs,1.18.post4
40,esp8266,,1.19.1,2025-01-01,micropython-esp8266-stubs,1.19.1.post1
40,esp8266,,1.19.1,2025-01-01,micropython-esp8266-stubs,1.19.1.post10
42,esp8266,,1.19.1,2025-01-01,micropython-esp8266-stubs,1.19.1.post11
45,esp8266,,1.19.1,2025-01-01,micropython-esp8266-stubs,1.19.1.post12
40,esp8266,,1.19.1,2025-01-01,micropython-esp8266-stubs,1.19.1.post2
39,esp8266,,1.19.1,2025-01-01,micropython-esp8266-stubs,1.19.1.post3
39,esp8266,,1.19.1,2025-01-01,micropython-esp8266-stubs,1.19.1.post4
40,esp8266,,1.19.1,2025-01-01,micropython-esp8266-stubs,1.19.1.post5
42,esp8266,,1.19.1,2025-01-01,micropython-esp8266-stubs,1.19.1.post6
40,esp8266,,1.19.1,2025-01-01,micropython-esp8266-stubs,1.19.1.post7
40,esp8266,,1.19.1,2025-01-01,micropython-esp8266-stubs,1.19.1.post8
37,esp8266,,1.19.1,2025-01-01,micropython-esp8266-stubs,1.19.1.post9
41,esp8266,,1.23.0,2025-01-01,micropython-esp8266-stubs,1.23.0.post1
101,esp8266,,1.23.0,2025-01-01,micropython-esp8266-stubs,1.23.0.post2
53,rp2,arduino-nano-rp2040-connect,1.22.0,2025-01-01,micropython-rp2-arduino-nano-rp2040-connect-stubs,1.22.0.post1
51,rp2,arduino-nano-rp2040-connect,1.22.1,2025-01-01,micropython-rp2-arduino-nano-rp2040-connect-stubs,1.22.1.post1
60,rp2,arduino-nano-rp2040-connect,1.22.1,2025-01-01,micropython-rp2-arduino-nano-rp2040-connect-stubs,1.22.1.post2
46,rp2,pico,1.20.0,2025-01-01,micropython-rp2-pico-stubs,1.20.0.post1
43,rp2,pico,1.20.0,2025-01-01,micropython-rp2-pico-stubs,1.20.0.post2
40,rp2,pico,1.20.0,2025-01-01,micropython-rp2-pico-stubs,1.20.0.post3
39,rp2,pico,1.20.0,2025-01-01,micropython-rp2-pico-stubs,1.20.0.post4
201,rp2,pico,1.20.0,2025-01-01,micropython-rp2-pico-stubs,1.20.0.post5
44,rp2,pico-w,1.20.0,2025-01-01,micropython-rp2-pico-w-stubs,1.20.0.post1
42,rp2,pico-w,1.20.0,2025-01-01,micropython-rp2-pico-w-stubs,1.20.0.post2
37,rp2,pico-w,1.20.0,2025-01-01,micropython-rp2-pico-w-stubs,1.20.0.post3
42,rp2,pico-w,1.20.0,2025-01-01,micropython-rp2-pico-w-stubs,1.20.0.post4
157,rp2,pico-w,1.20.0,2025-01-01,micropython-rp2-pico-w-stubs,1.20.0.post5
46,rp2,pimoroni-picolipo-16mb,1.20.0,2025-01-01,micropython-rp2-pimoroni-picolipo-16mb-stubs,1.20.0.post1
40,rp2,pimoroni-picolipo-16mb,1.20.0,2025-01-01,micropython-rp2-pimoroni-picolipo-16mb-stubs,1.20.0.post2
39,rp2,pimoroni-picolipo-16mb,1.20.0,2025-01-01,micropython-rp2-pimoroni-picolipo-16mb-stubs,1.20.0.post3
54,rp2,pimoroni-picolipo-16mb,1.22.0,2025-01-01,micropython-rp2-pimoroni-picolipo-16mb-stubs,1.22.0.post1
43,rp2,rpi-pico,1.21.0,2025-01-01,micropython-rp2-rpi-pico-stubs,1.21.0.post1
41,rp2,rpi-pico,1.21.0,2025-01-01,micropython-rp2-rpi-pico-stubs,1.21.0.post2
39,rp2,rpi-pico,1.21.0,2025-01-01,micropython-rp2-rpi-pico-stubs,1.21.0.post3
37,rp2,rpi-pico,1.22.0,2025-01-01,micropython-rp2-rpi-pico-stubs,1.22.0.post1
40,rp2,rpi-pico,1.22.1,2025-01-01,micropython-rp2-rpi-pico-stubs,1.22.1.post1
41,rp2,rpi-pico,1.22.1,2025-01-01,micropython-rp2-rpi-pico-stubs,1.22.1.post2
42,rp2,rpi-pico,1.23.0,2025-01-01,micropython-rp2-rpi-pico-stubs,1.23.0.post1
121,rp2,rpi-pico,1.23.0,2025-01-01,micropython-rp2-rpi-pico-stubs,1.23.0.post2
41,rp2,rpi-pico-w,1.21.0,2025-01-01,micropython-rp2-rpi-pico-w-stubs,1.21.0.post1
39,rp2,rpi-pico-w,1.21.0,2025-01-01,micropython-rp2-rpi-pico-w-stubs,1.21.0.post2
38,rp2,rpi-pico-w,1.21.0,2025-01-01,micropython-rp2-rpi-pico-w-stubs,1.21.0.post3
40,rp2,rpi-pico-w,1.22.0,2025-01-01,micropython-rp2-rpi-pico-w-stubs,1.22.0.post1
40,rp2,rpi-pico-w,1.22.1,2025-01-01,micropython-rp2-rpi-pico-w-stubs,1.22.1.post1
39,rp2,rpi-pico-w,1.22.1,2025-01-01,micropython-rp2-rpi-pico-w-stubs,1.22.1.post2
41,rp2,rpi-pico-w,1.23.0,2025-01-01,micropython-rp2-rpi-pico-w-stubs,1.23.0.post1
247,rp2,rpi-pico-w,1.23.0,2025-01-01,micropython-rp2-rpi-pico-w-stubs,1.23.0.post2
45,rp2,,1.17,2025-01-01,micropython-rp2-stubs,1.17.post1
43,rp2,,1.17,2025-01-01,micropython-rp2-stubs,1.17.post2
40,rp2,,1.17,2025-01-01,micropython-rp2-stubs,1.17.post3
239,rp2,,1.18,2025-01-01,micropython-rp2-stubs,1.18.post1
39,rp2,,1.18,2025-01-01,micropython-rp2-stubs,1.18.post2
39,rp2,,1.18,2025-01-01,micropython-rp2-stubs,1.18.post3
38,rp2,,1.19.1,2025-01-01,micropython-rp2-stubs,1.19.1.post10
37,rp2,,1.19.1,2025-01-01,micropython-rp2-stubs,1.19.1.post11
38,rp2,,1.19.1,2025-01-01,micropython-rp2-stubs,1.19.1.post12
34,rp2,,1.19.1,2025-01-01,micropython-rp2-stubs,1.19.1.post13
40,rp2,,1.19.1,2025-01-01,micropython-rp2-stubs,1.19.1.post14
41,rp2,,1.19.1,2025-01-01,micropython-rp2-stubs,1.19.1.post6
37,rp2,,1.19.1,2025-01-01,micropython-rp2-stubs,1.19.1.post7
37,rp2,,1.19.1,2025-01-01,micropython-rp2-stubs,1.19.1.post8
40,rp2,,1.19.1,2025-01-01,micropython-rp2-stubs,1.19.1.post9
36,rp2,,1.20.0,2025-01-01,micropython-rp2-stubs,1.20.0.post1
38,rp2,,1.20.0,2025-01-01,micropython-rp2-stubs,1.20.0.post2
39,rp2,,1.20.0,2025-01-01,micropython-rp2-stubs,1.20.0.post3
38,rp2,,1.20.0,2025-01-01,micropython-rp2-stubs,1.20.0.post4
38,rp2,,1.20.0,2025-01-01,micropython-rp2-stubs,1.20.0.post5
37,rp2,,1.21.0,2025-01-01,micropython-rp2-stubs,1.21.0.post1
39,rp2,,1.21.0,2025-01-01,micropython-rp2-stubs,1.21.0.post2
40,rp2,,1.22.0,2025-01-01,micropython-rp2-stubs,1.22.0.post1
42,rp2,,1.22.1,2025-01-01,micropython-rp2-stubs,1.22.1.post1
59,rp2,,1.22.1,2025-01-01,micropython-rp2-stubs,1.22.1.post2
49,rp2,,1.23.0,2025-01-01,micropython-rp2-stubs,1.23.0.post1
149,rp2,,1.23.0,2025-01-01,micropython-rp2-stubs,1.23.0.post2
41,samd,adafruit-feather-m4-express,1.20.0,2025-01-01,micropython-samd-adafruit-feather-m4-express-stubs,1.20.0.post1
38,samd,adafruit-feather-m4-express,1.20.0,2025-01-01,micropython-samd-adafruit-feather-m4-express-stubs,1.20.0.post2
41,samd,adafruit-feather-m4-express,1.20.0,2025-01-01,micropython-samd-adafruit-feather-m4-express-stubs,1.20.0.post3
55,samd,adafruit-feather-m4-express,1.20.0,2025-01-01,micropython-samd-adafruit-feather-m4-express-stubs,1.20.0.post4
42,samd,adafruit-itsybitsy-m4-express,1.20.0,2025-01-01,micropython-samd-adafruit-itsybitsy-m4-express-stubs,1.20.0.post1
39,samd,adafruit-itsybitsy-m4-express,1.20.0,2025-01-01,micropython-samd-adafruit-itsybitsy-m4-express-stubs,1.20.0.post2
40,samd,adafruit-itsybitsy-m4-express,1.20.0,2025-01-01,micropython-samd-adafruit-itsybitsy-m4-express-stubs,1.20.0.post3
50,samd,adafruit-itsybitsy-m4-express,1.20.0,2025-01-01,micropython-samd-adafruit-itsybitsy-m4-express-stubs,1.20.0.post4
46,samd,minisam-m4,1.20.0,2025-01-01,micropython-samd-minisam-m4-stubs,1.20.0.post1
46,samd,minisam-m4,1.20.0,2025-01-01,micropython-samd-minisam-m4-stubs,1.20.0.post2
41,samd,minisam-m4,1.20.0,2025-01-01,micropython-samd-minisam-m4-stubs,1.20.0.post3
50,samd,minisam-m4,1.20.0,2025-01-01,micropython-samd-minisam-m4-stubs,1.20.0.post4
39,samd,seeed-wio-terminal,1.20.0,2025-01-01,micropython-samd-seeed-wio-terminal-stubs,1.20.0.post1
36,samd,seeed-wio-terminal,1.20.0,2025-01-01,micropython-samd-seeed-wio-terminal-stubs,1.20.0.post2
35,samd,seeed-wio-terminal,1.20.0,2025-01-01,micropython-samd-seeed-wio-terminal-stubs,1.20.0.post3
36,samd,seeed-wio-terminal,1.20.0,2025-01-01,micropython-samd-seeed-wio-terminal-stubs,1.20.0.post4
38,samd,seeed-wio-terminal,1.20.0,2025-01-01,micropython-samd-seeed-wio-terminal-stubs,1.20.0.post5
39,samd,seeed-wio-terminal,1.21.0,2025-01-01,micropython-samd-seeed-wio-terminal-stubs,1.21.0.post1
37,samd,seeed-wio-terminal,1.21.0,2025-01-01,micropython-samd-seeed-wio-terminal-stubs,1.21.0.post2
35,samd,seeed-wio-terminal,1.21.0,2025-01-01,micropython-samd-seeed-wio-terminal-stubs,1.21.0.post3
36,samd,seeed-wio-terminal,1.22.0,2025-01-01,micropython-samd-seeed-wio-terminal-stubs,1.22.0.post1
38,samd,seeed-wio-terminal,1.22.1,2025-01-01,micropython-samd-seeed-wio-terminal-stubs,1.22.1.post1
40,samd,seeed-wio-terminal,1.23.0,2025-01-01,micropython-samd-seeed-wio-terminal-stubs,1.23.0.post1
54,samd,seeed-wio-terminal,1.23.0,2025-01-01,micropython-samd-seeed-wio-terminal-stubs,1.23.0.post2
46,samd,,1.20.0,2025-01-01,micropython-samd-stubs,1.20.0.post1
38,samd,,1.20.0,2025-01-01,micropython-samd-stubs,1.20.0.post2
40,samd,,1.21.0,2025-01-01,micropython-samd-stubs,1.21.0.post1
38,samd,,1.21.0,2025-01-01,micropython-samd-stubs,1.21.0.post2
38,samd,,1.22.0,2025-01-01,micropython-samd-stubs,1.22.0.post1
38,samd,,1.22.1,2025-01-01,micropython-samd-stubs,1.22.1.post1
40,samd,,1.23.0,2025-01-01,micropython-samd-stubs,1.23.0.post1
67,samd,,1.23.0,2025-01-01,micropython-samd-stubs,1.23.0.post2
44,samd,,,2025-01-01,micropython-samd-stubs,1.23.0a87
244,stdlib,,,2025-01-01,micropython-stdlib-stubs,0.9.0
41,stdlib,,,2025-01-01,micropython-stdlib-stubs,1.0.0
39,stdlib,,,2025-01-01,micropython-stdlib-stubs,1.0.0rc2
40,stdlib,,,2025-01-01,micropython-stdlib-stubs,1.0.1a0
41,stdlib,,,2025-01-01,micropython-stdlib-stubs,1.0.1a1
40,stdlib,,,2025-01-01,micropython-stdlib-stubs,1.0.1a2
38,stdlib,,,2025-01-01,micropython-stdlib-stubs,1.1.0
39,stdlib,,,2025-01-01,micropython-stdlib-stubs,1.1.1
39,stdlib,,,2025-01-01,micropython-stdlib-stubs,1.1.1a2
249,stdlib,,,2025-01-01,micropython-stdlib-stubs,1.1.2
40,stdlib,,,2025-01-01,micropython-stdlib-stubs,1.1.2a0
51,stdlib,,,2025-01-01,micropython-stdlib-stubs,1.23.0
1507,stdlib,,,2025-01-01,micropython-stdlib-stubs,1.24.0
40,stm32,pybv11,1.20.0,2025-01-01,micropython-stm32-pybv11-stubs,1.20.0.post1
39,stm32,pybv11,1.20.0,2025-01-01,micropython-stm32-pybv11-stubs,1.20.0.post2
36,stm32,pybv11,1.20.0,2025-01-01,micropython-stm32-pybv11-stubs,1.20.0.post3
37,stm32,pybv11,1.20.0,2025-01-01,micropython-stm32-pybv11-stubs,1.20.0.post4
38,stm32,pybv11,1.20.0,2025-01-01,micropython-stm32-pybv11-stubs,1.20.0.post5
39,stm32,pybv11,1.20.0,2025-01-01,micropython-stm32-pybv11-stubs,1.20.0.post6
36,stm32,pybv11,1.21.0,2025-01-01,micropython-stm32-pybv11-stubs,1.21.0.post1
38,stm32,pybv11,1.21.0,2025-01-01,micropython-stm32-pybv11-stubs,1.21.0.post2
35,stm32,pybv11,1.21.0,2025-01-01,micropython-stm32-pybv11-stubs,1.21.0.post3
35,stm32,pybv11,1.22.0,2025-01-01,micropython-stm32-pybv11-stubs,1.22.0.post1
35,stm32,pybv11,1.22.0,2025-01-01,micropython-stm32-pybv11-stubs,1.22.0.post2
41,stm32,pybv11,1.23.0,2025-01-01,micropython-stm32-pybv11-stubs,1.23.0.post1
52,stm32,pybv11,1.23.0,2025-01-01,micropython-stm32-pybv11-stubs,1.23.0.post2
43,stm32,,1.17,2025-01-01,micropython-stm32-stubs,1.17.post1
39,stm32,,1.17,2025-01-01,micropython-stm32-stubs,1.17.post2
38,stm32,,1.17,2025-01-01,micropython-stm32-stubs,1.17.post3
38,stm32,,1.18,2025-01-01,micropython-stm32-stubs,1.18.post1
38,stm32,,1.18,2025-01-01,micropython-stm32-stubs,1.18.post2
37,stm32,,1.18,2025-01-01,micropython-stm32-stubs,1.18.post3
36,stm32,,1.18,2025-01-01,micropython-stm32-stubs,1.18.post4
38,stm32,,1.19.1,2025-01-01,micropython-stm32-stubs,1.19.1.post1
37,stm32,,1.19.1,2025-01-01,micropython-stm32-stubs,1.19.1.post10
37,stm32,,1.19.1,2025-01-01,micropython-stm32-stubs,1.19.1.post11
41,stm32,,1.19.1,2025-01-01,micropython-stm32-stubs,1.19.1.post12
39,stm32,,1.19.1,2025-01-01,micropython-stm32-stubs,1.19.1.post2
38,stm32,,1.19.1,2025-01-01,micropython-stm32-stubs,1.19.1.post3
40,stm32,,1.19.1,2025-01-01,micropython-stm32-stubs,1.19.1.post4
36,stm32,,1.19.1,2025-01-01,micropython-stm32-stubs,1.19.1.post5
39,stm32,,1.19.1,2025-01-01,micropython-stm32-stubs,1.19.1.post6
40,stm32,,1.19.1,2025-01-01,micropython-stm32-stubs,1.19.1.post7
38,stm32,,1.19.1,2025-01-01,micropython-stm32-stubs,1.19.1.post8
36,stm32,,1.19.1,2025-01-01,micropython-stm32-stubs,1.19.1.post9
40,stm32,,1.20.0,2025-01-01,micropython-stm32-stubs,1.20.0.post1
35,stm32,,1.20.0,2025-01-01,micropython-stm32-stubs,1.20.0.post2
38,stm32,,1.20.0,2025-01-01,micropython-stm32-stubs,1.20.0.post3
36,stm32,,1.20.0,2025-01-01,micropython-stm32-stubs,1.20.0.post4
39,stm32,,1.20.0,2025-01-01,micropython-stm32-stubs,1.20.0.post5
35,stm32,,1.21.0,2025-01-01,micropython-stm32-stubs,1.21.0.post1
42,stm32,,1.21.0,2025-01-01,micropython-stm32-stubs,1.21.0.post2
38,stm32,,1.22.0,2025-01-01,micropython-stm32-stubs,1.22.0.post1
41,stm32,,1.23.0,2025-01-01,micropython-stm32-stubs,1.23.0.post1
171,stm32,,1.23.0,2025-01-01,micropython-stm32-stubs,1.23.0.post2
40,unix,,1.20.0,2025-01-01,micropython-unix-stubs,1.20.0.post1
66,unix,,1.21.0,2025-01-01,micropython-unix-stubs,1.21.0.post1
48,webassembly,,1.21.0,2025-01-01,micropython-webassembly-stubs,1.21.0.post1
58,webassembly,,1.21.0,2025-01-01,micropython-webassembly-stubs,1.21.0.post2
47,windows,,1.20.0,2025-01-01,micropython-windows-stubs,1.20.0.post1
58,windows,,1.21.0,2025-01-01,micropython-windows-stubs,1.21.0.post1
57,esp32,esp32-generic-c3,1.23.0,2025-02-01,micropython-esp32-esp32-generic-c3-stubs,1.23.0.post1
85,esp32,esp32-generic-c3,1.23.0,2025-02-01,micropython-esp32-esp32-generic-c3-stubs,1.23.0.post2
189,esp32,esp32-generic-c6,1.24.1,2025-02-01,micropython-esp32-esp32-generic-c6-stubs,1.24.1.post1
64,esp32,esp32-generic-s3,1.22.0,2025-02-01,micropython-esp32-esp32-generic-s3-stubs,1.22.0.post1
57,esp32,esp32-generic-s3,1.23.0,2025-02-01,micropython-esp32-esp32-generic-s3-stubs,1.23.0.post1
70,esp32,esp32-generic-s3,1.23.0,2025-02-01,micropython-esp32-esp32-generic-s3-stubs,1.23.0.post2
179,esp32,esp32-generic-s3,1.24.1,2025-02-01,micropython-esp32-esp32-generic-s3-stubs,1.24.1.post1
57,esp32,esp32-generic,1.21.0,2025-02-01,micropython-esp32-esp32-generic-stubs,1.21.0.post1
60,esp32,esp32-generic,1.21.0,2025-02-01,micropython-esp32-esp32-generic-stubs,1.21.0.post2
59,esp32,esp32-generic,1.22.0,2025-02-01,micropython-esp32-esp32-generic-stubs,1.22.0.post1
58,esp32,esp32-generic,1.23.0,2025-02-01,micropython-esp32-esp32-generic-stubs,1.23.0.post1
74,esp32,esp32-generic,1.23.0,2025-02-01,micropython-esp32-esp32-generic-stubs,1.23.0.post2
180,esp32,esp32-generic,1.24.1,2025-02-01,micropython-esp32-esp32-generic-stubs,1.24.1.post1
59,esp32,generic-ota,1.20.0,2025-02-01,micropython-esp32-generic-ota-stubs,1.20.0.post1
70,esp32,generic-ota,1.20.0,2025-02-01,micropython-esp32-generic-ota-stubs,1.20.0.post2
62,esp32,generic-s3,1.19.1,2025-02-01,micropython-esp32-generic-s3-stubs,1.19.1.post1
62,esp32,generic-s3,1.20.0,2025-02-01,micropython-esp32-generic-s3-stubs,1.20.0.post1
70,esp32,generic-s3,1.20.0,2025-02-01,micropython-esp32-generic-s3-stubs,1.20.0.post2
72,esp32,generic-spiram,1.19.1,2025-02-01,micropython-esp32-generic-spiram-stubs,1.19.1.post1
59,esp32,ota,1.20.0,2025-02-01,micropython-esp32-ota-stubs,1.20.0.post1
70,esp32,ota,1.20.0,2025-02-01,micropython-esp32-ota-stubs,1.20.0.post2
64,esp32,s3,1.19.1,2025-02-01,micropython-esp32-s3-stubs,1.19.1.post1
84,esp32,s3,1.20.0,2025-02-01,micropython-esp32-s3-stubs,1.20.0.post1
64,esp32,,1.17,2025-02-01,micropython-esp32-stubs,1.17.post1
63,esp32,,1.17,2025-02-01,micropython-esp32-stubs,1.17.post2
64,esp32,,1.17,2025-02-01,micropython-esp32-stubs,1.17.post3
63,esp32,,1.18,2025-02-01,micropython-esp32-stubs,1.18.post1
57,esp32,,1.18,2025-02-01,micropython-esp32-stubs,1.18.post2
58,esp32,,1.18,2025-02-01,micropython-esp32-stubs,1.18.post3
55,esp32,,1.19.1,2025-02-01,micropython-esp32-stubs,1.19.1.post10
179,esp32,,1.19.1,2025-02-01,micropython-esp32-stubs,1.19.1.post11
57,esp32,,1.19.1,2025-02-01,micropython-esp32-stubs,1.19.1.post12
59,esp32,,1.19.1,2025-02-01,micropython-esp32-stubs,1.19.1.post13
54,esp32,,1.19.1,2025-02-01,micropython-esp32-stubs,1.19.1.post14
58,esp32,,1.19.1,2025-02-01,micropython-esp32-stubs,1.19.1.post15
58,esp32,,1.19.1,2025-02-01,micropython-esp32-stubs,1.19.1.post2
57,esp32,,1.19.1,2025-02-01,micropython-esp32-stubs,1.19.1.post3
56,esp32,,1.19.1,2025-02-01,micropython-esp32-stubs,1.19.1.post4
60,esp32,,1.19.1,2025-02-01,micropython-esp32-stubs,1.19.1.post5
56,esp32,,1.19.1,2025-02-01,micropython-esp32-stubs,1.19.1.post6
61,esp32,,1.19.1,2025-02-01,micropython-esp32-stubs,1.19.1.post7
61,esp32,,1.19.1,2025-02-01,micropython-esp32-stubs,1.19.1.post8
57,esp32,,1.19.1,2025-02-01,micropython-esp32-stubs,1.19.1.post9
61,esp32,,1.20.0,2025-02-01,micropython-esp32-stubs,1.20.0.post1
57,esp32,,1.20.0,2025-02-01,micropython-esp32-stubs,1.20.0.post2
55,esp32,,1.20.0,2025-02-01,micropython-esp32-stubs,1.20.0.post3
54,esp32,,1.20.0,2025-02-01,micropython-esp32-stubs,1.20.0.post4
65,esp32,,1.20.0,2025-02-01,micropython-esp32-stubs,1.20.0.post5
57,esp32,,1.21.0,2025-02-01,micropython-esp32-stubs,1.21.0.post1
55,esp32,,1.21.0,2025-02-01,micropython-esp32-stubs,1.21.0.post2
56,esp32,,1.21.0,2025-02-01,micropython-esp32-stubs,1.21.0.post3
54,esp32,,1.21.0,2025-02-01,micropython-esp32-stubs,1.21.0.post4
55,esp32,,,2025-02-01,micropython-esp32-stubs,1.21.0a489
58,esp32,,1.22.0,2025-02-01,micropython-esp32-stubs,1.22.0.post1
65,esp32,,1.23.0,2025-02-01,micropython-esp32-stubs,1.23.0.post1
172,esp32,,1.23.0,2025-02-01,micropython-esp32-stubs,1.23.0.post2
71,esp32,,,2025-02-01,micropython-esp32-stubs,1.23.0a87
488,esp32,,1.24.1,2025-02-01,micropython-esp32-stubs,1.24.1.post1
58,esp32,um-tinypico,1.19.1,2025-02-01,micropython-esp32-um-tinypico-stubs,1.19.1.post2
56,esp32,um-tinypico,1.19.1,2025-02-01,micropython-esp32-um-tinypico-stubs,1.19.1.post3
56,esp32,um-tinypico,1.19.1,2025-02-01,micropython-esp32-um-tinypico-stubs,1.19.1.post4
59,esp32,um-tinypico,1.19.1,2025-02-01,micropython-esp32-um-tinypico-stubs,1.19.1.post5
52,esp32,um-tinypico,1.19.1,2025-02-01,micropython-esp32-um-tinypico-stubs,1.19.1.post6
52,esp32,um-tinypico,1.19.1,2025-02-01,micropython-esp32-um-tinypico-stubs,1.19.1.post7
70,esp32,um-tinypico,1.19.1,2025-02-01,micropython-esp32-um-tinypico-stubs,1.19.1.post8
59,esp8266,esp8266-generic,1.23.0,2025-02-01,micropython-esp8266-esp8266-generic-stubs,1.23.0.post1
79,esp8266,esp8266-generic,1.23.0,2025-02-01,micropython-esp8266-esp8266-generic-stubs,1.23.0.post2
57,esp8266,,1.17,2025-02-01,micropython-esp8266-stubs,1.17.post1
58,esp8266,,1.17,2025-02-01,micropython-esp8266-stubs,1.17.post2
54,esp8266,,1.17,2025-02-01,micropython-esp8266-stubs,1.17.post3
53,esp8266,,1.18,2025-02-01,micropython-esp8266-stubs,1.18.post1
55,esp8266,,1.18,2025-02-01,micropython-esp8266-stubs,1.18.post2
53,esp8266,,1.18,2025-02-01,micropython-esp8266-stubs,1.18.post3
52,esp8266,,1.18,2025-02-01,micropython-esp8266-stubs,1.18.post4
52,esp8266,,1.19.1,2025-02-01,micropython-esp8266-stubs,1.19.1.post1
50,esp8266,,1.19.1,2025-02-01,micropython-esp8266-stubs,1.19.1.post10
52,esp8266,,1.19.1,2025-02-01,micropython-esp8266-stubs,1.19.1.post11
49,esp8266,,1.19.1,2025-02-01,micropython-esp8266-stubs,1.19.1.post12
47,esp8266,,1.19.1,2025-02-01,micropython-esp8266-stubs,1.19.1.post2
53,esp8266,,1.19.1,2025-02-01,micropython-esp8266-stubs,1.19.1.post3
52,esp8266,,1.19.1,2025-02-01,micropython-esp8266-stubs,1.19.1.post4
50,esp8266,,1.19.1,2025-02-01,micropython-esp8266-stubs,1.19.1.post5
50,esp8266,,1.19.1,2025-02-01,micropython-esp8266-stubs,1.19.1.post6
51,esp8266,,1.19.1,2025-02-01,micropython-esp8266-stubs,1.19.1.post7
50,esp8266,,1.19.1,2025-02-01,micropython-esp8266-stubs,1.19.1.post8
50,esp8266,,1.19.1,2025-02-01,micropython-esp8266-stubs,1.19.1.post9
58,esp8266,,1.23.0,2025-02-01,micropython-esp8266-stubs,1.23.0.post1
109,esp8266,,1.23.0,2025-02-01,micropython-esp8266-stubs,1.23.0.post2
64,rp2,arduino-nano-rp2040-connect,1.22.0,2025-02-01,micropython-rp2-arduino-nano-rp2040-connect-stubs,1.22.0.post1
60,rp2,arduino-nano-rp2040-connect,1.22.1,2025-02-01,micropython-rp2-arduino-nano-rp2040-connect-stubs,1.22.1.post1
68,rp2,arduino-nano-rp2040-connect,1.22.1,2025-02-01,micropython-rp2-arduino-nano-rp2040-connect-stubs,1.22.1.post2
146,rp2,arduino-nano-rp2040-connect,1.24.1,2025-02-01,micropython-rp2-arduino-nano-rp2040-connect-stubs,1.24.1.post1
59,rp2,pico,1.20.0,2025-02-01,micropython-rp2-pico-stubs,1.20.0.post1
60,rp2,pico,1.20.0,2025-02-01,micropython-rp2-pico-stubs,1.20.0.post2
62,rp2,pico,1.20.0,2025-02-01,micropython-rp2-pico-stubs,1.20.0.post3
59,rp2,pico,1.20.0,2025-02-01,micropython-rp2-pico-stubs,1.20.0.post4
370,rp2,pico,1.20.0,2025-02-01,micropython-rp2-pico-stubs,1.20.0.post5
58,rp2,pico-w,1.20.0,2025-02-01,micropython-rp2-pico-w-stubs,1.20.0.post1
59,rp2,pico-w,1.20.0,2025-02-01,micropython-rp2-pico-w-stubs,1.20.0.post2
57,rp2,pico-w,1.20.0,2025-02-01,micropython-rp2-pico-w-stubs,1.20.0.post3
59,rp2,pico-w,1.20.0,2025-02-01,micropython-rp2-pico-w-stubs,1.20.0.post4
147,rp2,pico-w,1.20.0,2025-02-01,micropython-rp2-pico-w-stubs,1.20.0.post5
62,rp2,pimoroni-picolipo-16mb,1.20.0,2025-02-01,micropython-rp2-pimoroni-picolipo-16mb-stubs,1.20.0.post1
66,rp2,pimoroni-picolipo-16mb,1.20.0,2025-02-01,micropython-rp2-pimoroni-picolipo-16mb-stubs,1.20.0.post2
58,rp2,pimoroni-picolipo-16mb,1.20.0,2025-02-01,micropython-rp2-pimoroni-picolipo-16mb-stubs,1.20.0.post3
68,rp2,pimoroni-picolipo-16mb,1.22.0,2025-02-01,micropython-rp2-pimoroni-picolipo-16mb-stubs,1.22.0.post1
55,rp2,rpi-pico,1.21.0,2025-02-01,micropython-rp2-rpi-pico-stubs,1.21.0.post1
59,rp2,rpi-pico,1.21.0,2025-02-01,micropython-rp2-rpi-pico-stubs,1.21.0.post2
52,rp2,rpi-pico,1.21.0,2025-02-01,micropython-rp2-rpi-pico-stubs,1.21.0.post3
47,rp2,rpi-pico,1.22.0,2025-02-01,micropython-rp2-rpi-pico-stubs,1.22.0.post1
51,rp2,rpi-pico,1.22.1,2025-02-01,micropython-rp2-rpi-pico-stubs,1.22.1.post1
52,rp2,rpi-pico,1.22.1,2025-02-01,micropython-rp2-rpi-pico-stubs,1.22.1.post2
54,rp2,rpi-pico,1.23.0,2025-02-01,micropython-rp2-rpi-pico-stubs,1.23.0.post1
69,rp2,rpi-pico,1.23.0,2025-02-01,micropython-rp2-rpi-pico-stubs,1.23.0.post2
184,rp2,rpi-pico,1.24.1,2025-02-01,micropython-rp2-rpi-pico-stubs,1.24.1.post1
57,rp2,rpi-pico-w,1.21.0,2025-02-01,micropython-rp2-rpi-pico-w-stubs,1.21.0.post1
57,rp2,rpi-pico-w,1.21.0,2025-02-01,micropython-rp2-rpi-pico-w-stubs,1.21.0.post2
52,rp2,rpi-pico-w,1.21.0,2025-02-01,micropython-rp2-rpi-pico-w-stubs,1.21.0.post3
53,rp2,rpi-pico-w,1.22.0,2025-02-01,micropython-rp2-rpi-pico-w-stubs,1.22.0.post1
49,rp2,rpi-pico-w,1.22.1,2025-02-01,micropython-rp2-rpi-pico-w-stubs,1.22.1.post1
54,rp2,rpi-pico-w,1.22.1,2025-02-01,micropython-rp2-rpi-pico-w-stubs,1.22.1.post2
53,rp2,rpi-pico-w,1.23.0,2025-02-01,micropython-rp2-rpi-pico-w-stubs,1.23.0.post1
128,rp2,rpi-pico-w,1.23.0,2025-02-01,micropython-rp2-rpi-pico-w-stubs,1.23.0.post2
272,rp2,rpi-pico-w,1.24.1,2025-02-01,micropython-rp2-rpi-pico-w-stubs,1.24.1.post1
193,rp2,rpi-pico2,1.24.1,2025-02-01,micropython-rp2-rpi-pico2-stubs,1.24.1.post1
59,rp2,,1.17,2025-02-01,micropython-rp2-stubs,1.17.post1
52,rp2,,1.17,2025-02-01,micropython-rp2-stubs,1.17.post2
53,rp2,,1.17,2025-02-01,micropython-rp2-stubs,1.17.post3
1192,rp2,,1.18,2025-02-01,micropython-rp2-stubs,1.18.post1
51,rp2,,1.18,2025-02-01,micropython-rp2-stubs,1.18.post2
56,rp2,,1.18,2025-02-01,micropython-rp2-stubs,1.18.post3
54,rp2,,1.19.1,2025-02-01,micropython-rp2-stubs,1.19.1.post10
55,rp2,,1.19.1,2025-02-01,micropython-rp2-stubs,1.19.1.post11
53,rp2,,1.19.1,2025-02-01,micropython-rp2-stubs,1.19.1.post12
50,rp2,,1.19.1,2025-02-01,micropython-rp2-stubs,1.19.1.post13
51,rp2,,1.19.1,2025-02-01,micropython-rp2-stubs,1.19.1.post14
57,rp2,,1.19.1,2025-02-01,micropython-rp2-stubs,1.19.1.post6
57,rp2,,1.19.1,2025-02-01,micropython-rp2-stubs,1.19.1.post7
55,rp2,,1.19.1,2025-02-01,micropython-rp2-stubs,1.19.1.post8
56,rp2,,1.19.1,2025-02-01,micropython-rp2-stubs,1.19.1.post9
52,rp2,,1.20.0,2025-02-01,micropython-rp2-stubs,1.20.0.post1
53,rp2,,1.20.0,2025-02-01,micropython-rp2-stubs,1.20.0.post2
52,rp2,,1.20.0,2025-02-01,micropython-rp2-stubs,1.20.0.post3
51,rp2,,1.20.0,2025-02-01,micropython-rp2-stubs,1.20.0.post4
50,rp2,,1.20.0,2025-02-01,micropython-rp2-stubs,1.20.0.post5
48,rp2,,1.21.0,2025-02-01,micropython-rp2-stubs,1.21.0.post1
51,rp2,,1.21.0,2025-02-01,micropython-rp2-stubs,1.21.0.post2
51,rp2,,1.22.0,2025-02-01,micropython-rp2-stubs,1.22.0.post1
48,rp2,,1.22.1,2025-02-01,micropython-rp2-stubs,1.22.1.post1
84,rp2,,1.22.1,2025-02-01,micropython-rp2-stubs,1.22.1.post2
48,rp2,,1.23.0,2025-02-01,micropython-rp2-stubs,1.23.0.post1
82,rp2,,1.23.0,2025-02-01,micropython-rp2-stubs,1.23.0.post2
203,rp2,,1.24.1,2025-02-01,micropython-rp2-stubs,1.24.1.post1
49,samd,adafruit-feather-m4-express,1.20.0,2025-02-01,micropython-samd-adafruit-feather-m4-express-stubs,1.20.0.post1
45,samd,adafruit-feather-m4-express,1.20.0,2025-02-01,micropython-samd-adafruit-feather-m4-express-stubs,1.20.0.post2
46,samd,adafruit-feather-m4-express,1.20.0,2025-02-01,micropython-samd-adafruit-feather-m4-express-stubs,1.20.0.post3
55,samd,adafruit-feather-m4-express,1.20.0,2025-02-01,micropython-samd-adafruit-feather-m4-express-stubs,1.20.0.post4
51,samd,adafruit-itsybitsy-m4-express,1.20.0,2025-02-01,micropython-samd-adafruit-itsybitsy-m4-express-stubs,1.20.0.post1
48,samd,adafruit-itsybitsy-m4-express,1.20.0,2025-02-01,micropython-samd-adafruit-itsybitsy-m4-express-stubs,1.20.0.post2
46,samd,adafruit-itsybitsy-m4-express,1.20.0,2025-02-01,micropython-samd-adafruit-itsybitsy-m4-express-stubs,1.20.0.post3
48,samd,adafruit-itsybitsy-m4-express,1.20.0,2025-02-01,micropython-samd-adafruit-itsybitsy-m4-express-stubs,1.20.0.post4
52,samd,minisam-m4,1.20.0,2025-02-01,micropython-samd-minisam-m4-stubs,1.20.0.post1
48,samd,minisam-m4,1.20.0,2025-02-01,micropython-samd-minisam-m4-stubs,1.20.0.post2
54,samd,minisam-m4,1.20.0,2025-02-01,micropython-samd-minisam-m4-stubs,1.20.0.post3
53,samd,minisam-m4,1.20.0,2025-02-01,micropython-samd-minisam-m4-stubs,1.20.0.post4
51,samd,seeed-wio-terminal,1.20.0,2025-02-01,micropython-samd-seeed-wio-terminal-stubs,1.20.0.post1
45,samd,seeed-wio-terminal,1.20.0,2025-02-01,micropython-samd-seeed-wio-terminal-stubs,1.20.0.post2
45,samd,seeed-wio-terminal,1.20.0,2025-02-01,micropython-samd-seeed-wio-terminal-stubs,1.20.0.post3
47,samd,seeed-wio-terminal,1.20.0,2025-02-01,micropython-samd-seeed-wio-terminal-stubs,1.20.0.post4
48,samd,seeed-wio-terminal,1.20.0,2025-02-01,micropython-samd-seeed-wio-terminal-stubs,1.20.0.post5
47,samd,seeed-wio-terminal,1.21.0,2025-02-01,micropython-samd-seeed-wio-terminal-stubs,1.21.0.post1
46,samd,seeed-wio-terminal,1.21.0,2025-02-01,micropython-samd-seeed-wio-terminal-stubs,1.21.0.post2
48,samd,seeed-wio-terminal,1.21.0,2025-02-01,micropython-samd-seeed-wio-terminal-stubs,1.21.0.post3
47,samd,seeed-wio-terminal,1.22.0,2025-02-01,micropython-samd-seeed-wio-terminal-stubs,1.22.0.post1
48,samd,seeed-wio-terminal,1.22.1,2025-02-01,micropython-samd-seeed-wio-terminal-stubs,1.22.1.post1
50,samd,seeed-wio-terminal,1.23.0,2025-02-01,micropython-samd-seeed-wio-terminal-stubs,1.23.0.post1
57,samd,seeed-wio-terminal,1.23.0,2025-02-01,micropython-samd-seeed-wio-terminal-stubs,1.23.0.post2
125,samd,seeed-wio-terminal,1.24.1,2025-02-01,micropython-samd-seeed-wio-terminal-stubs,1.24.1.post1
51,samd,,1.20.0,2025-02-01,micropython-samd-stubs,1.20.0.post1
45,samd,,1.20.0,2025-02-01,micropython-samd-stubs,1.20.0.post2
46,samd,,1.21.0,2025-02-01,micropython-samd-stubs,1.21.0.post1
45,samd,,1.21.0,2025-02-01,micropython-samd-stubs,1.21.0.post2
45,samd,,1.22.0,2025-02-01,micropython-samd-stubs,1.22.0.post1
48,samd,,1.22.1,2025-02-01,micropython-samd-stubs,1.22.1.post1
50,samd,,1.23.0,2025-02-01,micropython-samd-stubs,1.23.0.post1
60,samd,,1.23.0,2025-02-01,micropython-samd-stubs,1.23.0.post2
46,samd,,,2025-02-01,micropython-samd-stubs,1.23.0a87
133,samd,,1.24.1,2025-02-01,micropython-samd-stubs,1.24.1.post1
185,stdlib,,,2025-02-01,micropython-stdlib-stubs,0.9.0
53,stdlib,,,2025-02-01,micropython-stdlib-stubs,1.0.0
56,stdlib,,,2025-02-01,micropython-stdlib-stubs,1.0.0rc2
53,stdlib,,,2025-02-01,micropython-stdlib-stubs,1.0.1a0
50,stdlib,,,2025-02-01,micropython-stdlib-stubs,1.0.1a1
42,stdlib,,,2025-02-01,micropython-stdlib-stubs,1.0.1a2
44,stdlib,,,2025-02-01,micropython-stdlib-stubs,1.1.0
46,stdlib,,,2025-02-01,micropython-stdlib-stubs,1.1.1
45,stdlib,,,2025-02-01,micropython-stdlib-stubs,1.1.1a2
1190,stdlib,,,2025-02-01,micropython-stdlib-stubs,1.1.2
47,stdlib,,,2025-02-01,micropython-stdlib-stubs,1.1.2a0
53,stdlib,,,2025-02-01,micropython-stdlib-stubs,1.23.0
455,stdlib,,,2025-02-01,micropython-stdlib-stubs,1.24.0
2259,stdlib,,,2025-02-01,micropython-stdlib-stubs,1.24.1
49,stm32,pybv11,1.20.0,2025-02-01,micropython-stm32-pybv11-stubs,1.20.0.post1
45,stm32,pybv11,1.20.0,2025-02-01,micropython-stm32-pybv11-stubs,1.20.0.post2
47,stm32,pybv11,1.20.0,2025-02-01,micropython-stm32-pybv11-stubs,1.20.0.post3
43,stm32,pybv11,1.20.0,2025-02-01,micropython-stm32-pybv11-stubs,1.20.0.post4
42,stm32,pybv11,1.20.0,2025-02-01,micropython-stm32-pybv11-stubs,1.20.0.post5
41,stm32,pybv11,1.20.0,2025-02-01,micropython-stm32-pybv11-stubs,1.20.0.post6
42,stm32,pybv11,1.21.0,2025-02-01,micropython-stm32-pybv11-stubs,1.21.0.post1
42,stm32,pybv11,1.21.0,2025-02-01,micropython-stm32-pybv11-stubs,1.21.0.post2
44,stm32,pybv11,1.21.0,2025-02-01,micropython-stm32-pybv11-stubs,1.21.0.post3
42,stm32,pybv11,1.22.0,2025-02-01,micropython-stm32-pybv11-stubs,1.22.0.post1
44,stm32,pybv11,1.22.0,2025-02-01,micropython-stm32-pybv11-stubs,1.22.0.post2
46,stm32,pybv11,1.23.0,2025-02-01,micropython-stm32-pybv11-stubs,1.23.0.post1
53,stm32,pybv11,1.23.0,2025-02-01,micropython-stm32-pybv11-stubs,1.23.0.post2
124,stm32,pybv11,1.24.1,2025-02-01,micropython-stm32-pybv11-stubs,1.24.1.post1
49,stm32,,1.17,2025-02-01,micropython-stm32-stubs,1.17.post1
44,stm32,,1.17,2025-02-01,micropython-stm32-stubs,1.17.post2
41,stm32,,1.17,2025-02-01,micropython-stm32-stubs,1.17.post3
43,stm32,,1.18,2025-02-01,micropython-stm32-stubs,1.18.post1
43,stm32,,1.18,2025-02-01,micropython-stm32-stubs,1.18.post2
39,stm32,,1.18,2025-02-01,micropython-stm32-stubs,1.18.post3
41,stm32,,1.18,2025-02-01,micropython-stm32-stubs,1.18.post4
38,stm32,,1.19.1,2025-02-01,micropython-stm32-stubs,1.19.1.post1
37,stm32,,1.19.1,2025-02-01,micropython-stm32-stubs,1.19.1.post10
40,stm32,,1.19.1,2025-02-01,micropython-stm32-stubs,1.19.1.post11
55,stm32,,1.19.1,2025-02-01,micropython-stm32-stubs,1.19.1.post12
42,stm32,,1.19.1,2025-02-01,micropython-stm32-stubs,1.19.1.post2
42,stm32,,1.19.1,2025-02-01,micropython-stm32-stubs,1.19.1.post3
41,stm32,,1.19.1,2025-02-01,micropython-stm32-stubs,1.19.1.post4
39,stm32,,1.19.1,2025-02-01,micropython-stm32-stubs,1.19.1.post5
44,stm32,,1.19.1,2025-02-01,micropython-stm32-stubs,1.19.1.post6
36,stm32,,1.19.1,2025-02-01,micropython-stm32-stubs,1.19.1.post7
40,stm32,,1.19.1,2025-02-01,micropython-stm32-stubs,1.19.1.post8
42,stm32,,1.19.1,2025-02-01,micropython-stm32-stubs,1.19.1.post9
42,stm32,,1.20.0,2025-02-01,micropython-stm32-stubs,1.20.0.post1
42,stm32,,1.20.0,2025-02-01,micropython-stm32-stubs,1.20.0.post2
39,stm32,,1.20.0,2025-02-01,micropython-stm32-stubs,1.20.0.post3
36,stm32,,1.20.0,2025-02-01,micropython-stm32-stubs,1.20.0.post4
36,stm32,,1.20.0,2025-02-01,micropython-stm32-stubs,1.20.0.post5
43,stm32,,1.21.0,2025-02-01,micropython-stm32-stubs,1.21.0.post1
36,stm32,,1.21.0,2025-02-01,micropython-stm32-stubs,1.21.0.post2
43,stm32,,1.22.0,2025-02-01,micropython-stm32-stubs,1.22.0.post1
40,stm32,,1.23.0,2025-02-01,micropython-stm32-stubs,1.23.0.post1
58,stm32,,1.23.0,2025-02-01,micropython-stm32-stubs,1.23.0.post2
344,stm32,,1.24.1,2025-02-01,micropython-stm32-stubs,1.24.1.post1
51,unix,,1.20.0,2025-02-01,micropython-unix-stubs,1.20.0.post1
82,unix,,1.21.0,2025-02-01,micropython-unix-stubs,1.21.0.post1
88,unix,,1.24.1,2025-02-01,micropython-unix-stubs,1.24.1.post1
54,webassembly,,1.21.0,2025-02-01,micropython-webassembly-stubs,1.21.0.post1
57,webassembly,,1.21.0,2025-02-01,micropython-webassembly-stubs,1.21.0.post2
83,webassembly,,1.24.1,2025-02-01,micropython-webassembly-stubs,1.24.1.post1
45,windows,,1.20.0,2025-02-01,micropython-windows-stubs,1.20.0.post1
60,windows,,1.21.0,2025-02-01,micropython-windows-stubs,1.21.0.post1
97,windows,,1.24.1,2025-02-01,micropython-windows-stubs,1.24.1.post1
85,windows,,1.24.1,2025-02-01,micropython-windows-stubs,1.24.1.post2
45,esp32,esp32-generic-c3,1.23.0,2025-03-01,micropython-esp32-esp32-generic-c3-stubs,1.23.0.post1
89,esp32,esp32-generic-c3,1.23.0,2025-03-01,micropython-esp32-esp32-generic-c3-stubs,1.23.0.post2
56,esp32,esp32-generic-c6,1.24.1,2025-03-01,micropython-esp32-esp32-generic-c6-stubs,1.24.1.post1
154,esp32,esp32-generic-c6,1.24.1,2025-03-01,micropython-esp32-esp32-generic-c6-stubs,1.24.1.post2
63,esp32,esp32-generic-s3,1.22.0,2025-03-01,micropython-esp32-esp32-generic-s3-stubs,1.22.0.post1
49,esp32,esp32-generic-s3,1.23.0,2025-03-01,micropython-esp32-esp32-generic-s3-stubs,1.23.0.post1
58,esp32,esp32-generic-s3,1.23.0,2025-03-01,micropython-esp32-esp32-generic-s3-stubs,1.23.0.post2
102,esp32,esp32-generic-s3,1.24.1,2025-03-01,micropython-esp32-esp32-generic-s3-stubs,1.24.1.post1
184,esp32,esp32-generic-s3,1.24.1,2025-03-01,micropython-esp32-esp32-generic-s3-stubs,1.24.1.post2
40,esp32,esp32-generic,1.21.0,2025-03-01,micropython-esp32-esp32-generic-stubs,1.21.0.post1
61,esp32,esp32-generic,1.21.0,2025-03-01,micropython-esp32-esp32-generic-stubs,1.21.0.post2
52,esp32,esp32-generic,1.22.0,2025-03-01,micropython-esp32-esp32-generic-stubs,1.22.0.post1
42,esp32,esp32-generic,1.23.0,2025-03-01,micropython-esp32-esp32-generic-stubs,1.23.0.post1
67,esp32,esp32-generic,1.23.0,2025-03-01,micropython-esp32-esp32-generic-stubs,1.23.0.post2
73,esp32,esp32-generic,1.24.1,2025-03-01,micropython-esp32-esp32-generic-stubs,1.24.1.post1
181,esp32,esp32-generic,1.24.1,2025-03-01,micropython-esp32-esp32-generic-stubs,1.24.1.post2
45,esp32,generic-ota,1.20.0,2025-03-01,micropython-esp32-generic-ota-stubs,1.20.0.post1
92,esp32,generic-ota,1.20.0,2025-03-01,micropython-esp32-generic-ota-stubs,1.20.0.post2
56,esp32,generic-s3,1.19.1,2025-03-01,micropython-esp32-generic-s3-stubs,1.19.1.post1
43,esp32,generic-s3,1.20.0,2025-03-01,micropython-esp32-generic-s3-stubs,1.20.0.post1
72,esp32,generic-s3,1.20.0,2025-03-01,micropython-esp32-generic-s3-stubs,1.20.0.post2
75,esp32,generic-spiram,1.19.1,2025-03-01,micropython-esp32-generic-spiram-stubs,1.19.1.post1
43,esp32,ota,1.20.0,2025-03-01,micropython-esp32-ota-stubs,1.20.0.post1
75,esp32,ota,1.20.0,2025-03-01,micropython-esp32-ota-stubs,1.20.0.post2
65,esp32,s3,1.19.1,2025-03-01,micropython-esp32-s3-stubs,1.19.1.post1
84,esp32,s3,1.20.0,2025-03-01,micropython-esp32-s3-stubs,1.20.0.post1
46,esp32,,1.17,2025-03-01,micropython-esp32-stubs,1.17.post1
45,esp32,,1.17,2025-03-01,micropython-esp32-stubs,1.17.post2
49,esp32,,1.17,2025-03-01,micropython-esp32-stubs,1.17.post3
44,esp32,,1.18,2025-03-01,micropython-esp32-stubs,1.18.post1
41,esp32,,1.18,2025-03-01,micropython-esp32-stubs,1.18.post2
44,esp32,,1.18,2025-03-01,micropython-esp32-stubs,1.18.post3
47,esp32,,1.19.1,2025-03-01,micropython-esp32-stubs,1.19.1.post10
241,esp32,,1.19.1,2025-03-01,micropython-esp32-stubs,1.19.1.post11
45,esp32,,1.19.1,2025-03-01,micropython-esp32-stubs,1.19.1.post12
43,esp32,,1.19.1,2025-03-01,micropython-esp32-stubs,1.19.1.post13
41,esp32,,1.19.1,2025-03-01,micropython-esp32-stubs,1.19.1.post14
62,esp32,,1.19.1,2025-03-01,micropython-esp32-stubs,1.19.1.post15
44,esp32,,1.19.1,2025-03-01,micropython-esp32-stubs,1.19.1.post2
41,esp32,,1.19.1,2025-03-01,micropython-esp32-stubs,1.19.1.post3
42,esp32,,1.19.1,2025-03-01,micropython-esp32-stubs,1.19.1.post4
45,esp32,,1.19.1,2025-03-01,micropython-esp32-stubs,1.19.1.post5
44,esp32,,1.19.1,2025-03-01,micropython-esp32-stubs,1.19.1.post6
43,esp32,,1.19.1,2025-03-01,micropython-esp32-stubs,1.19.1.post7
46,esp32,,1.19.1,2025-03-01,micropython-esp32-stubs,1.19.1.post8
45,esp32,,1.19.1,2025-03-01,micropython-esp32-stubs,1.19.1.post9
44,esp32,,1.20.0,2025-03-01,micropython-esp32-stubs,1.20.0.post1
42,esp32,,1.20.0,2025-03-01,micropython-esp32-stubs,1.20.0.post2
43,esp32,,1.20.0,2025-03-01,micropython-esp32-stubs,1.20.0.post3
41,esp32,,1.20.0,2025-03-01,micropython-esp32-stubs,1.20.0.post4
75,esp32,,1.20.0,2025-03-01,micropython-esp32-stubs,1.20.0.post5
40,esp32,,1.21.0,2025-03-01,micropython-esp32-stubs,1.21.0.post1
41,esp32,,1.21.0,2025-03-01,micropython-esp32-stubs,1.21.0.post2
40,esp32,,1.21.0,2025-03-01,micropython-esp32-stubs,1.21.0.post3
53,esp32,,1.21.0,2025-03-01,micropython-esp32-stubs,1.21.0.post4
43,esp32,,,2025-03-01,micropython-esp32-stubs,1.21.0a489
60,esp32,,1.22.0,2025-03-01,micropython-esp32-stubs,1.22.0.post1
48,esp32,,1.23.0,2025-03-01,micropython-esp32-stubs,1.23.0.post1
74,esp32,,1.23.0,2025-03-01,micropython-esp32-stubs,1.23.0.post2
49,esp32,,,2025-03-01,micropython-esp32-stubs,1.23.0a87
302,esp32,,1.24.1,2025-03-01,micropython-esp32-stubs,1.24.1.post1
540,esp32,,1.24.1,2025-03-01,micropython-esp32-stubs,1.24.1.post2
47,esp32,um-tinypico,1.19.1,2025-03-01,micropython-esp32-um-tinypico-stubs,1.19.1.post2
38,esp32,um-tinypico,1.19.1,2025-03-01,micropython-esp32-um-tinypico-stubs,1.19.1.post3
38,esp32,um-tinypico,1.19.1,2025-03-01,micropython-esp32-um-tinypico-stubs,1.19.1.post4
38,esp32,um-tinypico,1.19.1,2025-03-01,micropython-esp32-um-tinypico-stubs,1.19.1.post5
39,esp32,um-tinypico,1.19.1,2025-03-01,micropython-esp32-um-tinypico-stubs,1.19.1.post6
44,esp32,um-tinypico,1.19.1,2025-03-01,micropython-esp32-um-tinypico-stubs,1.19.1.post7
73,esp32,um-tinypico,1.19.1,2025-03-01,micropython-esp32-um-tinypico-stubs,1.19.1.post8
44,esp8266,esp8266-generic,1.23.0,2025-03-01,micropython-esp8266-esp8266-generic-stubs,1.23.0.post1
89,esp8266,esp8266-generic,1.23.0,2025-03-01,micropython-esp8266-esp8266-generic-stubs,1.23.0.post2
39,esp8266,,1.17,2025-03-01,micropython-esp8266-stubs,1.17.post1
41,esp8266,,1.17,2025-03-01,micropython-esp8266-stubs,1.17.post2
37,esp8266,,1.17,2025-03-01,micropython-esp8266-stubs,1.17.post3
36,esp8266,,1.18,2025-03-01,micropython-esp8266-stubs,1.18.post1
38,esp8266,,1.18,2025-03-01,micropython-esp8266-stubs,1.18.post2
37,esp8266,,1.18,2025-03-01,micropython-esp8266-stubs,1.18.post3
35,esp8266,,1.18,2025-03-01,micropython-esp8266-stubs,1.18.post4
38,esp8266,,1.19.1,2025-03-01,micropython-esp8266-stubs,1.19.1.post1
40,esp8266,,1.19.1,2025-03-01,micropython-esp8266-stubs,1.19.1.post10
40,esp8266,,1.19.1,2025-03-01,micropython-esp8266-stubs,1.19.1.post11
51,esp8266,,1.19.1,2025-03-01,micropython-esp8266-stubs,1.19.1.post12
34,esp8266,,1.19.1,2025-03-01,micropython-esp8266-stubs,1.19.1.post2
39,esp8266,,1.19.1,2025-03-01,micropython-esp8266-stubs,1.19.1.post3
33,esp8266,,1.19.1,2025-03-01,micropython-esp8266-stubs,1.19.1.post4
39,esp8266,,1.19.1,2025-03-01,micropython-esp8266-stubs,1.19.1.post5
39,esp8266,,1.19.1,2025-03-01,micropython-esp8266-stubs,1.19.1.post6
36,esp8266,,1.19.1,2025-03-01,micropython-esp8266-stubs,1.19.1.post7
38,esp8266,,1.19.1,2025-03-01,micropython-esp8266-stubs,1.19.1.post8
40,esp8266,,1.19.1,2025-03-01,micropython-esp8266-stubs,1.19.1.post9
45,esp8266,,1.23.0,2025-03-01,micropython-esp8266-stubs,1.23.0.post1
115,esp8266,,1.23.0,2025-03-01,micropython-esp8266-stubs,1.23.0.post2
47,rp2,arduino-nano-rp2040-connect,1.22.0,2025-03-01,micropython-rp2-arduino-nano-rp2040-connect-stubs,1.22.0.post1
40,rp2,arduino-nano-rp2040-connect,1.22.1,2025-03-01,micropython-rp2-arduino-nano-rp2040-connect-stubs,1.22.1.post1
54,rp2,arduino-nano-rp2040-connect,1.22.1,2025-03-01,micropython-rp2-arduino-nano-rp2040-connect-stubs,1.22.1.post2
62,rp2,arduino-nano-rp2040-connect,1.24.1,2025-03-01,micropython-rp2-arduino-nano-rp2040-connect-stubs,1.24.1.post1
143,rp2,arduino-nano-rp2040-connect,1.24.1,2025-03-01,micropython-rp2-arduino-nano-rp2040-connect-stubs,1.24.1.post2
40,rp2,pico,1.20.0,2025-03-01,micropython-rp2-pico-stubs,1.20.0.post1
38,rp2,pico,1.20.0,2025-03-01,micropython-rp2-pico-stubs,1.20.0.post2
45,rp2,pico,1.20.0,2025-03-01,micropython-rp2-pico-stubs,1.20.0.post3
36,rp2,pico,1.20.0,2025-03-01,micropython-rp2-pico-stubs,1.20.0.post4
298,rp2,pico,1.20.0,2025-03-01,micropython-rp2-pico-stubs,1.20.0.post5
45,rp2,pico-w,1.20.0,2025-03-01,micropython-rp2-pico-w-stubs,1.20.0.post1
46,rp2,pico-w,1.20.0,2025-03-01,micropython-rp2-pico-w-stubs,1.20.0.post2
42,rp2,pico-w,1.20.0,2025-03-01,micropython-rp2-pico-w-stubs,1.20.0.post3
42,rp2,pico-w,1.20.0,2025-03-01,micropython-rp2-pico-w-stubs,1.20.0.post4
197,rp2,pico-w,1.20.0,2025-03-01,micropython-rp2-pico-w-stubs,1.20.0.post5
43,rp2,pimoroni-picolipo-16mb,1.20.0,2025-03-01,micropython-rp2-pimoroni-picolipo-16mb-stubs,1.20.0.post1
40,rp2,pimoroni-picolipo-16mb,1.20.0,2025-03-01,micropython-rp2-pimoroni-picolipo-16mb-stubs,1.20.0.post2
59,rp2,pimoroni-picolipo-16mb,1.20.0,2025-03-01,micropython-rp2-pimoroni-picolipo-16mb-stubs,1.20.0.post3
78,rp2,pimoroni-picolipo-16mb,1.22.0,2025-03-01,micropython-rp2-pimoroni-picolipo-16mb-stubs,1.22.0.post1
41,rp2,rpi-pico,1.21.0,2025-03-01,micropython-rp2-rpi-pico-stubs,1.21.0.post1
38,rp2,rpi-pico,1.21.0,2025-03-01,micropython-rp2-rpi-pico-stubs,1.21.0.post2
51,rp2,rpi-pico,1.21.0,2025-03-01,micropython-rp2-rpi-pico-stubs,1.21.0.post3
39,rp2,rpi-pico,1.22.0,2025-03-01,micropython-rp2-rpi-pico-stubs,1.22.0.post1
39,rp2,rpi-pico,1.22.1,2025-03-01,micropython-rp2-rpi-pico-stubs,1.22.1.post1
50,rp2,rpi-pico,1.22.1,2025-03-01,micropython-rp2-rpi-pico-stubs,1.22.1.post2
41,rp2,rpi-pico,1.23.0,2025-03-01,micropython-rp2-rpi-pico-stubs,1.23.0.post1
62,rp2,rpi-pico,1.23.0,2025-03-01,micropython-rp2-rpi-pico-stubs,1.23.0.post2
100,rp2,rpi-pico,1.24.1,2025-03-01,micropython-rp2-rpi-pico-stubs,1.24.1.post1
173,rp2,rpi-pico,1.24.1,2025-03-01,micropython-rp2-rpi-pico-stubs,1.24.1.post2
38,rp2,rpi-pico-w,1.21.0,2025-03-01,micropython-rp2-rpi-pico-w-stubs,1.21.0.post1
35,rp2,rpi-pico-w,1.21.0,2025-03-01,micropython-rp2-rpi-pico-w-stubs,1.21.0.post2
51,rp2,rpi-pico-w,1.21.0,2025-03-01,micropython-rp2-rpi-pico-w-stubs,1.21.0.post3
38,rp2,rpi-pico-w,1.22.0,2025-03-01,micropython-rp2-rpi-pico-w-stubs,1.22.0.post1
40,rp2,rpi-pico-w,1.22.1,2025-03-01,micropython-rp2-rpi-pico-w-stubs,1.22.1.post1
52,rp2,rpi-pico-w,1.22.1,2025-03-01,micropython-rp2-rpi-pico-w-stubs,1.22.1.post2
46,rp2,rpi-pico-w,1.23.0,2025-03-01,micropython-rp2-rpi-pico-w-stubs,1.23.0.post1
87,rp2,rpi-pico-w,1.23.0,2025-03-01,micropython-rp2-rpi-pico-w-stubs,1.23.0.post2
140,rp2,rpi-pico-w,1.24.1,2025-03-01,micropython-rp2-rpi-pico-w-stubs,1.24.1.post1
280,rp2,rpi-pico-w,1.24.1,2025-03-01,micropython-rp2-rpi-pico-w-stubs,1.24.1.post2
61,rp2,rpi-pico2,1.24.1,2025-03-01,micropython-rp2-rpi-pico2-stubs,1.24.1.post1
153,rp2,rpi-pico2,1.24.1,2025-03-01,micropython-rp2-rpi-pico2-stubs,1.24.1.post2
34,rp2,,1.17,2025-03-01,micropython-rp2-stubs,1.17.post1
41,rp2,,1.17,2025-03-01,micropython-rp2-stubs,1.17.post2
39,rp2,,1.17,2025-03-01,micropython-rp2-stubs,1.17.post3
1668,rp2,,1.18,2025-03-01,micropython-rp2-stubs,1.18.post1
32,rp2,,1.18,2025-03-01,micropython-rp2-stubs,1.18.post2
38,rp2,,1.18,2025-03-01,micropython-rp2-stubs,1.18.post3
39,rp2,,1.19.1,2025-03-01,micropython-rp2-stubs,1.19.1.post10
39,rp2,,1.19.1,2025-03-01,micropython-rp2-stubs,1.19.1.post11
39,rp2,,1.19.1,2025-03-01,micropython-rp2-stubs,1.19.1.post12
40,rp2,,1.19.1,2025-03-01,micropython-rp2-stubs,1.19.1.post13
52,rp2,,1.19.1,2025-03-01,micropython-rp2-stubs,1.19.1.post14
41,rp2,,1.19.1,2025-03-01,micropython-rp2-stubs,1.19.1.post6
39,rp2,,1.19.1,2025-03-01,micropython-rp2-stubs,1.19.1.post7
38,rp2,,1.19.1,2025-03-01,micropython-rp2-stubs,1.19.1.post8
40,rp2,,1.19.1,2025-03-01,micropython-rp2-stubs,1.19.1.post9
41,rp2,,1.20.0,2025-03-01,micropython-rp2-stubs,1.20.0.post1
40,rp2,,1.20.0,2025-03-01,micropython-rp2-stubs,1.20.0.post2
36,rp2,,1.20.0,2025-03-01,micropython-rp2-stubs,1.20.0.post3
38,rp2,,1.20.0,2025-03-01,micropython-rp2-stubs,1.20.0.post4
51,rp2,,1.20.0,2025-03-01,micropython-rp2-stubs,1.20.0.post5
40,rp2,,1.21.0,2025-03-01,micropython-rp2-stubs,1.21.0.post1
54,rp2,,1.21.0,2025-03-01,micropython-rp2-stubs,1.21.0.post2
41,rp2,,1.22.0,2025-03-01,micropython-rp2-stubs,1.22.0.post1
38,rp2,,1.22.1,2025-03-01,micropython-rp2-stubs,1.22.1.post1
60,rp2,,1.22.1,2025-03-01,micropython-rp2-stubs,1.22.1.post2
41,rp2,,1.23.0,2025-03-01,micropython-rp2-stubs,1.23.0.post1
67,rp2,,1.23.0,2025-03-01,micropython-rp2-stubs,1.23.0.post2
115,rp2,,1.24.1,2025-03-01,micropython-rp2-stubs,1.24.1.post1
216,rp2,,1.24.1,2025-03-01,micropython-rp2-stubs,1.24.1.post2
39,samd,adafruit-feather-m4-express,1.20.0,2025-03-01,micropython-samd-adafruit-feather-m4-express-stubs,1.20.0.post1
37,samd,adafruit-feather-m4-express,1.20.0,2025-03-01,micropython-samd-adafruit-feather-m4-express-stubs,1.20.0.post2
34,samd,adafruit-feather-m4-express,1.20.0,2025-03-01,micropython-samd-adafruit-feather-m4-express-stubs,1.20.0.post3
69,samd,adafruit-feather-m4-express,1.20.0,2025-03-01,micropython-samd-adafruit-feather-m4-express-stubs,1.20.0.post4
36,samd,adafruit-itsybitsy-m4-express,1.20.0,2025-03-01,micropython-samd-adafruit-itsybitsy-m4-express-stubs,1.20.0.post1
35,samd,adafruit-itsybitsy-m4-express,1.20.0,2025-03-01,micropython-samd-adafruit-itsybitsy-m4-express-stubs,1.20.0.post2
33,samd,adafruit-itsybitsy-m4-express,1.20.0,2025-03-01,micropython-samd-adafruit-itsybitsy-m4-express-stubs,1.20.0.post3
70,samd,adafruit-itsybitsy-m4-express,1.20.0,2025-03-01,micropython-samd-adafruit-itsybitsy-m4-express-stubs,1.20.0.post4
36,samd,minisam-m4,1.20.0,2025-03-01,micropython-samd-minisam-m4-stubs,1.20.0.post1
37,samd,minisam-m4,1.20.0,2025-03-01,micropython-samd-minisam-m4-stubs,1.20.0.post2
32,samd,minisam-m4,1.20.0,2025-03-01,micropython-samd-minisam-m4-stubs,1.20.0.post3
71,samd,minisam-m4,1.20.0,2025-03-01,micropython-samd-minisam-m4-stubs,1.20.0.post4
35,samd,seeed-wio-terminal,1.20.0,2025-03-01,micropython-samd-seeed-wio-terminal-stubs,1.20.0.post1
32,samd,seeed-wio-terminal,1.20.0,2025-03-01,micropython-samd-seeed-wio-terminal-stubs,1.20.0.post2
33,samd,seeed-wio-terminal,1.20.0,2025-03-01,micropython-samd-seeed-wio-terminal-stubs,1.20.0.post3
35,samd,seeed-wio-terminal,1.20.0,2025-03-01,micropython-samd-seeed-wio-terminal-stubs,1.20.0.post4
44,samd,seeed-wio-terminal,1.20.0,2025-03-01,micropython-samd-seeed-wio-terminal-stubs,1.20.0.post5
32,samd,seeed-wio-terminal,1.21.0,2025-03-01,micropython-samd-seeed-wio-terminal-stubs,1.21.0.post1
35,samd,seeed-wio-terminal,1.21.0,2025-03-01,micropython-samd-seeed-wio-terminal-stubs,1.21.0.post2
45,samd,seeed-wio-terminal,1.21.0,2025-03-01,micropython-samd-seeed-wio-terminal-stubs,1.21.0.post3
39,samd,seeed-wio-terminal,1.22.0,2025-03-01,micropython-samd-seeed-wio-terminal-stubs,1.22.0.post1
51,samd,seeed-wio-terminal,1.22.1,2025-03-01,micropython-samd-seeed-wio-terminal-stubs,1.22.1.post1
33,samd,seeed-wio-terminal,1.23.0,2025-03-01,micropython-samd-seeed-wio-terminal-stubs,1.23.0.post1
53,samd,seeed-wio-terminal,1.23.0,2025-03-01,micropython-samd-seeed-wio-terminal-stubs,1.23.0.post2
57,samd,seeed-wio-terminal,1.24.1,2025-03-01,micropython-samd-seeed-wio-terminal-stubs,1.24.1.post1
153,samd,seeed-wio-terminal,1.24.1,2025-03-01,micropython-samd-seeed-wio-terminal-stubs,1.24.1.post2
41,samd,,1.20.0,2025-03-01,micropython-samd-stubs,1.20.0.post1
51,samd,,1.20.0,2025-03-01,micropython-samd-stubs,1.20.0.post2
40,samd,,1.21.0,2025-03-01,micropython-samd-stubs,1.21.0.post1
50,samd,,1.21.0,2025-03-01,micropython-samd-stubs,1.21.0.post2
37,samd,,1.22.0,2025-03-01,micropython-samd-stubs,1.22.0.post1
49,samd,,1.22.1,2025-03-01,micropython-samd-stubs,1.22.1.post1
36,samd,,1.23.0,2025-03-01,micropython-samd-stubs,1.23.0.post1
60,samd,,1.23.0,2025-03-01,micropython-samd-stubs,1.23.0.post2
34,samd,,,2025-03-01,micropython-samd-stubs,1.23.0a87
67,samd,,1.24.1,2025-03-01,micropython-samd-stubs,1.24.1.post1
150,samd,,1.24.1,2025-03-01,micropython-samd-stubs,1.24.1.post2
244,stdlib,,,2025-03-01,micropython-stdlib-stubs,0.9.0
45,stdlib,,,2025-03-01,micropython-stdlib-stubs,1.0.0
44,stdlib,,,2025-03-01,micropython-stdlib-stubs,1.0.0rc2
39,stdlib,,,2025-03-01,micropython-stdlib-stubs,1.0.1a0
41,stdlib,,,2025-03-01,micropython-stdlib-stubs,1.0.1a1
45,stdlib,,,2025-03-01,micropython-stdlib-stubs,1.0.1a2
40,stdlib,,,2025-03-01,micropython-stdlib-stubs,1.1.0
40,stdlib,,,2025-03-01,micropython-stdlib-stubs,1.1.1
38,stdlib,,,2025-03-01,micropython-stdlib-stubs,1.1.1a2
1687,stdlib,,,2025-03-01,micropython-stdlib-stubs,1.1.2
40,stdlib,,,2025-03-01,micropython-stdlib-stubs,1.1.2a0
47,stdlib,,,2025-03-01,micropython-stdlib-stubs,1.23.0
53,stdlib,,,2025-03-01,micropython-stdlib-stubs,1.24.0
1001,stdlib,,,2025-03-01,micropython-stdlib-stubs,1.24.1
1337,stdlib,,1.24.1,2025-03-01,micropython-stdlib-stubs,1.24.1.post2
42,stm32,pybv11,1.20.0,2025-03-01,micropython-stm32-pybv11-stubs,1.20.0.post1
39,stm32,pybv11,1.20.0,2025-03-01,micropython-stm32-pybv11-stubs,1.20.0.post2
37,stm32,pybv11,1.20.0,2025-03-01,micropython-stm32-pybv11-stubs,1.20.0.post3
36,stm32,pybv11,1.20.0,2025-03-01,micropython-stm32-pybv11-stubs,1.20.0.post4
35,stm32,pybv11,1.20.0,2025-03-01,micropython-stm32-pybv11-stubs,1.20.0.post5
51,stm32,pybv11,1.20.0,2025-03-01,micropython-stm32-pybv11-stubs,1.20.0.post6
34,stm32,pybv11,1.21.0,2025-03-01,micropython-stm32-pybv11-stubs,1.21.0.post1
36,stm32,pybv11,1.21.0,2025-03-01,micropython-stm32-pybv11-stubs,1.21.0.post2
48,stm32,pybv11,1.21.0,2025-03-01,micropython-stm32-pybv11-stubs,1.21.0.post3
38,stm32,pybv11,1.22.0,2025-03-01,micropython-stm32-pybv11-stubs,1.22.0.post1
53,stm32,pybv11,1.22.0,2025-03-01,micropython-stm32-pybv11-stubs,1.22.0.post2
43,stm32,pybv11,1.23.0,2025-03-01,micropython-stm32-pybv11-stubs,1.23.0.post1
60,stm32,pybv11,1.23.0,2025-03-01,micropython-stm32-pybv11-stubs,1.23.0.post2
68,stm32,pybv11,1.24.1,2025-03-01,micropython-stm32-pybv11-stubs,1.24.1.post1
142,stm32,pybv11,1.24.1,2025-03-01,micropython-stm32-pybv11-stubs,1.24.1.post2
42,stm32,,1.17,2025-03-01,micropython-stm32-stubs,1.17.post1
36,stm32,,1.17,2025-03-01,micropython-stm32-stubs,1.17.post2
37,stm32,,1.17,2025-03-01,micropython-stm32-stubs,1.17.post3
34,stm32,,1.18,2025-03-01,micropython-stm32-stubs,1.18.post1
37,stm32,,1.18,2025-03-01,micropython-stm32-stubs,1.18.post2
39,stm32,,1.18,2025-03-01,micropython-stm32-stubs,1.18.post3
31,stm32,,1.18,2025-03-01,micropython-stm32-stubs,1.18.post4
40,stm32,,1.19.1,2025-03-01,micropython-stm32-stubs,1.19.1.post1
35,stm32,,1.19.1,2025-03-01,micropython-stm32-stubs,1.19.1.post10
35,stm32,,1.19.1,2025-03-01,micropython-stm32-stubs,1.19.1.post11
54,stm32,,1.19.1,2025-03-01,micropython-stm32-stubs,1.19.1.post12
32,stm32,,1.19.1,2025-03-01,micropython-stm32-stubs,1.19.1.post2
38,stm32,,1.19.1,2025-03-01,micropython-stm32-stubs,1.19.1.post3
33,stm32,,1.19.1,2025-03-01,micropython-stm32-stubs,1.19.1.post4
33,stm32,,1.19.1,2025-03-01,micropython-stm32-stubs,1.19.1.post5
33,stm32,,1.19.1,2025-03-01,micropython-stm32-stubs,1.19.1.post6
33,stm32,,1.19.1,2025-03-01,micropython-stm32-stubs,1.19.1.post7
32,stm32,,1.19.1,2025-03-01,micropython-stm32-stubs,1.19.1.post8
34,stm32,,1.19.1,2025-03-01,micropython-stm32-stubs,1.19.1.post9
33,stm32,,1.20.0,2025-03-01,micropython-stm32-stubs,1.20.0.post1
32,stm32,,1.20.0,2025-03-01,micropython-stm32-stubs,1.20.0.post2
29,stm32,,1.20.0,2025-03-01,micropython-stm32-stubs,1.20.0.post3
29,stm32,,1.20.0,2025-03-01,micropython-stm32-stubs,1.20.0.post4
47,stm32,,1.20.0,2025-03-01,micropython-stm32-stubs,1.20.0.post5
33,stm32,,1.21.0,2025-03-01,micropython-stm32-stubs,1.21.0.post1
45,stm32,,1.21.0,2025-03-01,micropython-stm32-stubs,1.21.0.post2
48,stm32,,1.22.0,2025-03-01,micropython-stm32-stubs,1.22.0.post1
40,stm32,,1.23.0,2025-03-01,micropython-stm32-stubs,1.23.0.post1
56,stm32,,1.23.0,2025-03-01,micropython-stm32-stubs,1.23.0.post2
199,stm32,,1.24.1,2025-03-01,micropython-stm32-stubs,1.24.1.post1
445,stm32,,1.24.1,2025-03-01,micropython-stm32-stubs,1.24.1.post2
55,unix,,1.20.0,2025-03-01,micropython-unix-stubs,1.20.0.post1
59,unix,,1.21.0,2025-03-01,micropython-unix-stubs,1.21.0.post1
75,unix,,1.24.1,2025-03-01,micropython-unix-stubs,1.24.1.post1
162,unix,,1.24.1,2025-03-01,micropython-unix-stubs,1.24.1.post2
53,webassembly,,1.21.0,2025-03-01,micropython-webassembly-stubs,1.21.0.post1
65,webassembly,,1.21.0,2025-03-01,micropython-webassembly-stubs,1.21.0.post2
78,webassembly,,1.24.1,2025-03-01,micropython-webassembly-stubs,1.24.1.post1
152,webassembly,,1.24.1,2025-03-01,micropython-webassembly-stubs,1.24.1.post2
48,windows,,1.20.0,2025-03-01,micropython-windows-stubs,1.20.0.post1
38,windows,,1.21.0,2025-03-01,micropython-windows-stubs,1.21.0.post1
59,windows,,1.24.1,2025-03-01,micropython-windows-stubs,1.24.1.post1
75,windows,,1.24.1,2025-03-01,micropython-windows-stubs,1.24.1.post2
142,windows,,1.24.1,2025-03-01,micropython-windows-stubs,1.24.1.post3
48,esp32,esp32-generic-c3,1.23.0,2025-04-01,micropython-esp32-esp32-generic-c3-stubs,1.23.0.post1
98,esp32,esp32-generic-c3,1.23.0,2025-04-01,micropython-esp32-esp32-generic-c3-stubs,1.23.0.post2
47,esp32,esp32-generic-c6,1.24.1,2025-04-01,micropython-esp32-esp32-generic-c6-stubs,1.24.1.post1
74,esp32,esp32-generic-c6,1.24.1,2025-04-01,micropython-esp32-esp32-generic-c6-stubs,1.24.1.post2
124,esp32,esp32-generic-c6,1.25.0,2025-04-01,micropython-esp32-esp32-generic-c6-stubs,1.25.0.post1
145,esp32,esp32-generic-s2,1.25.0,2025-04-01,micropython-esp32-esp32-generic-s2-stubs,1.25.0.post1
69,esp32,esp32-generic-s3,1.22.0,2025-04-01,micropython-esp32-esp32-generic-s3-stubs,1.22.0.post1
47,esp32,esp32-generic-s3,1.23.0,2025-04-01,micropython-esp32-esp32-generic-s3-stubs,1.23.0.post1
69,esp32,esp32-generic-s3,1.23.0,2025-04-01,micropython-esp32-esp32-generic-s3-stubs,1.23.0.post2
46,esp32,esp32-generic-s3,1.24.1,2025-04-01,micropython-esp32-esp32-generic-s3-stubs,1.24.1.post1
132,esp32,esp32-generic-s3,1.24.1,2025-04-01,micropython-esp32-esp32-generic-s3-stubs,1.24.1.post2
52,esp32,esp32-generic,1.21.0,2025-04-01,micropython-esp32-esp32-generic-stubs,1.21.0.post1
70,esp32,esp32-generic,1.21.0,2025-04-01,micropython-esp32-esp32-generic-stubs,1.21.0.post2
65,esp32,esp32-generic,1.22.0,2025-04-01,micropython-esp32-esp32-generic-stubs,1.22.0.post1
54,esp32,esp32-generic,1.23.0,2025-04-01,micropython-esp32-esp32-generic-stubs,1.23.0.post1
67,esp32,esp32-generic,1.23.0,2025-04-01,micropython-esp32-esp32-generic-stubs,1.23.0.post2
52,esp32,esp32-generic,1.24.1,2025-04-01,micropython-esp32-esp32-generic-stubs,1.24.1.post1
109,esp32,esp32-generic,1.24.1,2025-04-01,micropython-esp32-esp32-generic-stubs,1.24.1.post2
132,esp32,esp32-generic,1.25.0,2025-04-01,micropython-esp32-esp32-generic-stubs,1.25.0.post1
130,esp32,esp32-generic,1.25.0,2025-04-01,micropython-esp32-esp32-generic-stubs,1.25.0.post2
46,esp32,generic-ota,1.20.0,2025-04-01,micropython-esp32-generic-ota-stubs,1.20.0.post1
79,esp32,generic-ota,1.20.0,2025-04-01,micropython-esp32-generic-ota-stubs,1.20.0.post2
64,esp32,generic-s3,1.19.1,2025-04-01,micropython-esp32-generic-s3-stubs,1.19.1.post1
44,esp32,generic-s3,1.20.0,2025-04-01,micropython-esp32-generic-s3-stubs,1.20.0.post1
81,esp32,generic-s3,1.20.0,2025-04-01,micropython-esp32-generic-s3-stubs,1.20.0.post2
83,esp32,generic-spiram,1.19.1,2025-04-01,micropython-esp32-generic-spiram-stubs,1.19.1.post1
46,esp32,ota,1.20.0,2025-04-01,micropython-esp32-ota-stubs,1.20.0.post1
71,esp32,ota,1.20.0,2025-04-01,micropython-esp32-ota-stubs,1.20.0.post2
62,esp32,s3,1.19.1,2025-04-01,micropython-esp32-s3-stubs,1.19.1.post1
72,esp32,s3,1.20.0,2025-04-01,micropython-esp32-s3-stubs,1.20.0.post1
49,esp32,,1.17,2025-04-01,micropython-esp32-stubs,1.17.post1
46,esp32,,1.17,2025-04-01,micropython-esp32-stubs,1.17.post2
45,esp32,,1.17,2025-04-01,micropython-esp32-stubs,1.17.post3
47,esp32,,1.18,2025-04-01,micropython-esp32-stubs,1.18.post1
48,esp32,,1.18,2025-04-01,micropython-esp32-stubs,1.18.post2
46,esp32,,1.18,2025-04-01,micropython-esp32-stubs,1.18.post3
46,esp32,,1.19.1,2025-04-01,micropython-esp32-stubs,1.19.1.post10
181,esp32,,1.19.1,2025-04-01,micropython-esp32-stubs,1.19.1.post11
48,esp32,,1.19.1,2025-04-01,micropython-esp32-stubs,1.19.1.post12
45,esp32,,1.19.1,2025-04-01,micropython-esp32-stubs,1.19.1.post13
46,esp32,,1.19.1,2025-04-01,micropython-esp32-stubs,1.19.1.post14
60,esp32,,1.19.1,2025-04-01,micropython-esp32-stubs,1.19.1.post15
50,esp32,,1.19.1,2025-04-01,micropython-esp32-stubs,1.19.1.post2
47,esp32,,1.19.1,2025-04-01,micropython-esp32-stubs,1.19.1.post3
45,esp32,,1.19.1,2025-04-01,micropython-esp32-stubs,1.19.1.post4
47,esp32,,1.19.1,2025-04-01,micropython-esp32-stubs,1.19.1.post5
46,esp32,,1.19.1,2025-04-01,micropython-esp32-stubs,1.19.1.post6
46,esp32,,1.19.1,2025-04-01,micropython-esp32-stubs,1.19.1.post7
48,esp32,,1.19.1,2025-04-01,micropython-esp32-stubs,1.19.1.post8
45,esp32,,1.19.1,2025-04-01,micropython-esp32-stubs,1.19.1.post9
45,esp32,,1.20.0,2025-04-01,micropython-esp32-stubs,1.20.0.post1
46,esp32,,1.20.0,2025-04-01,micropython-esp32-stubs,1.20.0.post2
45,esp32,,1.20.0,2025-04-01,micropython-esp32-stubs,1.20.0.post3
40,esp32,,1.20.0,2025-04-01,micropython-esp32-stubs,1.20.0.post4
84,esp32,,1.20.0,2025-04-01,micropython-esp32-stubs,1.20.0.post5
44,esp32,,1.21.0,2025-04-01,micropython-esp32-stubs,1.21.0.post1
43,esp32,,1.21.0,2025-04-01,micropython-esp32-stubs,1.21.0.post2
46,esp32,,1.21.0,2025-04-01,micropython-esp32-stubs,1.21.0.post3
62,esp32,,1.21.0,2025-04-01,micropython-esp32-stubs,1.21.0.post4
44,esp32,,,2025-04-01,micropython-esp32-stubs,1.21.0a489
65,esp32,,1.22.0,2025-04-01,micropython-esp32-stubs,1.22.0.post1
45,esp32,,1.23.0,2025-04-01,micropython-esp32-stubs,1.23.0.post1
84,esp32,,1.23.0,2025-04-01,micropython-esp32-stubs,1.23.0.post2
50,esp32,,,2025-04-01,micropython-esp32-stubs,1.23.0a87
65,esp32,,1.24.1,2025-04-01,micropython-esp32-stubs,1.24.1.post1
336,esp32,,1.24.1,2025-04-01,micropython-esp32-stubs,1.24.1.post2
215,esp32,,1.25.0,2025-04-01,micropython-esp32-stubs,1.25.0.post1
246,esp32,,1.25.0,2025-04-01,micropython-esp32-stubs,1.25.0.post2
44,esp32,um-tinypico,1.19.1,2025-04-01,micropython-esp32-um-tinypico-stubs,1.19.1.post2
44,esp32,um-tinypico,1.19.1,2025-04-01,micropython-esp32-um-tinypico-stubs,1.19.1.post3
45,esp32,um-tinypico,1.19.1,2025-04-01,micropython-esp32-um-tinypico-stubs,1.19.1.post4
46,esp32,um-tinypico,1.19.1,2025-04-01,micropython-esp32-um-tinypico-stubs,1.19.1.post5
46,esp32,um-tinypico,1.19.1,2025-04-01,micropython-esp32-um-tinypico-stubs,1.19.1.post6
45,esp32,um-tinypico,1.19.1,2025-04-01,micropython-esp32-um-tinypico-stubs,1.19.1.post7
84,esp32,um-tinypico,1.19.1,2025-04-01,micropython-esp32-um-tinypico-stubs,1.19.1.post8
49,esp8266,esp8266-generic,1.23.0,2025-04-01,micropython-esp8266-esp8266-generic-stubs,1.23.0.post1
79,esp8266,esp8266-generic,1.23.0,2025-04-01,micropython-esp8266-esp8266-generic-stubs,1.23.0.post2
130,esp8266,esp8266-generic,1.25.0,2025-04-01,micropython-esp8266-esp8266-generic-stubs,1.25.0.post1
49,esp8266,,1.17,2025-04-01,micropython-esp8266-stubs,1.17.post1
48,esp8266,,1.17,2025-04-01,micropython-esp8266-stubs,1.17.post2
48,esp8266,,1.17,2025-04-01,micropython-esp8266-stubs,1.17.post3
47,esp8266,,1.18,2025-04-01,micropython-esp8266-stubs,1.18.post1
47,esp8266,,1.18,2025-04-01,micropython-esp8266-stubs,1.18.post2
46,esp8266,,1.18,2025-04-01,micropython-esp8266-stubs,1.18.post3
48,esp8266,,1.18,2025-04-01,micropython-esp8266-stubs,1.18.post4
45,esp8266,,1.19.1,2025-04-01,micropython-esp8266-stubs,1.19.1.post1
46,esp8266,,1.19.1,2025-04-01,micropython-esp8266-stubs,1.19.1.post10
47,esp8266,,1.19.1,2025-04-01,micropython-esp8266-stubs,1.19.1.post11
65,esp8266,,1.19.1,2025-04-01,micropython-esp8266-stubs,1.19.1.post12
47,esp8266,,1.19.1,2025-04-01,micropython-esp8266-stubs,1.19.1.post2
46,esp8266,,1.19.1,2025-04-01,micropython-esp8266-stubs,1.19.1.post3
49,esp8266,,1.19.1,2025-04-01,micropython-esp8266-stubs,1.19.1.post4
46,esp8266,,1.19.1,2025-04-01,micropython-esp8266-stubs,1.19.1.post5
48,esp8266,,1.19.1,2025-04-01,micropython-esp8266-stubs,1.19.1.post6
47,esp8266,,1.19.1,2025-04-01,micropython-esp8266-stubs,1.19.1.post7
47,esp8266,,1.19.1,2025-04-01,micropython-esp8266-stubs,1.19.1.post8
47,esp8266,,1.19.1,2025-04-01,micropython-esp8266-stubs,1.19.1.post9
49,esp8266,,1.23.0,2025-04-01,micropython-esp8266-stubs,1.23.0.post1
96,esp8266,,1.23.0,2025-04-01,micropython-esp8266-stubs,1.23.0.post2
107,esp8266,,1.24.1,2025-04-01,micropython-esp8266-stubs,1.24.1.post1
182,esp8266,,1.25.0,2025-04-01,micropython-esp8266-stubs,1.25.0.post1
48,rp2,arduino-nano-rp2040-connect,1.22.0,2025-04-01,micropython-rp2-arduino-nano-rp2040-connect-stubs,1.22.0.post1
46,rp2,arduino-nano-rp2040-connect,1.22.1,2025-04-01,micropython-rp2-arduino-nano-rp2040-connect-stubs,1.22.1.post1
63,rp2,arduino-nano-rp2040-connect,1.22.1,2025-04-01,micropython-rp2-arduino-nano-rp2040-connect-stubs,1.22.1.post2
46,rp2,arduino-nano-rp2040-connect,1.24.1,2025-04-01,micropython-rp2-arduino-nano-rp2040-connect-stubs,1.24.1.post1
80,rp2,arduino-nano-rp2040-connect,1.24.1,2025-04-01,micropython-rp2-arduino-nano-rp2040-connect-stubs,1.24.1.post2
43,rp2,pico,1.20.0,2025-04-01,micropython-rp2-pico-stubs,1.20.0.post1
45,rp2,pico,1.20.0,2025-04-01,micropython-rp2-pico-stubs,1.20.0.post2
47,rp2,pico,1.20.0,2025-04-01,micropython-rp2-pico-stubs,1.20.0.post3
43,rp2,pico,1.20.0,2025-04-01,micropython-rp2-pico-stubs,1.20.0.post4
305,rp2,pico,1.20.0,2025-04-01,micropython-rp2-pico-stubs,1.20.0.post5
45,rp2,pico-w,1.20.0,2025-04-01,micropython-rp2-pico-w-stubs,1.20.0.post1
43,rp2,pico-w,1.20.0,2025-04-01,micropython-rp2-pico-w-stubs,1.20.0.post2
42,rp2,pico-w,1.20.0,2025-04-01,micropython-rp2-pico-w-stubs,1.20.0.post3
44,rp2,pico-w,1.20.0,2025-04-01,micropython-rp2-pico-w-stubs,1.20.0.post4
464,rp2,pico-w,1.20.0,2025-04-01,micropython-rp2-pico-w-stubs,1.20.0.post5
44,rp2,pimoroni-picolipo-16mb,1.20.0,2025-04-01,micropython-rp2-pimoroni-picolipo-16mb-stubs,1.20.0.post1
44,rp2,pimoroni-picolipo-16mb,1.20.0,2025-04-01,micropython-rp2-pimoroni-picolipo-16mb-stubs,1.20.0.post2
59,rp2,pimoroni-picolipo-16mb,1.20.0,2025-04-01,micropython-rp2-pimoroni-picolipo-16mb-stubs,1.20.0.post3
75,rp2,pimoroni-picolipo-16mb,1.22.0,2025-04-01,micropython-rp2-pimoroni-picolipo-16mb-stubs,1.22.0.post1
44,rp2,rpi-pico,1.21.0,2025-04-01,micropython-rp2-rpi-pico-stubs,1.21.0.post1
42,rp2,rpi-pico,1.21.0,2025-04-01,micropython-rp2-rpi-pico-stubs,1.21.0.post2
59,rp2,rpi-pico,1.21.0,2025-04-01,micropython-rp2-rpi-pico-stubs,1.21.0.post3
43,rp2,rpi-pico,1.22.0,2025-04-01,micropython-rp2-rpi-pico-stubs,1.22.0.post1
45,rp2,rpi-pico,1.22.1,2025-04-01,micropython-rp2-rpi-pico-stubs,1.22.1.post1
59,rp2,rpi-pico,1.22.1,2025-04-01,micropython-rp2-rpi-pico-stubs,1.22.1.post2
41,rp2,rpi-pico,1.23.0,2025-04-01,micropython-rp2-rpi-pico-stubs,1.23.0.post1
67,rp2,rpi-pico,1.23.0,2025-04-01,micropython-rp2-rpi-pico-stubs,1.23.0.post2
47,rp2,rpi-pico,1.24.1,2025-04-01,micropython-rp2-rpi-pico-stubs,1.24.1.post1
114,rp2,rpi-pico,1.24.1,2025-04-01,micropython-rp2-rpi-pico-stubs,1.24.1.post2
170,rp2,rpi-pico,1.25.0,2025-04-01,micropython-rp2-rpi-pico-stubs,1.25.0.post1
42,rp2,rpi-pico-w,1.21.0,2025-04-01,micropython-rp2-rpi-pico-w-stubs,1.21.0.post1
38,rp2,rpi-pico-w,1.21.0,2025-04-01,micropython-rp2-rpi-pico-w-stubs,1.21.0.post2
58,rp2,rpi-pico-w,1.21.0,2025-04-01,micropython-rp2-rpi-pico-w-stubs,1.21.0.post3
44,rp2,rpi-pico-w,1.22.0,2025-04-01,micropython-rp2-rpi-pico-w-stubs,1.22.0.post1
42,rp2,rpi-pico-w,1.22.1,2025-04-01,micropython-rp2-rpi-pico-w-stubs,1.22.1.post1
58,rp2,rpi-pico-w,1.22.1,2025-04-01,micropython-rp2-rpi-pico-w-stubs,1.22.1.post2
44,rp2,rpi-pico-w,1.23.0,2025-04-01,micropython-rp2-rpi-pico-w-stubs,1.23.0.post1
59,rp2,rpi-pico-w,1.23.0,2025-04-01,micropython-rp2-rpi-pico-w-stubs,1.23.0.post2
51,rp2,rpi-pico-w,1.24.1,2025-04-01,micropython-rp2-rpi-pico-w-stubs,1.24.1.post1
134,rp2,rpi-pico-w,1.24.1,2025-04-01,micropython-rp2-rpi-pico-w-stubs,1.24.1.post2
180,rp2,rpi-pico-w,1.25.0,2025-04-01,micropython-rp2-rpi-pico-w-stubs,1.25.0.post1
48,rp2,rpi-pico2,1.24.1,2025-04-01,micropython-rp2-rpi-pico2-stubs,1.24.1.post1
73,rp2,rpi-pico2,1.24.1,2025-04-01,micropython-rp2-rpi-pico2-stubs,1.24.1.post2
127,rp2,rpi-pico2,1.25.0,2025-04-01,micropython-rp2-rpi-pico2-stubs,1.25.0.post1
148,rp2,rpi-pico2-w,1.25.0,2025-04-01,micropython-rp2-rpi-pico2-w-stubs,1.25.0.post1
43,rp2,,1.17,2025-04-01,micropython-rp2-stubs,1.17.post1
44,rp2,,1.17,2025-04-01,micropython-rp2-stubs,1.17.post2
41,rp2,,1.17,2025-04-01,micropython-rp2-stubs,1.17.post3
66,rp2,,1.18,2025-04-01,micropython-rp2-stubs,1.18.post1
42,rp2,,1.18,2025-04-01,micropython-rp2-stubs,1.18.post2
44,rp2,,1.18,2025-04-01,micropython-rp2-stubs,1.18.post3
45,rp2,,1.19.1,2025-04-01,micropython-rp2-stubs,1.19.1.post10
47,rp2,,1.19.1,2025-04-01,micropython-rp2-stubs,1.19.1.post11
45,rp2,,1.19.1,2025-04-01,micropython-rp2-stubs,1.19.1.post12
44,rp2,,1.19.1,2025-04-01,micropython-rp2-stubs,1.19.1.post13
64,rp2,,1.19.1,2025-04-01,micropython-rp2-stubs,1.19.1.post14
45,rp2,,1.19.1,2025-04-01,micropython-rp2-stubs,1.19.1.post6
43,rp2,,1.19.1,2025-04-01,micropython-rp2-stubs,1.19.1.post7
43,rp2,,1.19.1,2025-04-01,micropython-rp2-stubs,1.19.1.post8
42,rp2,,1.19.1,2025-04-01,micropython-rp2-stubs,1.19.1.post9
46,rp2,,1.20.0,2025-04-01,micropython-rp2-stubs,1.20.0.post1
45,rp2,,1.20.0,2025-04-01,micropython-rp2-stubs,1.20.0.post2
43,rp2,,1.20.0,2025-04-01,micropython-rp2-stubs,1.20.0.post3
41,rp2,,1.20.0,2025-04-01,micropython-rp2-stubs,1.20.0.post4
58,rp2,,1.20.0,2025-04-01,micropython-rp2-stubs,1.20.0.post5
43,rp2,,1.21.0,2025-04-01,micropython-rp2-stubs,1.21.0.post1
57,rp2,,1.21.0,2025-04-01,micropython-rp2-stubs,1.21.0.post2
48,rp2,,1.22.0,2025-04-01,micropython-rp2-stubs,1.22.0.post1
45,rp2,,1.22.1,2025-04-01,micropython-rp2-stubs,1.22.1.post1
72,rp2,,1.22.1,2025-04-01,micropython-rp2-stubs,1.22.1.post2
48,rp2,,1.23.0,2025-04-01,micropython-rp2-stubs,1.23.0.post1
64,rp2,,1.23.0,2025-04-01,micropython-rp2-stubs,1.23.0.post2
47,rp2,,1.24.1,2025-04-01,micropython-rp2-stubs,1.24.1.post1
117,rp2,,1.24.1,2025-04-01,micropython-rp2-stubs,1.24.1.post2
173,rp2,,1.25.0,2025-04-01,micropython-rp2-stubs,1.25.0.post1
40,samd,adafruit-feather-m4-express,1.20.0,2025-04-01,micropython-samd-adafruit-feather-m4-express-stubs,1.20.0.post1
41,samd,adafruit-feather-m4-express,1.20.0,2025-04-01,micropython-samd-adafruit-feather-m4-express-stubs,1.20.0.post2
41,samd,adafruit-feather-m4-express,1.20.0,2025-04-01,micropython-samd-adafruit-feather-m4-express-stubs,1.20.0.post3
80,samd,adafruit-feather-m4-express,1.20.0,2025-04-01,micropython-samd-adafruit-feather-m4-express-stubs,1.20.0.post4
41,samd,adafruit-itsybitsy-m4-express,1.20.0,2025-04-01,micropython-samd-adafruit-itsybitsy-m4-express-stubs,1.20.0.post1
42,samd,adafruit-itsybitsy-m4-express,1.20.0,2025-04-01,micropython-samd-adafruit-itsybitsy-m4-express-stubs,1.20.0.post2
42,samd,adafruit-itsybitsy-m4-express,1.20.0,2025-04-01,micropython-samd-adafruit-itsybitsy-m4-express-stubs,1.20.0.post3
66,samd,adafruit-itsybitsy-m4-express,1.20.0,2025-04-01,micropython-samd-adafruit-itsybitsy-m4-express-stubs,1.20.0.post4
43,samd,minisam-m4,1.20.0,2025-04-01,micropython-samd-minisam-m4-stubs,1.20.0.post1
42,samd,minisam-m4,1.20.0,2025-04-01,micropython-samd-minisam-m4-stubs,1.20.0.post2
44,samd,minisam-m4,1.20.0,2025-04-01,micropython-samd-minisam-m4-stubs,1.20.0.post3
68,samd,minisam-m4,1.20.0,2025-04-01,micropython-samd-minisam-m4-stubs,1.20.0.post4
40,samd,seeed-wio-terminal,1.20.0,2025-04-01,micropython-samd-seeed-wio-terminal-stubs,1.20.0.post1
41,samd,seeed-wio-terminal,1.20.0,2025-04-01,micropython-samd-seeed-wio-terminal-stubs,1.20.0.post2
39,samd,seeed-wio-terminal,1.20.0,2025-04-01,micropython-samd-seeed-wio-terminal-stubs,1.20.0.post3
40,samd,seeed-wio-terminal,1.20.0,2025-04-01,micropython-samd-seeed-wio-terminal-stubs,1.20.0.post4
55,samd,seeed-wio-terminal,1.20.0,2025-04-01,micropython-samd-seeed-wio-terminal-stubs,1.20.0.post5
41,samd,seeed-wio-terminal,1.21.0,2025-04-01,micropython-samd-seeed-wio-terminal-stubs,1.21.0.post1
42,samd,seeed-wio-terminal,1.21.0,2025-04-01,micropython-samd-seeed-wio-terminal-stubs,1.21.0.post2
56,samd,seeed-wio-terminal,1.21.0,2025-04-01,micropython-samd-seeed-wio-terminal-stubs,1.21.0.post3
41,samd,seeed-wio-terminal,1.22.0,2025-04-01,micropython-samd-seeed-wio-terminal-stubs,1.22.0.post1
56,samd,seeed-wio-terminal,1.22.1,2025-04-01,micropython-samd-seeed-wio-terminal-stubs,1.22.1.post1
41,samd,seeed-wio-terminal,1.23.0,2025-04-01,micropython-samd-seeed-wio-terminal-stubs,1.23.0.post1
56,samd,seeed-wio-terminal,1.23.0,2025-04-01,micropython-samd-seeed-wio-terminal-stubs,1.23.0.post2
44,samd,seeed-wio-terminal,1.24.1,2025-04-01,micropython-samd-seeed-wio-terminal-stubs,1.24.1.post1
77,samd,seeed-wio-terminal,1.24.1,2025-04-01,micropython-samd-seeed-wio-terminal-stubs,1.24.1.post2
137,samd,seeed-wio-terminal,1.25.0,2025-04-01,micropython-samd-seeed-wio-terminal-stubs,1.25.0.post1
37,samd,,1.20.0,2025-04-01,micropython-samd-stubs,1.20.0.post1
54,samd,,1.20.0,2025-04-01,micropython-samd-stubs,1.20.0.post2
40,samd,,1.21.0,2025-04-01,micropython-samd-stubs,1.21.0.post1
56,samd,,1.21.0,2025-04-01,micropython-samd-stubs,1.21.0.post2
42,samd,,1.22.0,2025-04-01,micropython-samd-stubs,1.22.0.post1
58,samd,,1.22.1,2025-04-01,micropython-samd-stubs,1.22.1.post1
44,samd,,1.23.0,2025-04-01,micropython-samd-stubs,1.23.0.post1
62,samd,,1.23.0,2025-04-01,micropython-samd-stubs,1.23.0.post2
42,samd,,,2025-04-01,micropython-samd-stubs,1.23.0a87
45,samd,,1.24.1,2025-04-01,micropython-samd-stubs,1.24.1.post1
83,samd,,1.24.1,2025-04-01,micropython-samd-stubs,1.24.1.post2
128,samd,,1.25.0,2025-04-01,micropython-samd-stubs,1.25.0.post1
179,stdlib,,,2025-04-01,micropython-stdlib-stubs,0.9.0
43,stdlib,,,2025-04-01,micropython-stdlib-stubs,1.0.0
42,stdlib,,,2025-04-01,micropython-stdlib-stubs,1.0.0rc2
42,stdlib,,,2025-04-01,micropython-stdlib-stubs,1.0.1a0
43,stdlib,,,2025-04-01,micropython-stdlib-stubs,1.0.1a1
44,stdlib,,,2025-04-01,micropython-stdlib-stubs,1.0.1a2
44,stdlib,,,2025-04-01,micropython-stdlib-stubs,1.1.0
40,stdlib,,,2025-04-01,micropython-stdlib-stubs,1.1.1
43,stdlib,,,2025-04-01,micropython-stdlib-stubs,1.1.1a2
74,stdlib,,,2025-04-01,micropython-stdlib-stubs,1.1.2
43,stdlib,,,2025-04-01,micropython-stdlib-stubs,1.1.2a0
44,stdlib,,,2025-04-01,micropython-stdlib-stubs,1.23.0
49,stdlib,,,2025-04-01,micropython-stdlib-stubs,1.24.0
66,stdlib,,,2025-04-01,micropython-stdlib-stubs,1.24.1
2066,stdlib,,1.24.1,2025-04-01,micropython-stdlib-stubs,1.24.1.post2
44,stm32,pybv11,1.20.0,2025-04-01,micropython-stm32-pybv11-stubs,1.20.0.post1
40,stm32,pybv11,1.20.0,2025-04-01,micropython-stm32-pybv11-stubs,1.20.0.post2
41,stm32,pybv11,1.20.0,2025-04-01,micropython-stm32-pybv11-stubs,1.20.0.post3
41,stm32,pybv11,1.20.0,2025-04-01,micropython-stm32-pybv11-stubs,1.20.0.post4
39,stm32,pybv11,1.20.0,2025-04-01,micropython-stm32-pybv11-stubs,1.20.0.post5
57,stm32,pybv11,1.20.0,2025-04-01,micropython-stm32-pybv11-stubs,1.20.0.post6
36,stm32,pybv11,1.21.0,2025-04-01,micropython-stm32-pybv11-stubs,1.21.0.post1
38,stm32,pybv11,1.21.0,2025-04-01,micropython-stm32-pybv11-stubs,1.21.0.post2
55,stm32,pybv11,1.21.0,2025-04-01,micropython-stm32-pybv11-stubs,1.21.0.post3
45,stm32,pybv11,1.22.0,2025-04-01,micropython-stm32-pybv11-stubs,1.22.0.post1
61,stm32,pybv11,1.22.0,2025-04-01,micropython-stm32-pybv11-stubs,1.22.0.post2
45,stm32,pybv11,1.23.0,2025-04-01,micropython-stm32-pybv11-stubs,1.23.0.post1
56,stm32,pybv11,1.23.0,2025-04-01,micropython-stm32-pybv11-stubs,1.23.0.post2
44,stm32,pybv11,1.24.1,2025-04-01,micropython-stm32-pybv11-stubs,1.24.1.post1
76,stm32,pybv11,1.24.1,2025-04-01,micropython-stm32-pybv11-stubs,1.24.1.post2
125,stm32,pybv11,1.25.0,2025-04-01,micropython-stm32-pybv11-stubs,1.25.0.post1
41,stm32,,1.17,2025-04-01,micropython-stm32-stubs,1.17.post1
40,stm32,,1.17,2025-04-01,micropython-stm32-stubs,1.17.post2
39,stm32,,1.17,2025-04-01,micropython-stm32-stubs,1.17.post3
40,stm32,,1.18,2025-04-01,micropython-stm32-stubs,1.18.post1
38,stm32,,1.18,2025-04-01,micropython-stm32-stubs,1.18.post2
41,stm32,,1.18,2025-04-01,micropython-stm32-stubs,1.18.post3
40,stm32,,1.18,2025-04-01,micropython-stm32-stubs,1.18.post4
42,stm32,,1.19.1,2025-04-01,micropython-stm32-stubs,1.19.1.post1
38,stm32,,1.19.1,2025-04-01,micropython-stm32-stubs,1.19.1.post10
42,stm32,,1.19.1,2025-04-01,micropython-stm32-stubs,1.19.1.post11
65,stm32,,1.19.1,2025-04-01,micropython-stm32-stubs,1.19.1.post12
42,stm32,,1.19.1,2025-04-01,micropython-stm32-stubs,1.19.1.post2
37,stm32,,1.19.1,2025-04-01,micropython-stm32-stubs,1.19.1.post3
41,stm32,,1.19.1,2025-04-01,micropython-stm32-stubs,1.19.1.post4
40,stm32,,1.19.1,2025-04-01,micropython-stm32-stubs,1.19.1.post5
43,stm32,,1.19.1,2025-04-01,micropython-stm32-stubs,1.19.1.post6
35,stm32,,1.19.1,2025-04-01,micropython-stm32-stubs,1.19.1.post7
40,stm32,,1.19.1,2025-04-01,micropython-stm32-stubs,1.19.1.post8
40,stm32,,1.19.1,2025-04-01,micropython-stm32-stubs,1.19.1.post9
43,stm32,,1.20.0,2025-04-01,micropython-stm32-stubs,1.20.0.post1
41,stm32,,1.20.0,2025-04-01,micropython-stm32-stubs,1.20.0.post2
35,stm32,,1.20.0,2025-04-01,micropython-stm32-stubs,1.20.0.post3
40,stm32,,1.20.0,2025-04-01,micropython-stm32-stubs,1.20.0.post4
58,stm32,,1.20.0,2025-04-01,micropython-stm32-stubs,1.20.0.post5
37,stm32,,1.21.0,2025-04-01,micropython-stm32-stubs,1.21.0.post1
57,stm32,,1.21.0,2025-04-01,micropython-stm32-stubs,1.21.0.post2
58,stm32,,1.22.0,2025-04-01,micropython-stm32-stubs,1.22.0.post1
42,stm32,,1.23.0,2025-04-01,micropython-stm32-stubs,1.23.0.post1
62,stm32,,1.23.0,2025-04-01,micropython-stm32-stubs,1.23.0.post2
45,stm32,,1.24.1,2025-04-01,micropython-stm32-stubs,1.24.1.post1
271,stm32,,1.24.1,2025-04-01,micropython-stm32-stubs,1.24.1.post2
274,stm32,,1.25.0,2025-04-01,micropython-stm32-stubs,1.25.0.post1
59,unix,,1.20.0,2025-04-01,micropython-unix-stubs,1.20.0.post1
59,unix,,1.21.0,2025-04-01,micropython-unix-stubs,1.21.0.post1
45,unix,,1.24.1,2025-04-01,micropython-unix-stubs,1.24.1.post1
92,unix,,1.24.1,2025-04-01,micropython-unix-stubs,1.24.1.post2
46,webassembly,,1.21.0,2025-04-01,micropython-webassembly-stubs,1.21.0.post1
61,webassembly,,1.21.0,2025-04-01,micropython-webassembly-stubs,1.21.0.post2
43,webassembly,,1.24.1,2025-04-01,micropython-webassembly-stubs,1.24.1.post1
84,webassembly,,1.24.1,2025-04-01,micropython-webassembly-stubs,1.24.1.post2
42,windows,,1.20.0,2025-04-01,micropython-windows-stubs,1.20.0.post1
44,windows,,1.21.0,2025-04-01,micropython-windows-stubs,1.21.0.post1
44,windows,,1.24.1,2025-04-01,micropython-windows-stubs,1.24.1.post1
42,windows,,1.24.1,2025-04-01,micropython-windows-stubs,1.24.1.post2
86,windows,,1.24.1,2025-04-01,micropython-windows-stubs,1.24.1.post3
7,esp32,esp32-generic-c3,1.23.0,2025-05-01,micropython-esp32-esp32-generic-c3-stubs,1.23.0.post1
74,esp32,esp32-generic-c3,1.23.0,2025-05-01,micropython-esp32-esp32-generic-c3-stubs,1.23.0.post2
4,esp32,esp32-generic-c6,1.24.1,2025-05-01,micropython-esp32-esp32-generic-c6-stubs,1.24.1.post1
19,esp32,esp32-generic-c6,1.24.1,2025-05-01,micropython-esp32-esp32-generic-c6-stubs,1.24.1.post2
36,esp32,esp32-generic-c6,1.25.0,2025-05-01,micropython-esp32-esp32-generic-c6-stubs,1.25.0.post1
27,esp32,esp32-generic-s2,1.25.0,2025-05-01,micropython-esp32-esp32-generic-s2-stubs,1.25.0.post1
19,esp32,esp32-generic-s3,1.22.0,2025-05-01,micropython-esp32-esp32-generic-s3-stubs,1.22.0.post1
3,esp32,esp32-generic-s3,1.23.0,2025-05-01,micropython-esp32-esp32-generic-s3-stubs,1.23.0.post1
18,esp32,esp32-generic-s3,1.23.0,2025-05-01,micropython-esp32-esp32-generic-s3-stubs,1.23.0.post2
9,esp32,esp32-generic-s3,1.24.1,2025-05-01,micropython-esp32-esp32-generic-s3-stubs,1.24.1.post1
68,esp32,esp32-generic-s3,1.24.1,2025-05-01,micropython-esp32-esp32-generic-s3-stubs,1.24.1.post2
3,esp32,esp32-generic,1.21.0,2025-05-01,micropython-esp32-esp32-generic-stubs,1.21.0.post1
16,esp32,esp32-generic,1.21.0,2025-05-01,micropython-esp32-esp32-generic-stubs,1.21.0.post2
16,esp32,esp32-generic,1.22.0,2025-05-01,micropython-esp32-esp32-generic-stubs,1.22.0.post1
8,esp32,esp32-generic,1.23.0,2025-05-01,micropython-esp32-esp32-generic-stubs,1.23.0.post1
20,esp32,esp32-generic,1.23.0,2025-05-01,micropython-esp32-esp32-generic-stubs,1.23.0.post2
5,esp32,esp32-generic,1.24.1,2025-05-01,micropython-esp32-esp32-generic-stubs,1.24.1.post1
27,esp32,esp32-generic,1.24.1,2025-05-01,micropython-esp32-esp32-generic-stubs,1.24.1.post2
8,esp32,esp32-generic,1.25.0,2025-05-01,micropython-esp32-esp32-generic-stubs,1.25.0.post1
107,esp32,esp32-generic,1.25.0,2025-05-01,micropython-esp32-esp32-generic-stubs,1.25.0.post2
2,esp32,generic-ota,1.20.0,2025-05-01,micropython-esp32-generic-ota-stubs,1.20.0.post1
23,esp32,generic-ota,1.20.0,2025-05-01,micropython-esp32-generic-ota-stubs,1.20.0.post2
13,esp32,generic-s3,1.19.1,2025-05-01,micropython-esp32-generic-s3-stubs,1.19.1.post1
1,esp32,generic-s3,1.20.0,2025-05-01,micropython-esp32-generic-s3-stubs,1.20.0.post1
30,esp32,generic-s3,1.20.0,2025-05-01,micropython-esp32-generic-s3-stubs,1.20.0.post2
27,esp32,generic-spiram,1.19.1,2025-05-01,micropython-esp32-generic-spiram-stubs,1.19.1.post1
2,esp32,ota,1.20.0,2025-05-01,micropython-esp32-ota-stubs,1.20.0.post1
24,esp32,ota,1.20.0,2025-05-01,micropython-esp32-ota-stubs,1.20.0.post2
16,esp32,s3,1.19.1,2025-05-01,micropython-esp32-s3-stubs,1.19.1.post1
43,esp32,s3,1.20.0,2025-05-01,micropython-esp32-s3-stubs,1.20.0.post1
2,esp32,,1.17,2025-05-01,micropython-esp32-stubs,1.17.post1
1,esp32,,1.17,2025-05-01,micropython-esp32-stubs,1.17.post2
3,esp32,,1.17,2025-05-01,micropython-esp32-stubs,1.17.post3
2,esp32,,1.18,2025-05-01,micropython-esp32-stubs,1.18.post1
1,esp32,,1.18,2025-05-01,micropython-esp32-stubs,1.18.post2
1,esp32,,1.18,2025-05-01,micropython-esp32-stubs,1.18.post3
2,esp32,,1.19.1,2025-05-01,micropython-esp32-stubs,1.19.1.post10
127,esp32,,1.19.1,2025-05-01,micropython-esp32-stubs,1.19.1.post11
1,esp32,,1.19.1,2025-05-01,micropython-esp32-stubs,1.19.1.post13
2,esp32,,1.19.1,2025-05-01,micropython-esp32-stubs,1.19.1.post14
20,esp32,,1.19.1,2025-05-01,micropython-esp32-stubs,1.19.1.post15
2,esp32,,1.19.1,2025-05-01,micropython-esp32-stubs,1.19.1.post2
4,esp32,,1.19.1,2025-05-01,micropython-esp32-stubs,1.19.1.post3
2,esp32,,1.19.1,2025-05-01,micropython-esp32-stubs,1.19.1.post4
7,esp32,,1.19.1,2025-05-01,micropython-esp32-stubs,1.19.1.post5
5,esp32,,1.19.1,2025-05-01,micropython-esp32-stubs,1.19.1.post6
2,esp32,,1.19.1,2025-05-01,micropython-esp32-stubs,1.19.1.post7
2,esp32,,1.19.1,2025-05-01,micropython-esp32-stubs,1.19.1.post8
1,esp32,,1.19.1,2025-05-01,micropython-esp32-stubs,1.19.1.post9
3,esp32,,1.20.0,2025-05-01,micropython-esp32-stubs,1.20.0.post1
1,esp32,,1.20.0,2025-05-01,micropython-esp32-stubs,1.20.0.post2
2,esp32,,1.20.0,2025-05-01,micropython-esp32-stubs,1.20.0.post3
1,esp32,,1.20.0,2025-05-01,micropython-esp32-stubs,1.20.0.post4
26,esp32,,1.20.0,2025-05-01,micropython-esp32-stubs,1.20.0.post5
1,esp32,,1.21.0,2025-05-01,micropython-esp32-stubs,1.21.0.post1
1,esp32,,1.21.0,2025-05-01,micropython-esp32-stubs,1.21.0.post2
3,esp32,,1.21.0,2025-05-01,micropython-esp32-stubs,1.21.0.post3
13,esp32,,1.21.0,2025-05-01,micropython-esp32-stubs,1.21.0.post4
3,esp32,,,2025-05-01,micropython-esp32-stubs,1.21.0a489
19,esp32,,1.22.0,2025-05-01,micropython-esp32-stubs,1.22.0.post1
7,esp32,,1.23.0,2025-05-01,micropython-esp32-stubs,1.23.0.post1
37,esp32,,1.23.0,2025-05-01,micropython-esp32-stubs,1.23.0.post2
4,esp32,,,2025-05-01,micropython-esp32-stubs,1.23.0a87
8,esp32,,1.24.1,2025-05-01,micropython-esp32-stubs,1.24.1.post1
101,esp32,,1.24.1,2025-05-01,micropython-esp32-stubs,1.24.1.post2
13,esp32,,1.25.0,2025-05-01,micropython-esp32-stubs,1.25.0.post1
448,esp32,,1.25.0,2025-05-01,micropython-esp32-stubs,1.25.0.post2
2,esp32,um-tinypico,1.19.1,2025-05-01,micropython-esp32-um-tinypico-stubs,1.19.1.post2
3,esp32,um-tinypico,1.19.1,2025-05-01,micropython-esp32-um-tinypico-stubs,1.19.1.post3
1,esp32,um-tinypico,1.19.1,2025-05-01,micropython-esp32-um-tinypico-stubs,1.19.1.post4
3,esp32,um-tinypico,1.19.1,2025-05-01,micropython-esp32-um-tinypico-stubs,1.19.1.post5
7,esp32,um-tinypico,1.19.1,2025-05-01,micropython-esp32-um-tinypico-stubs,1.19.1.post6
3,esp32,um-tinypico,1.19.1,2025-05-01,micropython-esp32-um-tinypico-stubs,1.19.1.post7
26,esp32,um-tinypico,1.19.1,2025-05-01,micropython-esp32-um-tinypico-stubs,1.19.1.post8
2,esp8266,esp8266-generic,1.23.0,2025-05-01,micropython-esp8266-esp8266-generic-stubs,1.23.0.post1
19,esp8266,esp8266-generic,1.23.0,2025-05-01,micropython-esp8266-esp8266-generic-stubs,1.23.0.post2
37,esp8266,esp8266-generic,1.25.0,2025-05-01,micropython-esp8266-esp8266-generic-stubs,1.25.0.post1
6,esp8266,,1.17,2025-05-01,micropython-esp8266-stubs,1.17.post2
3,esp8266,,1.17,2025-05-01,micropython-esp8266-stubs,1.17.post3
4,esp8266,,1.18,2025-05-01,micropython-esp8266-stubs,1.18.post1
3,esp8266,,1.18,2025-05-01,micropython-esp8266-stubs,1.18.post2
3,esp8266,,1.18,2025-05-01,micropython-esp8266-stubs,1.18.post3
4,esp8266,,1.19.1,2025-05-01,micropython-esp8266-stubs,1.19.1.post10
3,esp8266,,1.19.1,2025-05-01,micropython-esp8266-stubs,1.19.1.post11
18,esp8266,,1.19.1,2025-05-01,micropython-esp8266-stubs,1.19.1.post12
1,esp8266,,1.19.1,2025-05-01,micropython-esp8266-stubs,1.19.1.post3
2,esp8266,,1.19.1,2025-05-01,micropython-esp8266-stubs,1.19.1.post6
1,esp8266,,1.19.1,2025-05-01,micropython-esp8266-stubs,1.19.1.post7
2,esp8266,,1.23.0,2025-05-01,micropython-esp8266-stubs,1.23.0.post1
17,esp8266,,1.23.0,2025-05-01,micropython-esp8266-stubs,1.23.0.post2
21,esp8266,,1.24.1,2025-05-01,micropython-esp8266-stubs,1.24.1.post1
164,esp8266,,1.25.0,2025-05-01,micropython-esp8266-stubs,1.25.0.post1
3,rp2,arduino-nano-rp2040-connect,1.22.0,2025-05-01,micropython-rp2-arduino-nano-rp2040-connect-stubs,1.22.0.post1
2,rp2,arduino-nano-rp2040-connect,1.22.1,2025-05-01,micropython-rp2-arduino-nano-rp2040-connect-stubs,1.22.1.post1
13,rp2,arduino-nano-rp2040-connect,1.22.1,2025-05-01,micropython-rp2-arduino-nano-rp2040-connect-stubs,1.22.1.post2
3,rp2,arduino-nano-rp2040-connect,1.24.1,2025-05-01,micropython-rp2-arduino-nano-rp2040-connect-stubs,1.24.1.post1
32,rp2,arduino-nano-rp2040-connect,1.24.1,2025-05-01,micropython-rp2-arduino-nano-rp2040-connect-stubs,1.24.1.post2
1,rp2,pico,1.20.0,2025-05-01,micropython-rp2-pico-stubs,1.20.0.post1
4,rp2,pico,1.20.0,2025-05-01,micropython-rp2-pico-stubs,1.20.0.post2
1,rp2,pico,1.20.0,2025-05-01,micropython-rp2-pico-stubs,1.20.0.post3
1,rp2,pico,1.20.0,2025-05-01,micropython-rp2-pico-stubs,1.20.0.post4
224,rp2,pico,1.20.0,2025-05-01,micropython-rp2-pico-stubs,1.20.0.post5
2,rp2,pico-w,1.20.0,2025-05-01,micropython-rp2-pico-w-stubs,1.20.0.post1
1,rp2,pico-w,1.20.0,2025-05-01,micropython-rp2-pico-w-stubs,1.20.0.post2
1,rp2,pico-w,1.20.0,2025-05-01,micropython-rp2-pico-w-stubs,1.20.0.post3
2,rp2,pico-w,1.20.0,2025-05-01,micropython-rp2-pico-w-stubs,1.20.0.post4
260,rp2,pico-w,1.20.0,2025-05-01,micropython-rp2-pico-w-stubs,1.20.0.post5
8,rp2,pimoroni-picolipo-16mb,1.20.0,2025-05-01,micropython-rp2-pimoroni-picolipo-16mb-stubs,1.20.0.post1
6,rp2,pimoroni-picolipo-16mb,1.20.0,2025-05-01,micropython-rp2-pimoroni-picolipo-16mb-stubs,1.20.0.post2
13,rp2,pimoroni-picolipo-16mb,1.20.0,2025-05-01,micropython-rp2-pimoroni-picolipo-16mb-stubs,1.20.0.post3
30,rp2,pimoroni-picolipo-16mb,1.22.0,2025-05-01,micropython-rp2-pimoroni-picolipo-16mb-stubs,1.22.0.post1
2,rp2,rpi-pico,1.21.0,2025-05-01,micropython-rp2-rpi-pico-stubs,1.21.0.post1
2,rp2,rpi-pico,1.21.0,2025-05-01,micropython-rp2-rpi-pico-stubs,1.21.0.post2
16,rp2,rpi-pico,1.21.0,2025-05-01,micropython-rp2-rpi-pico-stubs,1.21.0.post3
2,rp2,rpi-pico,1.22.0,2025-05-01,micropython-rp2-rpi-pico-stubs,1.22.0.post1
2,rp2,rpi-pico,1.22.1,2025-05-01,micropython-rp2-rpi-pico-stubs,1.22.1.post1
14,rp2,rpi-pico,1.22.1,2025-05-01,micropython-rp2-rpi-pico-stubs,1.22.1.post2
1,rp2,rpi-pico,1.23.0,2025-05-01,micropython-rp2-rpi-pico-stubs,1.23.0.post1
21,rp2,rpi-pico,1.23.0,2025-05-01,micropython-rp2-rpi-pico-stubs,1.23.0.post2
5,rp2,rpi-pico,1.24.1,2025-05-01,micropython-rp2-rpi-pico-stubs,1.24.1.post1
26,rp2,rpi-pico,1.24.1,2025-05-01,micropython-rp2-rpi-pico-stubs,1.24.1.post2
93,rp2,rpi-pico,1.25.0,2025-05-01,micropython-rp2-rpi-pico-stubs,1.25.0.post1
2,rp2,rpi-pico-w,1.21.0,2025-05-01,micropython-rp2-rpi-pico-w-stubs,1.21.0.post1
4,rp2,rpi-pico-w,1.21.0,2025-05-01,micropython-rp2-rpi-pico-w-stubs,1.21.0.post2
12,rp2,rpi-pico-w,1.21.0,2025-05-01,micropython-rp2-rpi-pico-w-stubs,1.21.0.post3
1,rp2,rpi-pico-w,1.22.0,2025-05-01,micropython-rp2-rpi-pico-w-stubs,1.22.0.post1
1,rp2,rpi-pico-w,1.22.1,2025-05-01,micropython-rp2-rpi-pico-w-stubs,1.22.1.post1
13,rp2,rpi-pico-w,1.22.1,2025-05-01,micropython-rp2-rpi-pico-w-stubs,1.22.1.post2
2,rp2,rpi-pico-w,1.23.0,2025-05-01,micropython-rp2-rpi-pico-w-stubs,1.23.0.post1
21,rp2,rpi-pico-w,1.23.0,2025-05-01,micropython-rp2-rpi-pico-w-stubs,1.23.0.post2
9,rp2,rpi-pico-w,1.24.1,2025-05-01,micropython-rp2-rpi-pico-w-stubs,1.24.1.post1
44,rp2,rpi-pico-w,1.24.1,2025-05-01,micropython-rp2-rpi-pico-w-stubs,1.24.1.post2
192,rp2,rpi-pico-w,1.25.0,2025-05-01,micropython-rp2-rpi-pico-w-stubs,1.25.0.post1
6,rp2,rpi-pico2,1.24.1,2025-05-01,micropython-rp2-rpi-pico2-stubs,1.24.1.post1
21,rp2,rpi-pico2,1.24.1,2025-05-01,micropython-rp2-rpi-pico2-stubs,1.24.1.post2
48,rp2,rpi-pico2,1.25.0,2025-05-01,micropython-rp2-rpi-pico2-stubs,1.25.0.post1
53,rp2,rpi-pico2-w,1.25.0,2025-05-01,micropython-rp2-rpi-pico2-w-stubs,1.25.0.post1
1,rp2,,1.17,2025-05-01,micropython-rp2-stubs,1.17.post1
2,rp2,,1.17,2025-05-01,micropython-rp2-stubs,1.17.post3
210,rp2,,1.18,2025-05-01,micropython-rp2-stubs,1.18.post1
3,rp2,,1.18,2025-05-01,micropython-rp2-stubs,1.18.post2
4,rp2,,1.18,2025-05-01,micropython-rp2-stubs,1.18.post3
4,rp2,,1.19.1,2025-05-01,micropython-rp2-stubs,1.19.1.post10
4,rp2,,1.19.1,2025-05-01,micropython-rp2-stubs,1.19.1.post11
4,rp2,,1.19.1,2025-05-01,micropython-rp2-stubs,1.19.1.post12
4,rp2,,1.19.1,2025-05-01,micropython-rp2-stubs,1.19.1.post13
16,rp2,,1.19.1,2025-05-01,micropython-rp2-stubs,1.19.1.post14
6,rp2,,1.19.1,2025-05-01,micropython-rp2-stubs,1.19.1.post6
6,rp2,,1.19.1,2025-05-01,micropython-rp2-stubs,1.19.1.post7
4,rp2,,1.19.1,2025-05-01,micropython-rp2-stubs,1.19.1.post8
5,rp2,,1.19.1,2025-05-01,micropython-rp2-stubs,1.19.1.post9
5,rp2,,1.20.0,2025-05-01,micropython-rp2-stubs,1.20.0.post1
4,rp2,,1.20.0,2025-05-01,micropython-rp2-stubs,1.20.0.post2
5,rp2,,1.20.0,2025-05-01,micropython-rp2-stubs,1.20.0.post3
5,rp2,,1.20.0,2025-05-01,micropython-rp2-stubs,1.20.0.post4
14,rp2,,1.20.0,2025-05-01,micropython-rp2-stubs,1.20.0.post5
3,rp2,,1.21.0,2025-05-01,micropython-rp2-stubs,1.21.0.post1
16,rp2,,1.21.0,2025-05-01,micropython-rp2-stubs,1.21.0.post2
2,rp2,,1.22.0,2025-05-01,micropython-rp2-stubs,1.22.0.post1
4,rp2,,1.22.1,2025-05-01,micropython-rp2-stubs,1.22.1.post1
23,rp2,,1.22.1,2025-05-01,micropython-rp2-stubs,1.22.1.post2
6,rp2,,1.23.0,2025-05-01,micropython-rp2-stubs,1.23.0.post1
18,rp2,,1.23.0,2025-05-01,micropython-rp2-stubs,1.23.0.post2
13,rp2,,1.24.1,2025-05-01,micropython-rp2-stubs,1.24.1.post1
27,rp2,,1.24.1,2025-05-01,micropython-rp2-stubs,1.24.1.post2
124,rp2,,1.25.0,2025-05-01,micropython-rp2-stubs,1.25.0.post1
4,samd,adafruit-feather-m4-express,1.20.0,2025-05-01,micropython-samd-adafruit-feather-m4-express-stubs,1.20.0.post1
3,samd,adafruit-feather-m4-express,1.20.0,2025-05-01,micropython-samd-adafruit-feather-m4-express-stubs,1.20.0.post2
1,samd,adafruit-feather-m4-express,1.20.0,2025-05-01,micropython-samd-adafruit-feather-m4-express-stubs,1.20.0.post3
24,samd,adafruit-feather-m4-express,1.20.0,2025-05-01,micropython-samd-adafruit-feather-m4-express-stubs,1.20.0.post4
1,samd,adafruit-itsybitsy-m4-express,1.20.0,2025-05-01,micropython-samd-adafruit-itsybitsy-m4-express-stubs,1.20.0.post1
26,samd,adafruit-itsybitsy-m4-express,1.20.0,2025-05-01,micropython-samd-adafruit-itsybitsy-m4-express-stubs,1.20.0.post4
2,samd,minisam-m4,1.20.0,2025-05-01,micropython-samd-minisam-m4-stubs,1.20.0.post1
1,samd,minisam-m4,1.20.0,2025-05-01,micropython-samd-minisam-m4-stubs,1.20.0.post2
1,samd,minisam-m4,1.20.0,2025-05-01,micropython-samd-minisam-m4-stubs,1.20.0.post3
28,samd,minisam-m4,1.20.0,2025-05-01,micropython-samd-minisam-m4-stubs,1.20.0.post4
5,samd,seeed-wio-terminal,1.20.0,2025-05-01,micropython-samd-seeed-wio-terminal-stubs,1.20.0.post1
3,samd,seeed-wio-terminal,1.20.0,2025-05-01,micropython-samd-seeed-wio-terminal-stubs,1.20.0.post2
4,samd,seeed-wio-terminal,1.20.0,2025-05-01,micropython-samd-seeed-wio-terminal-stubs,1.20.0.post3
4,samd,seeed-wio-terminal,1.20.0,2025-05-01,micropython-samd-seeed-wio-terminal-stubs,1.20.0.post4
18,samd,seeed-wio-terminal,1.20.0,2025-05-01,micropython-samd-seeed-wio-terminal-stubs,1.20.0.post5
2,samd,seeed-wio-terminal,1.21.0,2025-05-01,micropython-samd-seeed-wio-terminal-stubs,1.21.0.post1
3,samd,seeed-wio-terminal,1.21.0,2025-05-01,micropython-samd-seeed-wio-terminal-stubs,1.21.0.post2
21,samd,seeed-wio-terminal,1.21.0,2025-05-01,micropython-samd-seeed-wio-terminal-stubs,1.21.0.post3
7,samd,seeed-wio-terminal,1.22.0,2025-05-01,micropython-samd-seeed-wio-terminal-stubs,1.22.0.post1
17,samd,seeed-wio-terminal,1.22.1,2025-05-01,micropython-samd-seeed-wio-terminal-stubs,1.22.1.post1
2,samd,seeed-wio-terminal,1.23.0,2025-05-01,micropython-samd-seeed-wio-terminal-stubs,1.23.0.post1
15,samd,seeed-wio-terminal,1.23.0,2025-05-01,micropython-samd-seeed-wio-terminal-stubs,1.23.0.post2
4,samd,seeed-wio-terminal,1.24.1,2025-05-01,micropython-samd-seeed-wio-terminal-stubs,1.24.1.post1
19,samd,seeed-wio-terminal,1.24.1,2025-05-01,micropython-samd-seeed-wio-terminal-stubs,1.24.1.post2
32,samd,seeed-wio-terminal,1.25.0,2025-05-01,micropython-samd-seeed-wio-terminal-stubs,1.25.0.post1
1,samd,,1.20.0,2025-05-01,micropython-samd-stubs,1.20.0.post1
13,samd,,1.20.0,2025-05-01,micropython-samd-stubs,1.20.0.post2
1,samd,,1.21.0,2025-05-01,micropython-samd-stubs,1.21.0.post1
12,samd,,1.21.0,2025-05-01,micropython-samd-stubs,1.21.0.post2
3,samd,,1.22.0,2025-05-01,micropython-samd-stubs,1.22.0.post1
13,samd,,1.22.1,2025-05-01,micropython-samd-stubs,1.22.1.post1
5,samd,,1.23.0,2025-05-01,micropython-samd-stubs,1.23.0.post1
20,samd,,1.23.0,2025-05-01,micropython-samd-stubs,1.23.0.post2
2,samd,,,2025-05-01,micropython-samd-stubs,1.23.0a87
5,samd,,1.24.1,2025-05-01,micropython-samd-stubs,1.24.1.post1
18,samd,,1.24.1,2025-05-01,micropython-samd-stubs,1.24.1.post2
38,samd,,1.25.0,2025-05-01,micropython-samd-stubs,1.25.0.post1
126,stdlib,,,2025-05-01,micropython-stdlib-stubs,0.9.0
3,stdlib,,,2025-05-01,micropython-stdlib-stubs,1.0.0
3,stdlib,,,2025-05-01,micropython-stdlib-stubs,1.0.0rc2
3,stdlib,,,2025-05-01,micropython-stdlib-stubs,1.0.1a0
2,stdlib,,,2025-05-01,micropython-stdlib-stubs,1.0.1a1
5,stdlib,,,2025-05-01,micropython-stdlib-stubs,1.0.1a2
4,stdlib,,,2025-05-01,micropython-stdlib-stubs,1.1.0
7,stdlib,,,2025-05-01,micropython-stdlib-stubs,1.1.1
2,stdlib,,,2025-05-01,micropython-stdlib-stubs,1.1.1a2
219,stdlib,,,2025-05-01,micropython-stdlib-stubs,1.1.2
3,stdlib,,,2025-05-01,micropython-stdlib-stubs,1.1.2a0
7,stdlib,,,2025-05-01,micropython-stdlib-stubs,1.23.0
9,stdlib,,,2025-05-01,micropython-stdlib-stubs,1.24.0
19,stdlib,,,2025-05-01,micropython-stdlib-stubs,1.24.1
1007,stdlib,,1.24.1,2025-05-01,micropython-stdlib-stubs,1.24.1.post2
1111,stdlib,,,2025-05-01,micropython-stdlib-stubs,1.25.0
5,stm32,pybv11,1.20.0,2025-05-01,micropython-stm32-pybv11-stubs,1.20.0.post1
8,stm32,pybv11,1.20.0,2025-05-01,micropython-stm32-pybv11-stubs,1.20.0.post2
6,stm32,pybv11,1.20.0,2025-05-01,micropython-stm32-pybv11-stubs,1.20.0.post3
4,stm32,pybv11,1.20.0,2025-05-01,micropython-stm32-pybv11-stubs,1.20.0.post4
3,stm32,pybv11,1.20.0,2025-05-01,micropython-stm32-pybv11-stubs,1.20.0.post5
15,stm32,pybv11,1.20.0,2025-05-01,micropython-stm32-pybv11-stubs,1.20.0.post6
4,stm32,pybv11,1.21.0,2025-05-01,micropython-stm32-pybv11-stubs,1.21.0.post1
2,stm32,pybv11,1.21.0,2025-05-01,micropython-stm32-pybv11-stubs,1.21.0.post2
17,stm32,pybv11,1.21.0,2025-05-01,micropython-stm32-pybv11-stubs,1.21.0.post3
3,stm32,pybv11,1.22.0,2025-05-01,micropython-stm32-pybv11-stubs,1.22.0.post1
19,stm32,pybv11,1.22.0,2025-05-01,micropython-stm32-pybv11-stubs,1.22.0.post2
6,stm32,pybv11,1.23.0,2025-05-01,micropython-stm32-pybv11-stubs,1.23.0.post1
23,stm32,pybv11,1.23.0,2025-05-01,micropython-stm32-pybv11-stubs,1.23.0.post2
6,stm32,pybv11,1.24.1,2025-05-01,micropython-stm32-pybv11-stubs,1.24.1.post1
20,stm32,pybv11,1.24.1,2025-05-01,micropython-stm32-pybv11-stubs,1.24.1.post2
31,stm32,pybv11,1.25.0,2025-05-01,micropython-stm32-pybv11-stubs,1.25.0.post1
1,stm32,,1.17,2025-05-01,micropython-stm32-stubs,1.17.post2
2,stm32,,1.17,2025-05-01,micropython-stm32-stubs,1.17.post3
3,stm32,,1.18,2025-05-01,micropython-stm32-stubs,1.18.post1
2,stm32,,1.18,2025-05-01,micropython-stm32-stubs,1.18.post2
4,stm32,,1.18,2025-05-01,micropython-stm32-stubs,1.18.post4
4,stm32,,1.19.1,2025-05-01,micropython-stm32-stubs,1.19.1.post1
4,stm32,,1.19.1,2025-05-01,micropython-stm32-stubs,1.19.1.post10
1,stm32,,1.19.1,2025-05-01,micropython-stm32-stubs,1.19.1.post11
23,stm32,,1.19.1,2025-05-01,micropython-stm32-stubs,1.19.1.post12
1,stm32,,1.19.1,2025-05-01,micropython-stm32-stubs,1.19.1.post2
2,stm32,,1.19.1,2025-05-01,micropython-stm32-stubs,1.19.1.post3
1,stm32,,1.19.1,2025-05-01,micropython-stm32-stubs,1.19.1.post4
4,stm32,,1.19.1,2025-05-01,micropython-stm32-stubs,1.19.1.post5
3,stm32,,1.19.1,2025-05-01,micropython-stm32-stubs,1.19.1.post6
4,stm32,,1.19.1,2025-05-01,micropython-stm32-stubs,1.19.1.post7
2,stm32,,1.19.1,2025-05-01,micropython-stm32-stubs,1.19.1.post8
1,stm32,,1.19.1,2025-05-01,micropython-stm32-stubs,1.19.1.post9
1,stm32,,1.20.0,2025-05-01,micropython-stm32-stubs,1.20.0.post2
2,stm32,,1.20.0,2025-05-01,micropython-stm32-stubs,1.20.0.post3
5,stm32,,1.20.0,2025-05-01,micropython-stm32-stubs,1.20.0.post4
13,stm32,,1.20.0,2025-05-01,micropython-stm32-stubs,1.20.0.post5
2,stm32,,1.21.0,2025-05-01,micropython-stm32-stubs,1.21.0.post1
12,stm32,,1.21.0,2025-05-01,micropython-stm32-stubs,1.21.0.post2
19,stm32,,1.22.0,2025-05-01,micropython-stm32-stubs,1.22.0.post1
4,stm32,,1.23.0,2025-05-01,micropython-stm32-stubs,1.23.0.post1
17,stm32,,1.23.0,2025-05-01,micropython-stm32-stubs,1.23.0.post2
4,stm32,,1.24.1,2025-05-01,micropython-stm32-stubs,1.24.1.post1
19,stm32,,1.24.1,2025-05-01,micropython-stm32-stubs,1.24.1.post2
226,stm32,,1.25.0,2025-05-01,micropython-stm32-stubs,1.25.0.post1
14,unix,,1.20.0,2025-05-01,micropython-unix-stubs,1.20.0.post1
12,unix,,1.21.0,2025-05-01,micropython-unix-stubs,1.21.0.post1
6,unix,,1.24.1,2025-05-01,micropython-unix-stubs,1.24.1.post1
47,unix,,1.24.1,2025-05-01,micropython-unix-stubs,1.24.1.post2
4,webassembly,,1.21.0,2025-05-01,micropython-webassembly-stubs,1.21.0.post1
15,webassembly,,1.21.0,2025-05-01,micropython-webassembly-stubs,1.21.0.post2
7,webassembly,,1.24.1,2025-05-01,micropython-webassembly-stubs,1.24.1.post1
29,webassembly,,1.24.1,2025-05-01,micropython-webassembly-stubs,1.24.1.post2
1,windows,,1.20.0,2025-05-01,micropython-windows-stubs,1.20.0.post1
3,windows,,1.21.0,2025-05-01,micropython-windows-stubs,1.21.0.post1
4,windows,,1.24.1,2025-05-01,micropython-windows-stubs,1.24.1.post1
5,windows,,1.24.1,2025-05-01,micropython-windows-stubs,1.24.1.post2
35,windows,,1.24.1,2025-05-01,micropython-windows-stubs,1.24.1.post3
7,esp32,esp32-generic-c3,1.23.0,2025-06-01,micropython-esp32-esp32-generic-c3-stubs,1.23.0.post1
65,esp32,esp32-generic-c3,1.23.0,2025-06-01,micropython-esp32-esp32-generic-c3-stubs,1.23.0.post2
6,esp32,esp32-generic-c6,1.24.1,2025-06-01,micropython-esp32-esp32-generic-c6-stubs,1.24.1.post1
16,esp32,esp32-generic-c6,1.24.1,2025-06-01,micropython-esp32-esp32-generic-c6-stubs,1.24.1.post2
16,esp32,esp32-generic-c6,1.25.0,2025-06-01,micropython-esp32-esp32-generic-c6-stubs,1.25.0.post1
83,esp32,esp32-generic-c6,1.25.0,2025-06-01,micropython-esp32-esp32-generic-c6-stubs,1.25.0.post2
106,esp32,esp32-generic-c6,1.25.0,2025-06-01,micropython-esp32-esp32-generic-c6-stubs,1.25.0.post3
57,esp32,esp32-generic-c6,1.25.0,2025-06-01,micropython-esp32-esp32-generic-c6-stubs,1.25.0.post4
9,esp32,esp32-generic-s2,1.25.0,2025-06-01,micropython-esp32-esp32-generic-s2-stubs,1.25.0.post1
84,esp32,esp32-generic-s2,1.25.0,2025-06-01,micropython-esp32-esp32-generic-s2-stubs,1.25.0.post2
99,esp32,esp32-generic-s2,1.25.0,2025-06-01,micropython-esp32-esp32-generic-s2-stubs,1.25.0.post3
56,esp32,esp32-generic-s2,1.25.0,2025-06-01,micropython-esp32-esp32-generic-s2-stubs,1.25.0.post4
10,esp32,esp32-generic-s3,1.22.0,2025-06-01,micropython-esp32-esp32-generic-s3-stubs,1.22.0.post1
5,esp32,esp32-generic-s3,1.23.0,2025-06-01,micropython-esp32-esp32-generic-s3-stubs,1.23.0.post1
13,esp32,esp32-generic-s3,1.23.0,2025-06-01,micropython-esp32-esp32-generic-s3-stubs,1.23.0.post2
3,esp32,esp32-generic-s3,1.24.1,2025-06-01,micropython-esp32-esp32-generic-s3-stubs,1.24.1.post1
46,esp32,esp32-generic-s3,1.24.1,2025-06-01,micropython-esp32-esp32-generic-s3-stubs,1.24.1.post2
10,esp32,esp32-generic,1.21.0,2025-06-01,micropython-esp32-esp32-generic-stubs,1.21.0.post1
12,esp32,esp32-generic,1.21.0,2025-06-01,micropython-esp32-esp32-generic-stubs,1.21.0.post2
13,esp32,esp32-generic,1.22.0,2025-06-01,micropython-esp32-esp32-generic-stubs,1.22.0.post1
4,esp32,esp32-generic,1.23.0,2025-06-01,micropython-esp32-esp32-generic-stubs,1.23.0.post1
17,esp32,esp32-generic,1.23.0,2025-06-01,micropython-esp32-esp32-generic-stubs,1.23.0.post2
7,esp32,esp32-generic,1.24.1,2025-06-01,micropython-esp32-esp32-generic-stubs,1.24.1.post1
13,esp32,esp32-generic,1.24.1,2025-06-01,micropython-esp32-esp32-generic-stubs,1.24.1.post2
8,esp32,esp32-generic,1.25.0,2025-06-01,micropython-esp32-esp32-generic-stubs,1.25.0.post1
23,esp32,esp32-generic,1.25.0,2025-06-01,micropython-esp32-esp32-generic-stubs,1.25.0.post2
81,esp32,esp32-generic,1.25.0,2025-06-01,micropython-esp32-esp32-generic-stubs,1.25.0.post3
154,esp32,esp32-generic,1.25.0,2025-06-01,micropython-esp32-esp32-generic-stubs,1.25.0.post4
57,esp32,esp32-generic,1.25.0,2025-06-01,micropython-esp32-esp32-generic-stubs,1.25.0.post5
6,esp32,generic-ota,1.20.0,2025-06-01,micropython-esp32-generic-ota-stubs,1.20.0.post1
22,esp32,generic-ota,1.20.0,2025-06-01,micropython-esp32-generic-ota-stubs,1.20.0.post2
15,esp32,generic-s3,1.19.1,2025-06-01,micropython-esp32-generic-s3-stubs,1.19.1.post1
5,esp32,generic-s3,1.20.0,2025-06-01,micropython-esp32-generic-s3-stubs,1.20.0.post1
22,esp32,generic-s3,1.20.0,2025-06-01,micropython-esp32-generic-s3-stubs,1.20.0.post2
19,esp32,generic-spiram,1.19.1,2025-06-01,micropython-esp32-generic-spiram-stubs,1.19.1.post1
5,esp32,ota,1.20.0,2025-06-01,micropython-esp32-ota-stubs,1.20.0.post1
19,esp32,ota,1.20.0,2025-06-01,micropython-esp32-ota-stubs,1.20.0.post2
12,esp32,s3,1.19.1,2025-06-01,micropython-esp32-s3-stubs,1.19.1.post1
43,esp32,s3,1.20.0,2025-06-01,micropython-esp32-s3-stubs,1.20.0.post1
2,esp32,,1.17,2025-06-01,micropython-esp32-stubs,1.17.post1
4,esp32,,1.17,2025-06-01,micropython-esp32-stubs,1.17.post2
5,esp32,,1.17,2025-06-01,micropython-esp32-stubs,1.17.post3
7,esp32,,1.18,2025-06-01,micropython-esp32-stubs,1.18.post1
7,esp32,,1.18,2025-06-01,micropython-esp32-stubs,1.18.post2
6,esp32,,1.18,2025-06-01,micropython-esp32-stubs,1.18.post3
5,esp32,,1.19.1,2025-06-01,micropython-esp32-stubs,1.19.1.post10
82,esp32,,1.19.1,2025-06-01,micropython-esp32-stubs,1.19.1.post11
5,esp32,,1.19.1,2025-06-01,micropython-esp32-stubs,1.19.1.post12
6,esp32,,1.19.1,2025-06-01,micropython-esp32-stubs,1.19.1.post13
5,esp32,,1.19.1,2025-06-01,micropython-esp32-stubs,1.19.1.post14
15,esp32,,1.19.1,2025-06-01,micropython-esp32-stubs,1.19.1.post15
3,esp32,,1.19.1,2025-06-01,micropython-esp32-stubs,1.19.1.post2
5,esp32,,1.19.1,2025-06-01,micropython-esp32-stubs,1.19.1.post3
3,esp32,,1.19.1,2025-06-01,micropython-esp32-stubs,1.19.1.post4
3,esp32,,1.19.1,2025-06-01,micropython-esp32-stubs,1.19.1.post5
2,esp32,,1.19.1,2025-06-01,micropython-esp32-stubs,1.19.1.post6
7,esp32,,1.19.1,2025-06-01,micropython-esp32-stubs,1.19.1.post7
6,esp32,,1.19.1,2025-06-01,micropython-esp32-stubs,1.19.1.post8
3,esp32,,1.19.1,2025-06-01,micropython-esp32-stubs,1.19.1.post9
7,esp32,,1.20.0,2025-06-01,micropython-esp32-stubs,1.20.0.post1
6,esp32,,1.20.0,2025-06-01,micropython-esp32-stubs,1.20.0.post2
7,esp32,,1.20.0,2025-06-01,micropython-esp32-stubs,1.20.0.post3
5,esp32,,1.20.0,2025-06-01,micropython-esp32-stubs,1.20.0.post4
21,esp32,,1.20.0,2025-06-01,micropython-esp32-stubs,1.20.0.post5
5,esp32,,1.21.0,2025-06-01,micropython-esp32-stubs,1.21.0.post1
5,esp32,,1.21.0,2025-06-01,micropython-esp32-stubs,1.21.0.post2
5,esp32,,1.21.0,2025-06-01,micropython-esp32-stubs,1.21.0.post3
12,esp32,,1.21.0,2025-06-01,micropython-esp32-stubs,1.21.0.post4
6,esp32,,,2025-06-01,micropython-esp32-stubs,1.21.0a489
23,esp32,,1.22.0,2025-06-01,micropython-esp32-stubs,1.22.0.post1
6,esp32,,1.23.0,2025-06-01,micropython-esp32-stubs,1.23.0.post1
30,esp32,,1.23.0,2025-06-01,micropython-esp32-stubs,1.23.0.post2
10,esp32,,,2025-06-01,micropython-esp32-stubs,1.23.0a87
25,esp32,,1.24.1,2025-06-01,micropython-esp32-stubs,1.24.1.post1
262,esp32,,1.24.1,2025-06-01,micropython-esp32-stubs,1.24.1.post2
12,esp32,,1.25.0,2025-06-01,micropython-esp32-stubs,1.25.0.post1
64,esp32,,1.25.0,2025-06-01,micropython-esp32-stubs,1.25.0.post2
81,esp32,,1.25.0,2025-06-01,micropython-esp32-stubs,1.25.0.post3
542,esp32,,1.25.0,2025-06-01,micropython-esp32-stubs,1.25.0.post4
60,esp32,,1.25.0,2025-06-01,micropython-esp32-stubs,1.25.0.post5
3,esp32,um-tinypico,1.19.1,2025-06-01,micropython-esp32-um-tinypico-stubs,1.19.1.post2
7,esp32,um-tinypico,1.19.1,2025-06-01,micropython-esp32-um-tinypico-stubs,1.19.1.post3
3,esp32,um-tinypico,1.19.1,2025-06-01,micropython-esp32-um-tinypico-stubs,1.19.1.post4
6,esp32,um-tinypico,1.19.1,2025-06-01,micropython-esp32-um-tinypico-stubs,1.19.1.post5
3,esp32,um-tinypico,1.19.1,2025-06-01,micropython-esp32-um-tinypico-stubs,1.19.1.post6
8,esp32,um-tinypico,1.19.1,2025-06-01,micropython-esp32-um-tinypico-stubs,1.19.1.post7
19,esp32,um-tinypico,1.19.1,2025-06-01,micropython-esp32-um-tinypico-stubs,1.19.1.post8
5,esp8266,esp8266-generic,1.23.0,2025-06-01,micropython-esp8266-esp8266-generic-stubs,1.23.0.post1
14,esp8266,esp8266-generic,1.23.0,2025-06-01,micropython-esp8266-esp8266-generic-stubs,1.23.0.post2
12,esp8266,esp8266-generic,1.25.0,2025-06-01,micropython-esp8266-esp8266-generic-stubs,1.25.0.post1
82,esp8266,esp8266-generic,1.25.0,2025-06-01,micropython-esp8266-esp8266-generic-stubs,1.25.0.post2
112,esp8266,esp8266-generic,1.25.0,2025-06-01,micropython-esp8266-esp8266-generic-stubs,1.25.0.post3
56,esp8266,esp8266-generic,1.25.0,2025-06-01,micropython-esp8266-esp8266-generic-stubs,1.25.0.post4
2,esp8266,,1.17,2025-06-01,micropython-esp8266-stubs,1.17.post1
4,esp8266,,1.17,2025-06-01,micropython-esp8266-stubs,1.17.post2
4,esp8266,,1.17,2025-06-01,micropython-esp8266-stubs,1.17.post3
3,esp8266,,1.18,2025-06-01,micropython-esp8266-stubs,1.18.post1
5,esp8266,,1.18,2025-06-01,micropython-esp8266-stubs,1.18.post2
3,esp8266,,1.18,2025-06-01,micropython-esp8266-stubs,1.18.post3
2,esp8266,,1.18,2025-06-01,micropython-esp8266-stubs,1.18.post4
3,esp8266,,1.19.1,2025-06-01,micropython-esp8266-stubs,1.19.1.post1
8,esp8266,,1.19.1,2025-06-01,micropython-esp8266-stubs,1.19.1.post10
7,esp8266,,1.19.1,2025-06-01,micropython-esp8266-stubs,1.19.1.post11
10,esp8266,,1.19.1,2025-06-01,micropython-esp8266-stubs,1.19.1.post12
6,esp8266,,1.19.1,2025-06-01,micropython-esp8266-stubs,1.19.1.post2
5,esp8266,,1.19.1,2025-06-01,micropython-esp8266-stubs,1.19.1.post3
5,esp8266,,1.19.1,2025-06-01,micropython-esp8266-stubs,1.19.1.post4
3,esp8266,,1.19.1,2025-06-01,micropython-esp8266-stubs,1.19.1.post5
6,esp8266,,1.19.1,2025-06-01,micropython-esp8266-stubs,1.19.1.post6
6,esp8266,,1.19.1,2025-06-01,micropython-esp8266-stubs,1.19.1.post7
3,esp8266,,1.19.1,2025-06-01,micropython-esp8266-stubs,1.19.1.post8
5,esp8266,,1.19.1,2025-06-01,micropython-esp8266-stubs,1.19.1.post9
5,esp8266,,1.23.0,2025-06-01,micropython-esp8266-stubs,1.23.0.post1
15,esp8266,,1.23.0,2025-06-01,micropython-esp8266-stubs,1.23.0.post2
13,esp8266,,1.24.1,2025-06-01,micropython-esp8266-stubs,1.24.1.post1
15,esp8266,,1.25.0,2025-06-01,micropython-esp8266-stubs,1.25.0.post1
77,esp8266,,1.25.0,2025-06-01,micropython-esp8266-stubs,1.25.0.post2
186,esp8266,,1.25.0,2025-06-01,micropython-esp8266-stubs,1.25.0.post3
55,esp8266,,1.25.0,2025-06-01,micropython-esp8266-stubs,1.25.0.post4
8,rp2,arduino-nano-rp2040-connect,1.22.0,2025-06-01,micropython-rp2-arduino-nano-rp2040-connect-stubs,1.22.0.post1
7,rp2,arduino-nano-rp2040-connect,1.22.1,2025-06-01,micropython-rp2-arduino-nano-rp2040-connect-stubs,1.22.1.post1
10,rp2,arduino-nano-rp2040-connect,1.22.1,2025-06-01,micropython-rp2-arduino-nano-rp2040-connect-stubs,1.22.1.post2
4,rp2,arduino-nano-rp2040-connect,1.24.1,2025-06-01,micropython-rp2-arduino-nano-rp2040-connect-stubs,1.24.1.post1
29,rp2,arduino-nano-rp2040-connect,1.24.1,2025-06-01,micropython-rp2-arduino-nano-rp2040-connect-stubs,1.24.1.post2
6,rp2,pico,1.20.0,2025-06-01,micropython-rp2-pico-stubs,1.20.0.post1
4,rp2,pico,1.20.0,2025-06-01,micropython-rp2-pico-stubs,1.20.0.post2
6,rp2,pico,1.20.0,2025-06-01,micropython-rp2-pico-stubs,1.20.0.post3
8,rp2,pico,1.20.0,2025-06-01,micropython-rp2-pico-stubs,1.20.0.post4
189,rp2,pico,1.20.0,2025-06-01,micropython-rp2-pico-stubs,1.20.0.post5
4,rp2,pico-w,1.20.0,2025-06-01,micropython-rp2-pico-w-stubs,1.20.0.post1
8,rp2,pico-w,1.20.0,2025-06-01,micropython-rp2-pico-w-stubs,1.20.0.post2
7,rp2,pico-w,1.20.0,2025-06-01,micropython-rp2-pico-w-stubs,1.20.0.post3
5,rp2,pico-w,1.20.0,2025-06-01,micropython-rp2-pico-w-stubs,1.20.0.post4
546,rp2,pico-w,1.20.0,2025-06-01,micropython-rp2-pico-w-stubs,1.20.0.post5
5,rp2,pimoroni-picolipo-16mb,1.20.0,2025-06-01,micropython-rp2-pimoroni-picolipo-16mb-stubs,1.20.0.post1
5,rp2,pimoroni-picolipo-16mb,1.20.0,2025-06-01,micropython-rp2-pimoroni-picolipo-16mb-stubs,1.20.0.post2
12,rp2,pimoroni-picolipo-16mb,1.20.0,2025-06-01,micropython-rp2-pimoroni-picolipo-16mb-stubs,1.20.0.post3
18,rp2,pimoroni-picolipo-16mb,1.22.0,2025-06-01,micropython-rp2-pimoroni-picolipo-16mb-stubs,1.22.0.post1
5,rp2,rpi-pico,1.21.0,2025-06-01,micropython-rp2-rpi-pico-stubs,1.21.0.post1
6,rp2,rpi-pico,1.21.0,2025-06-01,micropython-rp2-rpi-pico-stubs,1.21.0.post2
10,rp2,rpi-pico,1.21.0,2025-06-01,micropython-rp2-rpi-pico-stubs,1.21.0.post3
5,rp2,rpi-pico,1.22.0,2025-06-01,micropython-rp2-rpi-pico-stubs,1.22.0.post1
4,rp2,rpi-pico,1.22.1,2025-06-01,micropython-rp2-rpi-pico-stubs,1.22.1.post1
11,rp2,rpi-pico,1.22.1,2025-06-01,micropython-rp2-rpi-pico-stubs,1.22.1.post2
6,rp2,rpi-pico,1.23.0,2025-06-01,micropython-rp2-rpi-pico-stubs,1.23.0.post1
12,rp2,rpi-pico,1.23.0,2025-06-01,micropython-rp2-rpi-pico-stubs,1.23.0.post2
8,rp2,rpi-pico,1.24.1,2025-06-01,micropython-rp2-rpi-pico-stubs,1.24.1.post1
15,rp2,rpi-pico,1.24.1,2025-06-01,micropython-rp2-rpi-pico-stubs,1.24.1.post2
22,rp2,rpi-pico,1.25.0,2025-06-01,micropython-rp2-rpi-pico-stubs,1.25.0.post1
138,rp2,rpi-pico,1.25.0,2025-06-01,micropython-rp2-rpi-pico-stubs,1.25.0.post2
56,rp2,rpi-pico,1.25.0,2025-06-01,micropython-rp2-rpi-pico-stubs,1.25.0.post3
5,rp2,rpi-pico-w,1.21.0,2025-06-01,micropython-rp2-rpi-pico-w-stubs,1.21.0.post1
6,rp2,rpi-pico-w,1.21.0,2025-06-01,micropython-rp2-rpi-pico-w-stubs,1.21.0.post2
10,rp2,rpi-pico-w,1.21.0,2025-06-01,micropython-rp2-rpi-pico-w-stubs,1.21.0.post3
5,rp2,rpi-pico-w,1.22.0,2025-06-01,micropython-rp2-rpi-pico-w-stubs,1.22.0.post1
5,rp2,rpi-pico-w,1.22.1,2025-06-01,micropython-rp2-rpi-pico-w-stubs,1.22.1.post1
13,rp2,rpi-pico-w,1.22.1,2025-06-01,micropython-rp2-rpi-pico-w-stubs,1.22.1.post2
6,rp2,rpi-pico-w,1.23.0,2025-06-01,micropython-rp2-rpi-pico-w-stubs,1.23.0.post1
14,rp2,rpi-pico-w,1.23.0,2025-06-01,micropython-rp2-rpi-pico-w-stubs,1.23.0.post2
14,rp2,rpi-pico-w,1.24.1,2025-06-01,micropython-rp2-rpi-pico-w-stubs,1.24.1.post1
38,rp2,rpi-pico-w,1.24.1,2025-06-01,micropython-rp2-rpi-pico-w-stubs,1.24.1.post2
102,rp2,rpi-pico-w,1.25.0,2025-06-01,micropython-rp2-rpi-pico-w-stubs,1.25.0.post1
85,rp2,rpi-pico-w,1.25.0,2025-06-01,micropython-rp2-rpi-pico-w-stubs,1.25.0.post2
216,rp2,rpi-pico-w,1.25.0,2025-06-01,micropython-rp2-rpi-pico-w-stubs,1.25.0.post3
59,rp2,rpi-pico-w,1.25.0,2025-06-01,micropython-rp2-rpi-pico-w-stubs,1.25.0.post4
5,rp2,rpi-pico2,1.24.1,2025-06-01,micropython-rp2-rpi-pico2-stubs,1.24.1.post1
13,rp2,rpi-pico2,1.24.1,2025-06-01,micropython-rp2-rpi-pico2-stubs,1.24.1.post2
14,rp2,rpi-pico2,1.25.0,2025-06-01,micropython-rp2-rpi-pico2-stubs,1.25.0.post1
116,rp2,rpi-pico2,1.25.0,2025-06-01,micropython-rp2-rpi-pico2-stubs,1.25.0.post2
54,rp2,rpi-pico2,1.25.0,2025-06-01,micropython-rp2-rpi-pico2-stubs,1.25.0.post3
12,rp2,rpi-pico2-w,1.25.0,2025-06-01,micropython-rp2-rpi-pico2-w-stubs,1.25.0.post1
80,rp2,rpi-pico2-w,1.25.0,2025-06-01,micropython-rp2-rpi-pico2-w-stubs,1.25.0.post2
132,rp2,rpi-pico2-w,1.25.0,2025-06-01,micropython-rp2-rpi-pico2-w-stubs,1.25.0.post3
55,rp2,rpi-pico2-w,1.25.0,2025-06-01,micropython-rp2-rpi-pico2-w-stubs,1.25.0.post4
5,rp2,,1.17,2025-06-01,micropython-rp2-stubs,1.17.post1
5,rp2,,1.17,2025-06-01,micropython-rp2-stubs,1.17.post2
4,rp2,,1.17,2025-06-01,micropython-rp2-stubs,1.17.post3
7,rp2,,1.18,2025-06-01,micropython-rp2-stubs,1.18.post1
3,rp2,,1.18,2025-06-01,micropython-rp2-stubs,1.18.post2
8,rp2,,1.18,2025-06-01,micropython-rp2-stubs,1.18.post3
6,rp2,,1.19.1,2025-06-01,micropython-rp2-stubs,1.19.1.post10
8,rp2,,1.19.1,2025-06-01,micropython-rp2-stubs,1.19.1.post11
8,rp2,,1.19.1,2025-06-01,micropython-rp2-stubs,1.19.1.post12
7,rp2,,1.19.1,2025-06-01,micropython-rp2-stubs,1.19.1.post13
13,rp2,,1.19.1,2025-06-01,micropython-rp2-stubs,1.19.1.post14
6,rp2,,1.19.1,2025-06-01,micropython-rp2-stubs,1.19.1.post6
6,rp2,,1.19.1,2025-06-01,micropython-rp2-stubs,1.19.1.post7
7,rp2,,1.19.1,2025-06-01,micropython-rp2-stubs,1.19.1.post8
7,rp2,,1.19.1,2025-06-01,micropython-rp2-stubs,1.19.1.post9
7,rp2,,1.20.0,2025-06-01,micropython-rp2-stubs,1.20.0.post1
6,rp2,,1.20.0,2025-06-01,micropython-rp2-stubs,1.20.0.post2
7,rp2,,1.20.0,2025-06-01,micropython-rp2-stubs,1.20.0.post3
7,rp2,,1.20.0,2025-06-01,micropython-rp2-stubs,1.20.0.post4
14,rp2,,1.20.0,2025-06-01,micropython-rp2-stubs,1.20.0.post5
10,rp2,,1.21.0,2025-06-01,micropython-rp2-stubs,1.21.0.post1
13,rp2,,1.21.0,2025-06-01,micropython-rp2-stubs,1.21.0.post2
11,rp2,,1.22.0,2025-06-01,micropython-rp2-stubs,1.22.0.post1
7,rp2,,1.22.1,2025-06-01,micropython-rp2-stubs,1.22.1.post1
23,rp2,,1.22.1,2025-06-01,micropython-rp2-stubs,1.22.1.post2
11,rp2,,1.23.0,2025-06-01,micropython-rp2-stubs,1.23.0.post1
13,rp2,,1.23.0,2025-06-01,micropython-rp2-stubs,1.23.0.post2
14,rp2,,1.24.1,2025-06-01,micropython-rp2-stubs,1.24.1.post1
13,rp2,,1.24.1,2025-06-01,micropython-rp2-stubs,1.24.1.post2
24,rp2,,1.25.0,2025-06-01,micropython-rp2-stubs,1.25.0.post1
190,rp2,,1.25.0,2025-06-01,micropython-rp2-stubs,1.25.0.post2
57,rp2,,1.25.0,2025-06-01,micropython-rp2-stubs,1.25.0.post3
7,samd,adafruit-feather-m4-express,1.20.0,2025-06-01,micropython-samd-adafruit-feather-m4-express-stubs,1.20.0.post1
4,samd,adafruit-feather-m4-express,1.20.0,2025-06-01,micropython-samd-adafruit-feather-m4-express-stubs,1.20.0.post2
6,samd,adafruit-feather-m4-express,1.20.0,2025-06-01,micropython-samd-adafruit-feather-m4-express-stubs,1.20.0.post3
16,samd,adafruit-feather-m4-express,1.20.0,2025-06-01,micropython-samd-adafruit-feather-m4-express-stubs,1.20.0.post4
4,samd,adafruit-itsybitsy-m4-express,1.20.0,2025-06-01,micropython-samd-adafruit-itsybitsy-m4-express-stubs,1.20.0.post1
4,samd,adafruit-itsybitsy-m4-express,1.20.0,2025-06-01,micropython-samd-adafruit-itsybitsy-m4-express-stubs,1.20.0.post2
3,samd,adafruit-itsybitsy-m4-express,1.20.0,2025-06-01,micropython-samd-adafruit-itsybitsy-m4-express-stubs,1.20.0.post3
15,samd,adafruit-itsybitsy-m4-express,1.20.0,2025-06-01,micropython-samd-adafruit-itsybitsy-m4-express-stubs,1.20.0.post4
4,samd,minisam-m4,1.20.0,2025-06-01,micropython-samd-minisam-m4-stubs,1.20.0.post1
3,samd,minisam-m4,1.20.0,2025-06-01,micropython-samd-minisam-m4-stubs,1.20.0.post2
3,samd,minisam-m4,1.20.0,2025-06-01,micropython-samd-minisam-m4-stubs,1.20.0.post3
14,samd,minisam-m4,1.20.0,2025-06-01,micropython-samd-minisam-m4-stubs,1.20.0.post4
3,samd,seeed-wio-terminal,1.20.0,2025-06-01,micropython-samd-seeed-wio-terminal-stubs,1.20.0.post1
6,samd,seeed-wio-terminal,1.20.0,2025-06-01,micropython-samd-seeed-wio-terminal-stubs,1.20.0.post2
7,samd,seeed-wio-terminal,1.20.0,2025-06-01,micropython-samd-seeed-wio-terminal-stubs,1.20.0.post3
5,samd,seeed-wio-terminal,1.20.0,2025-06-01,micropython-samd-seeed-wio-terminal-stubs,1.20.0.post4
9,samd,seeed-wio-terminal,1.20.0,2025-06-01,micropython-samd-seeed-wio-terminal-stubs,1.20.0.post5
4,samd,seeed-wio-terminal,1.21.0,2025-06-01,micropython-samd-seeed-wio-terminal-stubs,1.21.0.post1
7,samd,seeed-wio-terminal,1.21.0,2025-06-01,micropython-samd-seeed-wio-terminal-stubs,1.21.0.post2
12,samd,seeed-wio-terminal,1.21.0,2025-06-01,micropython-samd-seeed-wio-terminal-stubs,1.21.0.post3
6,samd,seeed-wio-terminal,1.22.0,2025-06-01,micropython-samd-seeed-wio-terminal-stubs,1.22.0.post1
10,samd,seeed-wio-terminal,1.22.1,2025-06-01,micropython-samd-seeed-wio-terminal-stubs,1.22.1.post1
7,samd,seeed-wio-terminal,1.23.0,2025-06-01,micropython-samd-seeed-wio-terminal-stubs,1.23.0.post1
15,samd,seeed-wio-terminal,1.23.0,2025-06-01,micropython-samd-seeed-wio-terminal-stubs,1.23.0.post2
4,samd,seeed-wio-terminal,1.24.1,2025-06-01,micropython-samd-seeed-wio-terminal-stubs,1.24.1.post1
12,samd,seeed-wio-terminal,1.24.1,2025-06-01,micropython-samd-seeed-wio-terminal-stubs,1.24.1.post2
13,samd,seeed-wio-terminal,1.25.0,2025-06-01,micropython-samd-seeed-wio-terminal-stubs,1.25.0.post1
117,samd,seeed-wio-terminal,1.25.0,2025-06-01,micropython-samd-seeed-wio-terminal-stubs,1.25.0.post2
54,samd,seeed-wio-terminal,1.25.0,2025-06-01,micropython-samd-seeed-wio-terminal-stubs,1.25.0.post3
5,samd,,1.20.0,2025-06-01,micropython-samd-stubs,1.20.0.post1
9,samd,,1.20.0,2025-06-01,micropython-samd-stubs,1.20.0.post2
4,samd,,1.21.0,2025-06-01,micropython-samd-stubs,1.21.0.post1
13,samd,,1.21.0,2025-06-01,micropython-samd-stubs,1.21.0.post2
4,samd,,1.22.0,2025-06-01,micropython-samd-stubs,1.22.0.post1
10,samd,,1.22.1,2025-06-01,micropython-samd-stubs,1.22.1.post1
5,samd,,1.23.0,2025-06-01,micropython-samd-stubs,1.23.0.post1
13,samd,,1.23.0,2025-06-01,micropython-samd-stubs,1.23.0.post2
5,samd,,,2025-06-01,micropython-samd-stubs,1.23.0a87
5,samd,,1.24.1,2025-06-01,micropython-samd-stubs,1.24.1.post1
11,samd,,1.24.1,2025-06-01,micropython-samd-stubs,1.24.1.post2
9,samd,,1.25.0,2025-06-01,micropython-samd-stubs,1.25.0.post1
104,samd,,1.25.0,2025-06-01,micropython-samd-stubs,1.25.0.post2
56,samd,,1.25.0,2025-06-01,micropython-samd-stubs,1.25.0.post3
81,stdlib,,,2025-06-01,micropython-stdlib-stubs,0.9.0
6,stdlib,,,2025-06-01,micropython-stdlib-stubs,1.0.0
5,stdlib,,,2025-06-01,micropython-stdlib-stubs,1.0.0rc2
4,stdlib,,,2025-06-01,micropython-stdlib-stubs,1.0.1a0
6,stdlib,,,2025-06-01,micropython-stdlib-stubs,1.0.1a1
5,stdlib,,,2025-06-01,micropython-stdlib-stubs,1.0.1a2
3,stdlib,,,2025-06-01,micropython-stdlib-stubs,1.1.0
4,stdlib,,,2025-06-01,micropython-stdlib-stubs,1.1.1
6,stdlib,,,2025-06-01,micropython-stdlib-stubs,1.1.1a2
17,stdlib,,,2025-06-01,micropython-stdlib-stubs,1.1.2
7,stdlib,,,2025-06-01,micropython-stdlib-stubs,1.1.2a0
5,stdlib,,,2025-06-01,micropython-stdlib-stubs,1.23.0
7,stdlib,,,2025-06-01,micropython-stdlib-stubs,1.24.0
23,stdlib,,,2025-06-01,micropython-stdlib-stubs,1.24.1
35,stdlib,,1.24.1,2025-06-01,micropython-stdlib-stubs,1.24.1.post2
2866,stdlib,,,2025-06-01,micropython-stdlib-stubs,1.25.0
6,stm32,pybv11,1.20.0,2025-06-01,micropython-stm32-pybv11-stubs,1.20.0.post1
4,stm32,pybv11,1.20.0,2025-06-01,micropython-stm32-pybv11-stubs,1.20.0.post2
4,stm32,pybv11,1.20.0,2025-06-01,micropython-stm32-pybv11-stubs,1.20.0.post3
5,stm32,pybv11,1.20.0,2025-06-01,micropython-stm32-pybv11-stubs,1.20.0.post4
6,stm32,pybv11,1.20.0,2025-06-01,micropython-stm32-pybv11-stubs,1.20.0.post5
13,stm32,pybv11,1.20.0,2025-06-01,micropython-stm32-pybv11-stubs,1.20.0.post6
7,stm32,pybv11,1.21.0,2025-06-01,micropython-stm32-pybv11-stubs,1.21.0.post1
3,stm32,pybv11,1.21.0,2025-06-01,micropython-stm32-pybv11-stubs,1.21.0.post2
13,stm32,pybv11,1.21.0,2025-06-01,micropython-stm32-pybv11-stubs,1.21.0.post3
7,stm32,pybv11,1.22.0,2025-06-01,micropython-stm32-pybv11-stubs,1.22.0.post1
11,stm32,pybv11,1.22.0,2025-06-01,micropython-stm32-pybv11-stubs,1.22.0.post2
11,stm32,pybv11,1.23.0,2025-06-01,micropython-stm32-pybv11-stubs,1.23.0.post1
18,stm32,pybv11,1.23.0,2025-06-01,micropython-stm32-pybv11-stubs,1.23.0.post2
8,stm32,pybv11,1.24.1,2025-06-01,micropython-stm32-pybv11-stubs,1.24.1.post1
14,stm32,pybv11,1.24.1,2025-06-01,micropython-stm32-pybv11-stubs,1.24.1.post2
12,stm32,pybv11,1.25.0,2025-06-01,micropython-stm32-pybv11-stubs,1.25.0.post1
111,stm32,pybv11,1.25.0,2025-06-01,micropython-stm32-pybv11-stubs,1.25.0.post2
57,stm32,pybv11,1.25.0,2025-06-01,micropython-stm32-pybv11-stubs,1.25.0.post3
6,stm32,,1.17,2025-06-01,micropython-stm32-stubs,1.17.post1
4,stm32,,1.17,2025-06-01,micropython-stm32-stubs,1.17.post2
4,stm32,,1.17,2025-06-01,micropython-stm32-stubs,1.17.post3
6,stm32,,1.18,2025-06-01,micropython-stm32-stubs,1.18.post1
4,stm32,,1.18,2025-06-01,micropython-stm32-stubs,1.18.post2
4,stm32,,1.18,2025-06-01,micropython-stm32-stubs,1.18.post3
4,stm32,,1.18,2025-06-01,micropython-stm32-stubs,1.18.post4
6,stm32,,1.19.1,2025-06-01,micropython-stm32-stubs,1.19.1.post1
7,stm32,,1.19.1,2025-06-01,micropython-stm32-stubs,1.19.1.post10
4,stm32,,1.19.1,2025-06-01,micropython-stm32-stubs,1.19.1.post11
26,stm32,,1.19.1,2025-06-01,micropython-stm32-stubs,1.19.1.post12
3,stm32,,1.19.1,2025-06-01,micropython-stm32-stubs,1.19.1.post2
5,stm32,,1.19.1,2025-06-01,micropython-stm32-stubs,1.19.1.post3
2,stm32,,1.19.1,2025-06-01,micropython-stm32-stubs,1.19.1.post4
2,stm32,,1.19.1,2025-06-01,micropython-stm32-stubs,1.19.1.post5
7,stm32,,1.19.1,2025-06-01,micropython-stm32-stubs,1.19.1.post6
6,stm32,,1.19.1,2025-06-01,micropython-stm32-stubs,1.19.1.post7
6,stm32,,1.19.1,2025-06-01,micropython-stm32-stubs,1.19.1.post8
5,stm32,,1.19.1,2025-06-01,micropython-stm32-stubs,1.19.1.post9
5,stm32,,1.20.0,2025-06-01,micropython-stm32-stubs,1.20.0.post1
8,stm32,,1.20.0,2025-06-01,micropython-stm32-stubs,1.20.0.post2
3,stm32,,1.20.0,2025-06-01,micropython-stm32-stubs,1.20.0.post3
7,stm32,,1.20.0,2025-06-01,micropython-stm32-stubs,1.20.0.post4
12,stm32,,1.20.0,2025-06-01,micropython-stm32-stubs,1.20.0.post5
4,stm32,,1.21.0,2025-06-01,micropython-stm32-stubs,1.21.0.post1
10,stm32,,1.21.0,2025-06-01,micropython-stm32-stubs,1.21.0.post2
14,stm32,,1.22.0,2025-06-01,micropython-stm32-stubs,1.22.0.post1
6,stm32,,1.23.0,2025-06-01,micropython-stm32-stubs,1.23.0.post1
11,stm32,,1.23.0,2025-06-01,micropython-stm32-stubs,1.23.0.post2
3,stm32,,1.24.1,2025-06-01,micropython-stm32-stubs,1.24.1.post1
20,stm32,,1.24.1,2025-06-01,micropython-stm32-stubs,1.24.1.post2
17,stm32,,1.25.0,2025-06-01,micropython-stm32-stubs,1.25.0.post1
425,stm32,,1.25.0,2025-06-01,micropython-stm32-stubs,1.25.0.post2
56,stm32,,1.25.0,2025-06-01,micropython-stm32-stubs,1.25.0.post3
10,unix,,1.20.0,2025-06-01,micropython-unix-stubs,1.20.0.post1
13,unix,,1.21.0,2025-06-01,micropython-unix-stubs,1.21.0.post1
6,unix,,1.24.1,2025-06-01,micropython-unix-stubs,1.24.1.post1
47,unix,,1.24.1,2025-06-01,micropython-unix-stubs,1.24.1.post2
3,webassembly,,1.21.0,2025-06-01,micropython-webassembly-stubs,1.21.0.post1
13,webassembly,,1.21.0,2025-06-01,micropython-webassembly-stubs,1.21.0.post2
8,webassembly,,1.24.1,2025-06-01,micropython-webassembly-stubs,1.24.1.post1
34,webassembly,,1.24.1,2025-06-01,micropython-webassembly-stubs,1.24.1.post2
4,windows,,1.20.0,2025-06-01,micropython-windows-stubs,1.20.0.post1
8,windows,,1.21.0,2025-06-01,micropython-windows-stubs,1.21.0.post1
7,windows,,1.24.1,2025-06-01,micropython-windows-stubs,1.24.1.post1
6,windows,,1.24.1,2025-06-01,micropython-windows-stubs,1.24.1.post2
21,windows,,1.24.1,2025-06-01,micropython-windows-stubs,1.24.1.post3
5,esp32,esp32-generic-c3,1.23.0,2025-07-01,micropython-esp32-esp32-generic-c3-stubs,1.23.0.post1
50,esp32,esp32-generic-c3,1.23.0,2025-07-01,micropython-esp32-esp32-generic-c3-stubs,1.23.0.post2
4,esp32,esp32-generic-c6,1.24.1,2025-07-01,micropython-esp32-esp32-generic-c6-stubs,1.24.1.post1
11,esp32,esp32-generic-c6,1.24.1,2025-07-01,micropython-esp32-esp32-generic-c6-stubs,1.24.1.post2
5,esp32,esp32-generic-c6,1.25.0,2025-07-01,micropython-esp32-esp32-generic-c6-stubs,1.25.0.post1
9,esp32,esp32-generic-c6,1.25.0,2025-07-01,micropython-esp32-esp32-generic-c6-stubs,1.25.0.post2
9,esp32,esp32-generic-c6,1.25.0,2025-07-01,micropython-esp32-esp32-generic-c6-stubs,1.25.0.post3
53,esp32,esp32-generic-c6,1.25.0,2025-07-01,micropython-esp32-esp32-generic-c6-stubs,1.25.0.post4
7,esp32,esp32-generic-s2,1.25.0,2025-07-01,micropython-esp32-esp32-generic-s2-stubs,1.25.0.post1
16,esp32,esp32-generic-s2,1.25.0,2025-07-01,micropython-esp32-esp32-generic-s2-stubs,1.25.0.post2
13,esp32,esp32-generic-s2,1.25.0,2025-07-01,micropython-esp32-esp32-generic-s2-stubs,1.25.0.post3
51,esp32,esp32-generic-s2,1.25.0,2025-07-01,micropython-esp32-esp32-generic-s2-stubs,1.25.0.post4
11,esp32,esp32-generic-s3,1.22.0,2025-07-01,micropython-esp32-esp32-generic-s3-stubs,1.22.0.post1
5,esp32,esp32-generic-s3,1.23.0,2025-07-01,micropython-esp32-esp32-generic-s3-stubs,1.23.0.post1
15,esp32,esp32-generic-s3,1.23.0,2025-07-01,micropython-esp32-esp32-generic-s3-stubs,1.23.0.post2
8,esp32,esp32-generic-s3,1.24.1,2025-07-01,micropython-esp32-esp32-generic-s3-stubs,1.24.1.post1
59,esp32,esp32-generic-s3,1.24.1,2025-07-01,micropython-esp32-esp32-generic-s3-stubs,1.24.1.post2
7,esp32,esp32-generic,1.21.0,2025-07-01,micropython-esp32-esp32-generic-stubs,1.21.0.post1
10,esp32,esp32-generic,1.21.0,2025-07-01,micropython-esp32-esp32-generic-stubs,1.21.0.post2
14,esp32,esp32-generic,1.22.0,2025-07-01,micropython-esp32-esp32-generic-stubs,1.22.0.post1
5,esp32,esp32-generic,1.23.0,2025-07-01,micropython-esp32-esp32-generic-stubs,1.23.0.post1
10,esp32,esp32-generic,1.23.0,2025-07-01,micropython-esp32-esp32-generic-stubs,1.23.0.post2
4,esp32,esp32-generic,1.24.1,2025-07-01,micropython-esp32-esp32-generic-stubs,1.24.1.post1
10,esp32,esp32-generic,1.24.1,2025-07-01,micropython-esp32-esp32-generic-stubs,1.24.1.post2
5,esp32,esp32-generic,1.25.0,2025-07-01,micropython-esp32-esp32-generic-stubs,1.25.0.post1
4,esp32,esp32-generic,1.25.0,2025-07-01,micropython-esp32-esp32-generic-stubs,1.25.0.post2
12,esp32,esp32-generic,1.25.0,2025-07-01,micropython-esp32-esp32-generic-stubs,1.25.0.post3
14,esp32,esp32-generic,1.25.0,2025-07-01,micropython-esp32-esp32-generic-stubs,1.25.0.post4
74,esp32,esp32-generic,1.25.0,2025-07-01,micropython-esp32-esp32-generic-stubs,1.25.0.post5
2,esp32,generic-ota,1.20.0,2025-07-01,micropython-esp32-generic-ota-stubs,1.20.0.post1
20,esp32,generic-ota,1.20.0,2025-07-01,micropython-esp32-generic-ota-stubs,1.20.0.post2
13,esp32,generic-s3,1.19.1,2025-07-01,micropython-esp32-generic-s3-stubs,1.19.1.post1
5,esp32,generic-s3,1.20.0,2025-07-01,micropython-esp32-generic-s3-stubs,1.20.0.post1
26,esp32,generic-s3,1.20.0,2025-07-01,micropython-esp32-generic-s3-stubs,1.20.0.post2
18,esp32,generic-spiram,1.19.1,2025-07-01,micropython-esp32-generic-spiram-stubs,1.19.1.post1
10,esp32,ota,1.20.0,2025-07-01,micropython-esp32-ota-stubs,1.20.0.post1
20,esp32,ota,1.20.0,2025-07-01,micropython-esp32-ota-stubs,1.20.0.post2
10,esp32,s3,1.19.1,2025-07-01,micropython-esp32-s3-stubs,1.19.1.post1
28,esp32,s3,1.20.0,2025-07-01,micropython-esp32-s3-stubs,1.20.0.post1
5,esp32,,1.17,2025-07-01,micropython-esp32-stubs,1.17.post1
8,esp32,,1.17,2025-07-01,micropython-esp32-stubs,1.17.post2
4,esp32,,1.17,2025-07-01,micropython-esp32-stubs,1.17.post3
7,esp32,,1.18,2025-07-01,micropython-esp32-stubs,1.18.post1
6,esp32,,1.18,2025-07-01,micropython-esp32-stubs,1.18.post2
3,esp32,,1.18,2025-07-01,micropython-esp32-stubs,1.18.post3
3,esp32,,1.19.1,2025-07-01,micropython-esp32-stubs,1.19.1.post10
233,esp32,,1.19.1,2025-07-01,micropython-esp32-stubs,1.19.1.post11
6,esp32,,1.19.1,2025-07-01,micropython-esp32-stubs,1.19.1.post12
5,esp32,,1.19.1,2025-07-01,micropython-esp32-stubs,1.19.1.post13
5,esp32,,1.19.1,2025-07-01,micropython-esp32-stubs,1.19.1.post14
16,esp32,,1.19.1,2025-07-01,micropython-esp32-stubs,1.19.1.post15
4,esp32,,1.19.1,2025-07-01,micropython-esp32-stubs,1.19.1.post2
6,esp32,,1.19.1,2025-07-01,micropython-esp32-stubs,1.19.1.post3
7,esp32,,1.19.1,2025-07-01,micropython-esp32-stubs,1.19.1.post4
9,esp32,,1.19.1,2025-07-01,micropython-esp32-stubs,1.19.1.post5
8,esp32,,1.19.1,2025-07-01,micropython-esp32-stubs,1.19.1.post6
7,esp32,,1.19.1,2025-07-01,micropython-esp32-stubs,1.19.1.post7
6,esp32,,1.19.1,2025-07-01,micropython-esp32-stubs,1.19.1.post8
8,esp32,,1.19.1,2025-07-01,micropython-esp32-stubs,1.19.1.post9
2,esp32,,1.20.0,2025-07-01,micropython-esp32-stubs,1.20.0.post1
3,esp32,,1.20.0,2025-07-01,micropython-esp32-stubs,1.20.0.post2
9,esp32,,1.20.0,2025-07-01,micropython-esp32-stubs,1.20.0.post3
5,esp32,,1.20.0,2025-07-01,micropython-esp32-stubs,1.20.0.post4
24,esp32,,1.20.0,2025-07-01,micropython-esp32-stubs,1.20.0.post5
5,esp32,,1.21.0,2025-07-01,micropython-esp32-stubs,1.21.0.post1
3,esp32,,1.21.0,2025-07-01,micropython-esp32-stubs,1.21.0.post2
3,esp32,,1.21.0,2025-07-01,micropython-esp32-stubs,1.21.0.post3
11,esp32,,1.21.0,2025-07-01,micropython-esp32-stubs,1.21.0.post4
7,esp32,,,2025-07-01,micropython-esp32-stubs,1.21.0a489
14,esp32,,1.22.0,2025-07-01,micropython-esp32-stubs,1.22.0.post1
38,esp32,,1.23.0,2025-07-01,micropython-esp32-stubs,1.23.0.post1
12,esp32,,1.23.0,2025-07-01,micropython-esp32-stubs,1.23.0.post2
9,esp32,,,2025-07-01,micropython-esp32-stubs,1.23.0a87
12,esp32,,1.24.1,2025-07-01,micropython-esp32-stubs,1.24.1.post1
18,esp32,,1.24.1,2025-07-01,micropython-esp32-stubs,1.24.1.post2
11,esp32,,1.25.0,2025-07-01,micropython-esp32-stubs,1.25.0.post1
23,esp32,,1.25.0,2025-07-01,micropython-esp32-stubs,1.25.0.post2
12,esp32,,1.25.0,2025-07-01,micropython-esp32-stubs,1.25.0.post3
13,esp32,,1.25.0,2025-07-01,micropython-esp32-stubs,1.25.0.post4
528,esp32,,1.25.0,2025-07-01,micropython-esp32-stubs,1.25.0.post5
6,esp32,um-tinypico,1.19.1,2025-07-01,micropython-esp32-um-tinypico-stubs,1.19.1.post2
2,esp32,um-tinypico,1.19.1,2025-07-01,micropython-esp32-um-tinypico-stubs,1.19.1.post3
3,esp32,um-tinypico,1.19.1,2025-07-01,micropython-esp32-um-tinypico-stubs,1.19.1.post4
4,esp32,um-tinypico,1.19.1,2025-07-01,micropython-esp32-um-tinypico-stubs,1.19.1.post5
2,esp32,um-tinypico,1.19.1,2025-07-01,micropython-esp32-um-tinypico-stubs,1.19.1.post6
5,esp32,um-tinypico,1.19.1,2025-07-01,micropython-esp32-um-tinypico-stubs,1.19.1.post7
14,esp32,um-tinypico,1.19.1,2025-07-01,micropython-esp32-um-tinypico-stubs,1.19.1.post8
5,esp8266,esp8266-generic,1.23.0,2025-07-01,micropython-esp8266-esp8266-generic-stubs,1.23.0.post1
12,esp8266,esp8266-generic,1.23.0,2025-07-01,micropython-esp8266-esp8266-generic-stubs,1.23.0.post2
5,esp8266,esp8266-generic,1.25.0,2025-07-01,micropython-esp8266-esp8266-generic-stubs,1.25.0.post1
9,esp8266,esp8266-generic,1.25.0,2025-07-01,micropython-esp8266-esp8266-generic-stubs,1.25.0.post2
7,esp8266,esp8266-generic,1.25.0,2025-07-01,micropython-esp8266-esp8266-generic-stubs,1.25.0.post3
78,esp8266,esp8266-generic,1.25.0,2025-07-01,micropython-esp8266-esp8266-generic-stubs,1.25.0.post4
2,esp8266,,1.17,2025-07-01,micropython-esp8266-stubs,1.17.post1
5,esp8266,,1.17,2025-07-01,micropython-esp8266-stubs,1.17.post2
7,esp8266,,1.17,2025-07-01,micropython-esp8266-stubs,1.17.post3
5,esp8266,,1.18,2025-07-01,micropython-esp8266-stubs,1.18.post1
6,esp8266,,1.18,2025-07-01,micropython-esp8266-stubs,1.18.post2
1,esp8266,,1.18,2025-07-01,micropython-esp8266-stubs,1.18.post3
2,esp8266,,1.18,2025-07-01,micropython-esp8266-stubs,1.18.post4
1,esp8266,,1.19.1,2025-07-01,micropython-esp8266-stubs,1.19.1.post1
5,esp8266,,1.19.1,2025-07-01,micropython-esp8266-stubs,1.19.1.post10
8,esp8266,,1.19.1,2025-07-01,micropython-esp8266-stubs,1.19.1.post11
7,esp8266,,1.19.1,2025-07-01,micropython-esp8266-stubs,1.19.1.post12
5,esp8266,,1.19.1,2025-07-01,micropython-esp8266-stubs,1.19.1.post2
9,esp8266,,1.19.1,2025-07-01,micropython-esp8266-stubs,1.19.1.post3
4,esp8266,,1.19.1,2025-07-01,micropython-esp8266-stubs,1.19.1.post4
3,esp8266,,1.19.1,2025-07-01,micropython-esp8266-stubs,1.19.1.post5
6,esp8266,,1.19.1,2025-07-01,micropython-esp8266-stubs,1.19.1.post6
7,esp8266,,1.19.1,2025-07-01,micropython-esp8266-stubs,1.19.1.post7
6,esp8266,,1.19.1,2025-07-01,micropython-esp8266-stubs,1.19.1.post8
12,esp8266,,1.19.1,2025-07-01,micropython-esp8266-stubs,1.19.1.post9
9,esp8266,,1.23.0,2025-07-01,micropython-esp8266-stubs,1.23.0.post1
16,esp8266,,1.23.0,2025-07-01,micropython-esp8266-stubs,1.23.0.post2
10,esp8266,,1.24.1,2025-07-01,micropython-esp8266-stubs,1.24.1.post1
5,esp8266,,1.25.0,2025-07-01,micropython-esp8266-stubs,1.25.0.post1
11,esp8266,,1.25.0,2025-07-01,micropython-esp8266-stubs,1.25.0.post2
15,esp8266,,1.25.0,2025-07-01,micropython-esp8266-stubs,1.25.0.post3
130,esp8266,,1.25.0,2025-07-01,micropython-esp8266-stubs,1.25.0.post4
4,rp2,arduino-nano-rp2040-connect,1.22.0,2025-07-01,micropython-rp2-arduino-nano-rp2040-connect-stubs,1.22.0.post1
5,rp2,arduino-nano-rp2040-connect,1.22.1,2025-07-01,micropython-rp2-arduino-nano-rp2040-connect-stubs,1.22.1.post1
7,rp2,arduino-nano-rp2040-connect,1.22.1,2025-07-01,micropython-rp2-arduino-nano-rp2040-connect-stubs,1.22.1.post2
4,rp2,arduino-nano-rp2040-connect,1.24.1,2025-07-01,micropython-rp2-arduino-nano-rp2040-connect-stubs,1.24.1.post1
25,rp2,arduino-nano-rp2040-connect,1.24.1,2025-07-01,micropython-rp2-arduino-nano-rp2040-connect-stubs,1.24.1.post2
4,rp2,pico,1.20.0,2025-07-01,micropython-rp2-pico-stubs,1.20.0.post1
3,rp2,pico,1.20.0,2025-07-01,micropython-rp2-pico-stubs,1.20.0.post2
4,rp2,pico,1.20.0,2025-07-01,micropython-rp2-pico-stubs,1.20.0.post3
6,rp2,pico,1.20.0,2025-07-01,micropython-rp2-pico-stubs,1.20.0.post4
239,rp2,pico,1.20.0,2025-07-01,micropython-rp2-pico-stubs,1.20.0.post5
3,rp2,pico-w,1.20.0,2025-07-01,micropython-rp2-pico-w-stubs,1.20.0.post1
3,rp2,pico-w,1.20.0,2025-07-01,micropython-rp2-pico-w-stubs,1.20.0.post2
6,rp2,pico-w,1.20.0,2025-07-01,micropython-rp2-pico-w-stubs,1.20.0.post3
3,rp2,pico-w,1.20.0,2025-07-01,micropython-rp2-pico-w-stubs,1.20.0.post4
251,rp2,pico-w,1.20.0,2025-07-01,micropython-rp2-pico-w-stubs,1.20.0.post5
8,rp2,pimoroni-picolipo-16mb,1.20.0,2025-07-01,micropython-rp2-pimoroni-picolipo-16mb-stubs,1.20.0.post1
5,rp2,pimoroni-picolipo-16mb,1.20.0,2025-07-01,micropython-rp2-pimoroni-picolipo-16mb-stubs,1.20.0.post2
11,rp2,pimoroni-picolipo-16mb,1.20.0,2025-07-01,micropython-rp2-pimoroni-picolipo-16mb-stubs,1.20.0.post3
18,rp2,pimoroni-picolipo-16mb,1.22.0,2025-07-01,micropython-rp2-pimoroni-picolipo-16mb-stubs,1.22.0.post1
5,rp2,rpi-pico,1.21.0,2025-07-01,micropython-rp2-rpi-pico-stubs,1.21.0.post1
1,rp2,rpi-pico,1.21.0,2025-07-01,micropython-rp2-rpi-pico-stubs,1.21.0.post2
11,rp2,rpi-pico,1.21.0,2025-07-01,micropython-rp2-rpi-pico-stubs,1.21.0.post3
3,rp2,rpi-pico,1.22.0,2025-07-01,micropython-rp2-rpi-pico-stubs,1.22.0.post1
3,rp2,rpi-pico,1.22.1,2025-07-01,micropython-rp2-rpi-pico-stubs,1.22.1.post1
14,rp2,rpi-pico,1.22.1,2025-07-01,micropython-rp2-rpi-pico-stubs,1.22.1.post2
6,rp2,rpi-pico,1.23.0,2025-07-01,micropython-rp2-rpi-pico-stubs,1.23.0.post1
9,rp2,rpi-pico,1.23.0,2025-07-01,micropython-rp2-rpi-pico-stubs,1.23.0.post2
2,rp2,rpi-pico,1.24.1,2025-07-01,micropython-rp2-rpi-pico-stubs,1.24.1.post1
7,rp2,rpi-pico,1.24.1,2025-07-01,micropython-rp2-rpi-pico-stubs,1.24.1.post2
4,rp2,rpi-pico,1.25.0,2025-07-01,micropython-rp2-rpi-pico-stubs,1.25.0.post1
13,rp2,rpi-pico,1.25.0,2025-07-01,micropython-rp2-rpi-pico-stubs,1.25.0.post2
101,rp2,rpi-pico,1.25.0,2025-07-01,micropython-rp2-rpi-pico-stubs,1.25.0.post3
6,rp2,rpi-pico-w,1.21.0,2025-07-01,micropython-rp2-rpi-pico-w-stubs,1.21.0.post1
4,rp2,rpi-pico-w,1.21.0,2025-07-01,micropython-rp2-rpi-pico-w-stubs,1.21.0.post2
12,rp2,rpi-pico-w,1.21.0,2025-07-01,micropython-rp2-rpi-pico-w-stubs,1.21.0.post3
2,rp2,rpi-pico-w,1.22.0,2025-07-01,micropython-rp2-rpi-pico-w-stubs,1.22.0.post1
1,rp2,rpi-pico-w,1.22.1,2025-07-01,micropython-rp2-rpi-pico-w-stubs,1.22.1.post1
7,rp2,rpi-pico-w,1.22.1,2025-07-01,micropython-rp2-rpi-pico-w-stubs,1.22.1.post2
3,rp2,rpi-pico-w,1.23.0,2025-07-01,micropython-rp2-rpi-pico-w-stubs,1.23.0.post1
12,rp2,rpi-pico-w,1.23.0,2025-07-01,micropython-rp2-rpi-pico-w-stubs,1.23.0.post2
3,rp2,rpi-pico-w,1.24.1,2025-07-01,micropython-rp2-rpi-pico-w-stubs,1.24.1.post1
34,rp2,rpi-pico-w,1.24.1,2025-07-01,micropython-rp2-rpi-pico-w-stubs,1.24.1.post2
7,rp2,rpi-pico-w,1.25.0,2025-07-01,micropython-rp2-rpi-pico-w-stubs,1.25.0.post1
10,rp2,rpi-pico-w,1.25.0,2025-07-01,micropython-rp2-rpi-pico-w-stubs,1.25.0.post2
13,rp2,rpi-pico-w,1.25.0,2025-07-01,micropython-rp2-rpi-pico-w-stubs,1.25.0.post3
137,rp2,rpi-pico-w,1.25.0,2025-07-01,micropython-rp2-rpi-pico-w-stubs,1.25.0.post4
5,rp2,rpi-pico2,1.24.1,2025-07-01,micropython-rp2-rpi-pico2-stubs,1.24.1.post1
13,rp2,rpi-pico2,1.24.1,2025-07-01,micropython-rp2-rpi-pico2-stubs,1.24.1.post2
7,rp2,rpi-pico2,1.25.0,2025-07-01,micropython-rp2-rpi-pico2-stubs,1.25.0.post1
13,rp2,rpi-pico2,1.25.0,2025-07-01,micropython-rp2-rpi-pico2-stubs,1.25.0.post2
53,rp2,rpi-pico2,1.25.0,2025-07-01,micropython-rp2-rpi-pico2-stubs,1.25.0.post3
5,rp2,rpi-pico2-w,1.25.0,2025-07-01,micropython-rp2-rpi-pico2-w-stubs,1.25.0.post1
9,rp2,rpi-pico2-w,1.25.0,2025-07-01,micropython-rp2-rpi-pico2-w-stubs,1.25.0.post2
73,rp2,rpi-pico2-w,1.25.0,2025-07-01,micropython-rp2-rpi-pico2-w-stubs,1.25.0.post3
87,rp2,rpi-pico2-w,1.25.0,2025-07-01,micropython-rp2-rpi-pico2-w-stubs,1.25.0.post4
4,rp2,,1.17,2025-07-01,micropython-rp2-stubs,1.17.post1
4,rp2,,1.17,2025-07-01,micropython-rp2-stubs,1.17.post2
1,rp2,,1.17,2025-07-01,micropython-rp2-stubs,1.17.post3
2,rp2,,1.18,2025-07-01,micropython-rp2-stubs,1.18.post1
4,rp2,,1.18,2025-07-01,micropython-rp2-stubs,1.18.post2
6,rp2,,1.18,2025-07-01,micropython-rp2-stubs,1.18.post3
4,rp2,,1.19.1,2025-07-01,micropython-rp2-stubs,1.19.1.post10
5,rp2,,1.19.1,2025-07-01,micropython-rp2-stubs,1.19.1.post11
6,rp2,,1.19.1,2025-07-01,micropython-rp2-stubs,1.19.1.post12
3,rp2,,1.19.1,2025-07-01,micropython-rp2-stubs,1.19.1.post13
14,rp2,,1.19.1,2025-07-01,micropython-rp2-stubs,1.19.1.post14
7,rp2,,1.19.1,2025-07-01,micropython-rp2-stubs,1.19.1.post6
5,rp2,,1.19.1,2025-07-01,micropython-rp2-stubs,1.19.1.post7
5,rp2,,1.19.1,2025-07-01,micropython-rp2-stubs,1.19.1.post8
7,rp2,,1.19.1,2025-07-01,micropython-rp2-stubs,1.19.1.post9
4,rp2,,1.20.0,2025-07-01,micropython-rp2-stubs,1.20.0.post1
10,rp2,,1.20.0,2025-07-01,micropython-rp2-stubs,1.20.0.post2
6,rp2,,1.20.0,2025-07-01,micropython-rp2-stubs,1.20.0.post3
4,rp2,,1.20.0,2025-07-01,micropython-rp2-stubs,1.20.0.post4
14,rp2,,1.20.0,2025-07-01,micropython-rp2-stubs,1.20.0.post5
7,rp2,,1.21.0,2025-07-01,micropython-rp2-stubs,1.21.0.post1
9,rp2,,1.21.0,2025-07-01,micropython-rp2-stubs,1.21.0.post2
5,rp2,,1.22.0,2025-07-01,micropython-rp2-stubs,1.22.0.post1
6,rp2,,1.22.1,2025-07-01,micropython-rp2-stubs,1.22.1.post1
27,rp2,,1.22.1,2025-07-01,micropython-rp2-stubs,1.22.1.post2
5,rp2,,1.23.0,2025-07-01,micropython-rp2-stubs,1.23.0.post1
14,rp2,,1.23.0,2025-07-01,micropython-rp2-stubs,1.23.0.post2
7,rp2,,1.24.1,2025-07-01,micropython-rp2-stubs,1.24.1.post1
9,rp2,,1.24.1,2025-07-01,micropython-rp2-stubs,1.24.1.post2
4,rp2,,1.25.0,2025-07-01,micropython-rp2-stubs,1.25.0.post1
14,rp2,,1.25.0,2025-07-01,micropython-rp2-stubs,1.25.0.post2
191,rp2,,1.25.0,2025-07-01,micropython-rp2-stubs,1.25.0.post3
6,samd,adafruit-feather-m4-express,1.20.0,2025-07-01,micropython-samd-adafruit-feather-m4-express-stubs,1.20.0.post1
3,samd,adafruit-feather-m4-express,1.20.0,2025-07-01,micropython-samd-adafruit-feather-m4-express-stubs,1.20.0.post2
4,samd,adafruit-feather-m4-express,1.20.0,2025-07-01,micropython-samd-adafruit-feather-m4-express-stubs,1.20.0.post3
18,samd,adafruit-feather-m4-express,1.20.0,2025-07-01,micropython-samd-adafruit-feather-m4-express-stubs,1.20.0.post4
3,samd,adafruit-itsybitsy-m4-express,1.20.0,2025-07-01,micropython-samd-adafruit-itsybitsy-m4-express-stubs,1.20.0.post1
4,samd,adafruit-itsybitsy-m4-express,1.20.0,2025-07-01,micropython-samd-adafruit-itsybitsy-m4-express-stubs,1.20.0.post2
2,samd,adafruit-itsybitsy-m4-express,1.20.0,2025-07-01,micropython-samd-adafruit-itsybitsy-m4-express-stubs,1.20.0.post3
12,samd,adafruit-itsybitsy-m4-express,1.20.0,2025-07-01,micropython-samd-adafruit-itsybitsy-m4-express-stubs,1.20.0.post4
3,samd,minisam-m4,1.20.0,2025-07-01,micropython-samd-minisam-m4-stubs,1.20.0.post2
11,samd,minisam-m4,1.20.0,2025-07-01,micropython-samd-minisam-m4-stubs,1.20.0.post4
7,samd,seeed-wio-terminal,1.20.0,2025-07-01,micropython-samd-seeed-wio-terminal-stubs,1.20.0.post1
3,samd,seeed-wio-terminal,1.20.0,2025-07-01,micropython-samd-seeed-wio-terminal-stubs,1.20.0.post2
2,samd,seeed-wio-terminal,1.20.0,2025-07-01,micropython-samd-seeed-wio-terminal-stubs,1.20.0.post3
7,samd,seeed-wio-terminal,1.20.0,2025-07-01,micropython-samd-seeed-wio-terminal-stubs,1.20.0.post4
12,samd,seeed-wio-terminal,1.20.0,2025-07-01,micropython-samd-seeed-wio-terminal-stubs,1.20.0.post5
4,samd,seeed-wio-terminal,1.21.0,2025-07-01,micropython-samd-seeed-wio-terminal-stubs,1.21.0.post1
4,samd,seeed-wio-terminal,1.21.0,2025-07-01,micropython-samd-seeed-wio-terminal-stubs,1.21.0.post2
8,samd,seeed-wio-terminal,1.21.0,2025-07-01,micropython-samd-seeed-wio-terminal-stubs,1.21.0.post3
6,samd,seeed-wio-terminal,1.22.0,2025-07-01,micropython-samd-seeed-wio-terminal-stubs,1.22.0.post1
12,samd,seeed-wio-terminal,1.22.1,2025-07-01,micropython-samd-seeed-wio-terminal-stubs,1.22.1.post1
2,samd,seeed-wio-terminal,1.23.0,2025-07-01,micropython-samd-seeed-wio-terminal-stubs,1.23.0.post1
10,samd,seeed-wio-terminal,1.23.0,2025-07-01,micropython-samd-seeed-wio-terminal-stubs,1.23.0.post2
4,samd,seeed-wio-terminal,1.24.1,2025-07-01,micropython-samd-seeed-wio-terminal-stubs,1.24.1.post1
7,samd,seeed-wio-terminal,1.24.1,2025-07-01,micropython-samd-seeed-wio-terminal-stubs,1.24.1.post2
2,samd,seeed-wio-terminal,1.25.0,2025-07-01,micropython-samd-seeed-wio-terminal-stubs,1.25.0.post1
12,samd,seeed-wio-terminal,1.25.0,2025-07-01,micropython-samd-seeed-wio-terminal-stubs,1.25.0.post2
44,samd,seeed-wio-terminal,1.25.0,2025-07-01,micropython-samd-seeed-wio-terminal-stubs,1.25.0.post3
4,samd,,1.20.0,2025-07-01,micropython-samd-stubs,1.20.0.post1
15,samd,,1.20.0,2025-07-01,micropython-samd-stubs,1.20.0.post2
3,samd,,1.21.0,2025-07-01,micropython-samd-stubs,1.21.0.post1
11,samd,,1.21.0,2025-07-01,micropython-samd-stubs,1.21.0.post2
4,samd,,1.22.0,2025-07-01,micropython-samd-stubs,1.22.0.post1
11,samd,,1.22.1,2025-07-01,micropython-samd-stubs,1.22.1.post1
3,samd,,1.23.0,2025-07-01,micropython-samd-stubs,1.23.0.post1
11,samd,,1.23.0,2025-07-01,micropython-samd-stubs,1.23.0.post2
8,samd,,,2025-07-01,micropython-samd-stubs,1.23.0a87
4,samd,,1.24.1,2025-07-01,micropython-samd-stubs,1.24.1.post1
10,samd,,1.24.1,2025-07-01,micropython-samd-stubs,1.24.1.post2
4,samd,,1.25.0,2025-07-01,micropython-samd-stubs,1.25.0.post1
11,samd,,1.25.0,2025-07-01,micropython-samd-stubs,1.25.0.post2
43,samd,,1.25.0,2025-07-01,micropython-samd-stubs,1.25.0.post3
234,stdlib,,,2025-07-01,micropython-stdlib-stubs,0.9.0
3,stdlib,,,2025-07-01,micropython-stdlib-stubs,1.0.0
7,stdlib,,,2025-07-01,micropython-stdlib-stubs,1.0.0rc2
5,stdlib,,,2025-07-01,micropython-stdlib-stubs,1.0.1a0
4,stdlib,,,2025-07-01,micropython-stdlib-stubs,1.0.1a1
2,stdlib,,,2025-07-01,micropython-stdlib-stubs,1.0.1a2
4,stdlib,,,2025-07-01,micropython-stdlib-stubs,1.1.0
6,stdlib,,,2025-07-01,micropython-stdlib-stubs,1.1.1
5,stdlib,,,2025-07-01,micropython-stdlib-stubs,1.1.1a2
33,stdlib,,,2025-07-01,micropython-stdlib-stubs,1.1.2
7,stdlib,,,2025-07-01,micropython-stdlib-stubs,1.1.2a0
3,stdlib,,,2025-07-01,micropython-stdlib-stubs,1.23.0
10,stdlib,,,2025-07-01,micropython-stdlib-stubs,1.24.0
5,stdlib,,,2025-07-01,micropython-stdlib-stubs,1.24.1
14,stdlib,,1.24.1,2025-07-01,micropython-stdlib-stubs,1.24.1.post2
1933,stdlib,,,2025-07-01,micropython-stdlib-stubs,1.25.0
4,stm32,pybv11,1.20.0,2025-07-01,micropython-stm32-pybv11-stubs,1.20.0.post1
4,stm32,pybv11,1.20.0,2025-07-01,micropython-stm32-pybv11-stubs,1.20.0.post2
7,stm32,pybv11,1.20.0,2025-07-01,micropython-stm32-pybv11-stubs,1.20.0.post3
5,stm32,pybv11,1.20.0,2025-07-01,micropython-stm32-pybv11-stubs,1.20.0.post4
1,stm32,pybv11,1.20.0,2025-07-01,micropython-stm32-pybv11-stubs,1.20.0.post5
12,stm32,pybv11,1.20.0,2025-07-01,micropython-stm32-pybv11-stubs,1.20.0.post6
3,stm32,pybv11,1.21.0,2025-07-01,micropython-stm32-pybv11-stubs,1.21.0.post1
4,stm32,pybv11,1.21.0,2025-07-01,micropython-stm32-pybv11-stubs,1.21.0.post2
10,stm32,pybv11,1.21.0,2025-07-01,micropython-stm32-pybv11-stubs,1.21.0.post3
3,stm32,pybv11,1.22.0,2025-07-01,micropython-stm32-pybv11-stubs,1.22.0.post1
8,stm32,pybv11,1.22.0,2025-07-01,micropython-stm32-pybv11-stubs,1.22.0.post2
7,stm32,pybv11,1.23.0,2025-07-01,micropython-stm32-pybv11-stubs,1.23.0.post1
13,stm32,pybv11,1.23.0,2025-07-01,micropython-stm32-pybv11-stubs,1.23.0.post2
5,stm32,pybv11,1.24.1,2025-07-01,micropython-stm32-pybv11-stubs,1.24.1.post1
9,stm32,pybv11,1.24.1,2025-07-01,micropython-stm32-pybv11-stubs,1.24.1.post2
6,stm32,pybv11,1.25.0,2025-07-01,micropython-stm32-pybv11-stubs,1.25.0.post1
11,stm32,pybv11,1.25.0,2025-07-01,micropython-stm32-pybv11-stubs,1.25.0.post2
51,stm32,pybv11,1.25.0,2025-07-01,micropython-stm32-pybv11-stubs,1.25.0.post3
7,stm32,,1.17,2025-07-01,micropython-stm32-stubs,1.17.post1
6,stm32,,1.17,2025-07-01,micropython-stm32-stubs,1.17.post2
4,stm32,,1.17,2025-07-01,micropython-stm32-stubs,1.17.post3
4,stm32,,1.18,2025-07-01,micropython-stm32-stubs,1.18.post1
5,stm32,,1.18,2025-07-01,micropython-stm32-stubs,1.18.post2
3,stm32,,1.18,2025-07-01,micropython-stm32-stubs,1.18.post3
1,stm32,,1.18,2025-07-01,micropython-stm32-stubs,1.18.post4
4,stm32,,1.19.1,2025-07-01,micropython-stm32-stubs,1.19.1.post1
7,stm32,,1.19.1,2025-07-01,micropython-stm32-stubs,1.19.1.post10
3,stm32,,1.19.1,2025-07-01,micropython-stm32-stubs,1.19.1.post11
16,stm32,,1.19.1,2025-07-01,micropython-stm32-stubs,1.19.1.post12
4,stm32,,1.19.1,2025-07-01,micropython-stm32-stubs,1.19.1.post2
4,stm32,,1.19.1,2025-07-01,micropython-stm32-stubs,1.19.1.post3
1,stm32,,1.19.1,2025-07-01,micropython-stm32-stubs,1.19.1.post4
3,stm32,,1.19.1,2025-07-01,micropython-stm32-stubs,1.19.1.post5
2,stm32,,1.19.1,2025-07-01,micropython-stm32-stubs,1.19.1.post6
5,stm32,,1.19.1,2025-07-01,micropython-stm32-stubs,1.19.1.post7
2,stm32,,1.19.1,2025-07-01,micropython-stm32-stubs,1.19.1.post8
4,stm32,,1.19.1,2025-07-01,micropython-stm32-stubs,1.19.1.post9
1,stm32,,1.20.0,2025-07-01,micropython-stm32-stubs,1.20.0.post1
6,stm32,,1.20.0,2025-07-01,micropython-stm32-stubs,1.20.0.post2
3,stm32,,1.20.0,2025-07-01,micropython-stm32-stubs,1.20.0.post3
3,stm32,,1.20.0,2025-07-01,micropython-stm32-stubs,1.20.0.post4
15,stm32,,1.20.0,2025-07-01,micropython-stm32-stubs,1.20.0.post5
4,stm32,,1.21.0,2025-07-01,micropython-stm32-stubs,1.21.0.post1
10,stm32,,1.21.0,2025-07-01,micropython-stm32-stubs,1.21.0.post2
12,stm32,,1.22.0,2025-07-01,micropython-stm32-stubs,1.22.0.post1
10,stm32,,1.23.0,2025-07-01,micropython-stm32-stubs,1.23.0.post1
11,stm32,,1.23.0,2025-07-01,micropython-stm32-stubs,1.23.0.post2
3,stm32,,1.24.1,2025-07-01,micropython-stm32-stubs,1.24.1.post1
11,stm32,,1.24.1,2025-07-01,micropython-stm32-stubs,1.24.1.post2
6,stm32,,1.25.0,2025-07-01,micropython-stm32-stubs,1.25.0.post1
14,stm32,,1.25.0,2025-07-01,micropython-stm32-stubs,1.25.0.post2
556,stm32,,1.25.0,2025-07-01,micropython-stm32-stubs,1.25.0.post3
9,unix,,1.20.0,2025-07-01,micropython-unix-stubs,1.20.0.post1
11,unix,,1.21.0,2025-07-01,micropython-unix-stubs,1.21.0.post1
5,unix,,1.24.1,2025-07-01,micropython-unix-stubs,1.24.1.post1
36,unix,,1.24.1,2025-07-01,micropython-unix-stubs,1.24.1.post2
3,webassembly,,1.21.0,2025-07-01,micropython-webassembly-stubs,1.21.0.post1
9,webassembly,,1.21.0,2025-07-01,micropython-webassembly-stubs,1.21.0.post2
5,webassembly,,1.24.1,2025-07-01,micropython-webassembly-stubs,1.24.1.post1
19,webassembly,,1.24.1,2025-07-01,micropython-webassembly-stubs,1.24.1.post2
5,windows,,1.20.0,2025-07-01,micropython-windows-stubs,1.20.0.post1
5,windows,,1.21.0,2025-07-01,micropython-windows-stubs,1.21.0.post1
3,windows,,1.24.1,2025-07-01,micropython-windows-stubs,1.24.1.post1
3,windows,,1.24.1,2025-07-01,micropython-windows-stubs,1.24.1.post2
16,windows,,1.24.1,2025-07-01,micropython-windows-stubs,1.24.1.post3
4,esp32,esp32-generic-c3,1.23.0,2025-08-01,micropython-esp32-esp32-generic-c3-stubs,1.23.0.post1
41,esp32,esp32-generic-c3,1.23.0,2025-08-01,micropython-esp32-esp32-generic-c3-stubs,1.23.0.post2
6,esp32,esp32-generic-c6,1.24.1,2025-08-01,micropython-esp32-esp32-generic-c6-stubs,1.24.1.post1
12,esp32,esp32-generic-c6,1.24.1,2025-08-01,micropython-esp32-esp32-generic-c6-stubs,1.24.1.post2
9,esp32,esp32-generic-c6,1.25.0,2025-08-01,micropython-esp32-esp32-generic-c6-stubs,1.25.0.post1
9,esp32,esp32-generic-c6,1.25.0,2025-08-01,micropython-esp32-esp32-generic-c6-stubs,1.25.0.post2
10,esp32,esp32-generic-c6,1.25.0,2025-08-01,micropython-esp32-esp32-generic-c6-stubs,1.25.0.post3
39,esp32,esp32-generic-c6,1.25.0,2025-08-01,micropython-esp32-esp32-generic-c6-stubs,1.25.0.post4
5,esp32,esp32-generic-s2,1.25.0,2025-08-01,micropython-esp32-esp32-generic-s2-stubs,1.25.0.post1
8,esp32,esp32-generic-s2,1.25.0,2025-08-01,micropython-esp32-esp32-generic-s2-stubs,1.25.0.post2
11,esp32,esp32-generic-s2,1.25.0,2025-08-01,micropython-esp32-esp32-generic-s2-stubs,1.25.0.post3
36,esp32,esp32-generic-s2,1.25.0,2025-08-01,micropython-esp32-esp32-generic-s2-stubs,1.25.0.post4
9,esp32,esp32-generic-s3,1.22.0,2025-08-01,micropython-esp32-esp32-generic-s3-stubs,1.22.0.post1
3,esp32,esp32-generic-s3,1.23.0,2025-08-01,micropython-esp32-esp32-generic-s3-stubs,1.23.0.post1
11,esp32,esp32-generic-s3,1.23.0,2025-08-01,micropython-esp32-esp32-generic-s3-stubs,1.23.0.post2
10,esp32,esp32-generic-s3,1.24.1,2025-08-01,micropython-esp32-esp32-generic-s3-stubs,1.24.1.post1
116,esp32,esp32-generic-s3,1.24.1,2025-08-01,micropython-esp32-esp32-generic-s3-stubs,1.24.1.post2
3,esp32,esp32-generic,1.21.0,2025-08-01,micropython-esp32-esp32-generic-stubs,1.21.0.post1
8,esp32,esp32-generic,1.21.0,2025-08-01,micropython-esp32-esp32-generic-stubs,1.21.0.post2
4,esp32,esp32-generic,1.22.0,2025-08-01,micropython-esp32-esp32-generic-stubs,1.22.0.post1
4,esp32,esp32-generic,1.23.0,2025-08-01,micropython-esp32-esp32-generic-stubs,1.23.0.post1
10,esp32,esp32-generic,1.23.0,2025-08-01,micropython-esp32-esp32-generic-stubs,1.23.0.post2
8,esp32,esp32-generic,1.24.1,2025-08-01,micropython-esp32-esp32-generic-stubs,1.24.1.post1
17,esp32,esp32-generic,1.24.1,2025-08-01,micropython-esp32-esp32-generic-stubs,1.24.1.post2
5,esp32,esp32-generic,1.25.0,2025-08-01,micropython-esp32-esp32-generic-stubs,1.25.0.post1
7,esp32,esp32-generic,1.25.0,2025-08-01,micropython-esp32-esp32-generic-stubs,1.25.0.post2
8,esp32,esp32-generic,1.25.0,2025-08-01,micropython-esp32-esp32-generic-stubs,1.25.0.post3
13,esp32,esp32-generic,1.25.0,2025-08-01,micropython-esp32-esp32-generic-stubs,1.25.0.post4
115,esp32,esp32-generic,1.25.0,2025-08-01,micropython-esp32-esp32-generic-stubs,1.25.0.post5
3,esp32,generic-ota,1.20.0,2025-08-01,micropython-esp32-generic-ota-stubs,1.20.0.post1
20,esp32,generic-ota,1.20.0,2025-08-01,micropython-esp32-generic-ota-stubs,1.20.0.post2
10,esp32,generic-s3,1.19.1,2025-08-01,micropython-esp32-generic-s3-stubs,1.19.1.post1
3,esp32,generic-s3,1.20.0,2025-08-01,micropython-esp32-generic-s3-stubs,1.20.0.post1
26,esp32,generic-s3,1.20.0,2025-08-01,micropython-esp32-generic-s3-stubs,1.20.0.post2
16,esp32,generic-spiram,1.19.1,2025-08-01,micropython-esp32-generic-spiram-stubs,1.19.1.post1
3,esp32,ota,1.20.0,2025-08-01,micropython-esp32-ota-stubs,1.20.0.post1
18,esp32,ota,1.20.0,2025-08-01,micropython-esp32-ota-stubs,1.20.0.post2
7,esp32,s3,1.19.1,2025-08-01,micropython-esp32-s3-stubs,1.19.1.post1
54,esp32,s3,1.20.0,2025-08-01,micropython-esp32-s3-stubs,1.20.0.post1
2,esp32,,1.17,2025-08-01,micropython-esp32-stubs,1.17.post1
5,esp32,,1.17,2025-08-01,micropython-esp32-stubs,1.17.post2
3,esp32,,1.17,2025-08-01,micropython-esp32-stubs,1.17.post3
3,esp32,,1.18,2025-08-01,micropython-esp32-stubs,1.18.post1
5,esp32,,1.18,2025-08-01,micropython-esp32-stubs,1.18.post2
3,esp32,,1.18,2025-08-01,micropython-esp32-stubs,1.18.post3
4,esp32,,1.19.1,2025-08-01,micropython-esp32-stubs,1.19.1.post10
214,esp32,,1.19.1,2025-08-01,micropython-esp32-stubs,1.19.1.post11
4,esp32,,1.19.1,2025-08-01,micropython-esp32-stubs,1.19.1.post12
4,esp32,,1.19.1,2025-08-01,micropython-esp32-stubs,1.19.1.post13
4,esp32,,1.19.1,2025-08-01,micropython-esp32-stubs,1.19.1.post14
4,esp32,,1.19.1,2025-08-01,micropython-esp32-stubs,1.19.1.post15
3,esp32,,1.19.1,2025-08-01,micropython-esp32-stubs,1.19.1.post2
5,esp32,,1.19.1,2025-08-01,micropython-esp32-stubs,1.19.1.post3
2,esp32,,1.19.1,2025-08-01,micropython-esp32-stubs,1.19.1.post4
3,esp32,,1.19.1,2025-08-01,micropython-esp32-stubs,1.19.1.post5
2,esp32,,1.19.1,2025-08-01,micropython-esp32-stubs,1.19.1.post6
4,esp32,,1.19.1,2025-08-01,micropython-esp32-stubs,1.19.1.post7
6,esp32,,1.19.1,2025-08-01,micropython-esp32-stubs,1.19.1.post8
4,esp32,,1.19.1,2025-08-01,micropython-esp32-stubs,1.19.1.post9
6,esp32,,1.20.0,2025-08-01,micropython-esp32-stubs,1.20.0.post1
4,esp32,,1.20.0,2025-08-01,micropython-esp32-stubs,1.20.0.post2
4,esp32,,1.20.0,2025-08-01,micropython-esp32-stubs,1.20.0.post3
3,esp32,,1.20.0,2025-08-01,micropython-esp32-stubs,1.20.0.post4
17,esp32,,1.20.0,2025-08-01,micropython-esp32-stubs,1.20.0.post5
4,esp32,,1.21.0,2025-08-01,micropython-esp32-stubs,1.21.0.post1
6,esp32,,1.21.0,2025-08-01,micropython-esp32-stubs,1.21.0.post2
2,esp32,,1.21.0,2025-08-01,micropython-esp32-stubs,1.21.0.post3
6,esp32,,1.21.0,2025-08-01,micropython-esp32-stubs,1.21.0.post4
6,esp32,,,2025-08-01,micropython-esp32-stubs,1.21.0a489
17,esp32,,1.22.0,2025-08-01,micropython-esp32-stubs,1.22.0.post1
3,esp32,,1.23.0,2025-08-01,micropython-esp32-stubs,1.23.0.post1
20,esp32,,1.23.0,2025-08-01,micropython-esp32-stubs,1.23.0.post2
7,esp32,,,2025-08-01,micropython-esp32-stubs,1.23.0a87
12,esp32,,1.24.1,2025-08-01,micropython-esp32-stubs,1.24.1.post1
92,esp32,,1.24.1,2025-08-01,micropython-esp32-stubs,1.24.1.post2
7,esp32,,1.25.0,2025-08-01,micropython-esp32-stubs,1.25.0.post1
15,esp32,,1.25.0,2025-08-01,micropython-esp32-stubs,1.25.0.post2
6,esp32,,1.25.0,2025-08-01,micropython-esp32-stubs,1.25.0.post3
16,esp32,,1.25.0,2025-08-01,micropython-esp32-stubs,1.25.0.post4
533,esp32,,1.25.0,2025-08-01,micropython-esp32-stubs,1.25.0.post5
2,esp32,um-tinypico,1.19.1,2025-08-01,micropython-esp32-um-tinypico-stubs,1.19.1.post2
2,esp32,um-tinypico,1.19.1,2025-08-01,micropython-esp32-um-tinypico-stubs,1.19.1.post3
4,esp32,um-tinypico,1.19.1,2025-08-01,micropython-esp32-um-tinypico-stubs,1.19.1.post4
3,esp32,um-tinypico,1.19.1,2025-08-01,micropython-esp32-um-tinypico-stubs,1.19.1.post5
2,esp32,um-tinypico,1.19.1,2025-08-01,micropython-esp32-um-tinypico-stubs,1.19.1.post6
4,esp32,um-tinypico,1.19.1,2025-08-01,micropython-esp32-um-tinypico-stubs,1.19.1.post7
19,esp32,um-tinypico,1.19.1,2025-08-01,micropython-esp32-um-tinypico-stubs,1.19.1.post8
2,esp8266,esp8266-generic,1.23.0,2025-08-01,micropython-esp8266-esp8266-generic-stubs,1.23.0.post1
10,esp8266,esp8266-generic,1.23.0,2025-08-01,micropython-esp8266-esp8266-generic-stubs,1.23.0.post2
9,esp8266,esp8266-generic,1.25.0,2025-08-01,micropython-esp8266-esp8266-generic-stubs,1.25.0.post1
8,esp8266,esp8266-generic,1.25.0,2025-08-01,micropython-esp8266-esp8266-generic-stubs,1.25.0.post2
16,esp8266,esp8266-generic,1.25.0,2025-08-01,micropython-esp8266-esp8266-generic-stubs,1.25.0.post3
49,esp8266,esp8266-generic,1.25.0,2025-08-01,micropython-esp8266-esp8266-generic-stubs,1.25.0.post4
2,esp8266,,1.17,2025-08-01,micropython-esp8266-stubs,1.17.post1
4,esp8266,,1.17,2025-08-01,micropython-esp8266-stubs,1.17.post2
2,esp8266,,1.17,2025-08-01,micropython-esp8266-stubs,1.17.post3
4,esp8266,,1.18,2025-08-01,micropython-esp8266-stubs,1.18.post1
4,esp8266,,1.18,2025-08-01,micropython-esp8266-stubs,1.18.post2
3,esp8266,,1.18,2025-08-01,micropython-esp8266-stubs,1.18.post3
3,esp8266,,1.18,2025-08-01,micropython-esp8266-stubs,1.18.post4
4,esp8266,,1.19.1,2025-08-01,micropython-esp8266-stubs,1.19.1.post1
3,esp8266,,1.19.1,2025-08-01,micropython-esp8266-stubs,1.19.1.post10
3,esp8266,,1.19.1,2025-08-01,micropython-esp8266-stubs,1.19.1.post11
8,esp8266,,1.19.1,2025-08-01,micropython-esp8266-stubs,1.19.1.post12
4,esp8266,,1.19.1,2025-08-01,micropython-esp8266-stubs,1.19.1.post2
6,esp8266,,1.19.1,2025-08-01,micropython-esp8266-stubs,1.19.1.post3
3,esp8266,,1.19.1,2025-08-01,micropython-esp8266-stubs,1.19.1.post4
6,esp8266,,1.19.1,2025-08-01,micropython-esp8266-stubs,1.19.1.post5
3,esp8266,,1.19.1,2025-08-01,micropython-esp8266-stubs,1.19.1.post6
5,esp8266,,1.19.1,2025-08-01,micropython-esp8266-stubs,1.19.1.post7
2,esp8266,,1.19.1,2025-08-01,micropython-esp8266-stubs,1.19.1.post8
7,esp8266,,1.19.1,2025-08-01,micropython-esp8266-stubs,1.19.1.post9
4,esp8266,,1.23.0,2025-08-01,micropython-esp8266-stubs,1.23.0.post1
9,esp8266,,1.23.0,2025-08-01,micropython-esp8266-stubs,1.23.0.post2
9,esp8266,,1.24.1,2025-08-01,micropython-esp8266-stubs,1.24.1.post1
6,esp8266,,1.25.0,2025-08-01,micropython-esp8266-stubs,1.25.0.post1
5,esp8266,,1.25.0,2025-08-01,micropython-esp8266-stubs,1.25.0.post2
9,esp8266,,1.25.0,2025-08-01,micropython-esp8266-stubs,1.25.0.post3
104,esp8266,,1.25.0,2025-08-01,micropython-esp8266-stubs,1.25.0.post4
5,rp2,arduino-nano-rp2040-connect,1.22.0,2025-08-01,micropython-rp2-arduino-nano-rp2040-connect-stubs,1.22.0.post1
3,rp2,arduino-nano-rp2040-connect,1.22.1,2025-08-01,micropython-rp2-arduino-nano-rp2040-connect-stubs,1.22.1.post1
4,rp2,arduino-nano-rp2040-connect,1.22.1,2025-08-01,micropython-rp2-arduino-nano-rp2040-connect-stubs,1.22.1.post2
5,rp2,arduino-nano-rp2040-connect,1.24.1,2025-08-01,micropython-rp2-arduino-nano-rp2040-connect-stubs,1.24.1.post1
37,rp2,arduino-nano-rp2040-connect,1.24.1,2025-08-01,micropython-rp2-arduino-nano-rp2040-connect-stubs,1.24.1.post2
3,rp2,pico,1.20.0,2025-08-01,micropython-rp2-pico-stubs,1.20.0.post1
4,rp2,pico,1.20.0,2025-08-01,micropython-rp2-pico-stubs,1.20.0.post2
3,rp2,pico,1.20.0,2025-08-01,micropython-rp2-pico-stubs,1.20.0.post3
3,rp2,pico,1.20.0,2025-08-01,micropython-rp2-pico-stubs,1.20.0.post4
212,rp2,pico,1.20.0,2025-08-01,micropython-rp2-pico-stubs,1.20.0.post5
3,rp2,pico-w,1.20.0,2025-08-01,micropython-rp2-pico-w-stubs,1.20.0.post1
4,rp2,pico-w,1.20.0,2025-08-01,micropython-rp2-pico-w-stubs,1.20.0.post2
4,rp2,pico-w,1.20.0,2025-08-01,micropython-rp2-pico-w-stubs,1.20.0.post3
2,rp2,pico-w,1.20.0,2025-08-01,micropython-rp2-pico-w-stubs,1.20.0.post4
183,rp2,pico-w,1.20.0,2025-08-01,micropython-rp2-pico-w-stubs,1.20.0.post5
7,rp2,pimoroni-picolipo-16mb,1.20.0,2025-08-01,micropython-rp2-pimoroni-picolipo-16mb-stubs,1.20.0.post1
4,rp2,pimoroni-picolipo-16mb,1.20.0,2025-08-01,micropython-rp2-pimoroni-picolipo-16mb-stubs,1.20.0.post2
5,rp2,pimoroni-picolipo-16mb,1.20.0,2025-08-01,micropython-rp2-pimoroni-picolipo-16mb-stubs,1.20.0.post3
17,rp2,pimoroni-picolipo-16mb,1.22.0,2025-08-01,micropython-rp2-pimoroni-picolipo-16mb-stubs,1.22.0.post1
3,rp2,rpi-pico,1.21.0,2025-08-01,micropython-rp2-rpi-pico-stubs,1.21.0.post1
3,rp2,rpi-pico,1.21.0,2025-08-01,micropython-rp2-rpi-pico-stubs,1.21.0.post2
5,rp2,rpi-pico,1.21.0,2025-08-01,micropython-rp2-rpi-pico-stubs,1.21.0.post3
3,rp2,rpi-pico,1.22.0,2025-08-01,micropython-rp2-rpi-pico-stubs,1.22.0.post1
3,rp2,rpi-pico,1.22.1,2025-08-01,micropython-rp2-rpi-pico-stubs,1.22.1.post1
7,rp2,rpi-pico,1.22.1,2025-08-01,micropython-rp2-rpi-pico-stubs,1.22.1.post2
3,rp2,rpi-pico,1.23.0,2025-08-01,micropython-rp2-rpi-pico-stubs,1.23.0.post1
10,rp2,rpi-pico,1.23.0,2025-08-01,micropython-rp2-rpi-pico-stubs,1.23.0.post2
6,rp2,rpi-pico,1.24.1,2025-08-01,micropython-rp2-rpi-pico-stubs,1.24.1.post1
12,rp2,rpi-pico,1.24.1,2025-08-01,micropython-rp2-rpi-pico-stubs,1.24.1.post2
9,rp2,rpi-pico,1.25.0,2025-08-01,micropython-rp2-rpi-pico-stubs,1.25.0.post1
11,rp2,rpi-pico,1.25.0,2025-08-01,micropython-rp2-rpi-pico-stubs,1.25.0.post2
110,rp2,rpi-pico,1.25.0,2025-08-01,micropython-rp2-rpi-pico-stubs,1.25.0.post3
2,rp2,rpi-pico-w,1.21.0,2025-08-01,micropython-rp2-rpi-pico-w-stubs,1.21.0.post1
3,rp2,rpi-pico-w,1.21.0,2025-08-01,micropython-rp2-rpi-pico-w-stubs,1.21.0.post2
5,rp2,rpi-pico-w,1.21.0,2025-08-01,micropython-rp2-rpi-pico-w-stubs,1.21.0.post3
2,rp2,rpi-pico-w,1.22.0,2025-08-01,micropython-rp2-rpi-pico-w-stubs,1.22.0.post1
3,rp2,rpi-pico-w,1.22.1,2025-08-01,micropython-rp2-rpi-pico-w-stubs,1.22.1.post1
4,rp2,rpi-pico-w,1.22.1,2025-08-01,micropython-rp2-rpi-pico-w-stubs,1.22.1.post2
8,rp2,rpi-pico-w,1.23.0,2025-08-01,micropython-rp2-rpi-pico-w-stubs,1.23.0.post1
11,rp2,rpi-pico-w,1.23.0,2025-08-01,micropython-rp2-rpi-pico-w-stubs,1.23.0.post2
7,rp2,rpi-pico-w,1.24.1,2025-08-01,micropython-rp2-rpi-pico-w-stubs,1.24.1.post1
31,rp2,rpi-pico-w,1.24.1,2025-08-01,micropython-rp2-rpi-pico-w-stubs,1.24.1.post2
7,rp2,rpi-pico-w,1.25.0,2025-08-01,micropython-rp2-rpi-pico-w-stubs,1.25.0.post1
6,rp2,rpi-pico-w,1.25.0,2025-08-01,micropython-rp2-rpi-pico-w-stubs,1.25.0.post2
14,rp2,rpi-pico-w,1.25.0,2025-08-01,micropython-rp2-rpi-pico-w-stubs,1.25.0.post3
150,rp2,rpi-pico-w,1.25.0,2025-08-01,micropython-rp2-rpi-pico-w-stubs,1.25.0.post4
5,rp2,rpi-pico2,1.24.1,2025-08-01,micropython-rp2-rpi-pico2-stubs,1.24.1.post1
16,rp2,rpi-pico2,1.24.1,2025-08-01,micropython-rp2-rpi-pico2-stubs,1.24.1.post2
8,rp2,rpi-pico2,1.25.0,2025-08-01,micropython-rp2-rpi-pico2-stubs,1.25.0.post1
6,rp2,rpi-pico2,1.25.0,2025-08-01,micropython-rp2-rpi-pico2-stubs,1.25.0.post2
42,rp2,rpi-pico2,1.25.0,2025-08-01,micropython-rp2-rpi-pico2-stubs,1.25.0.post3
6,rp2,rpi-pico2-w,1.25.0,2025-08-01,micropython-rp2-rpi-pico2-w-stubs,1.25.0.post1
7,rp2,rpi-pico2-w,1.25.0,2025-08-01,micropython-rp2-rpi-pico2-w-stubs,1.25.0.post2
160,rp2,rpi-pico2-w,1.25.0,2025-08-01,micropython-rp2-rpi-pico2-w-stubs,1.25.0.post3
66,rp2,rpi-pico2-w,1.25.0,2025-08-01,micropython-rp2-rpi-pico2-w-stubs,1.25.0.post4
3,rp2,,1.17,2025-08-01,micropython-rp2-stubs,1.17.post1
3,rp2,,1.17,2025-08-01,micropython-rp2-stubs,1.17.post2
2,rp2,,1.17,2025-08-01,micropython-rp2-stubs,1.17.post3
11,rp2,,1.18,2025-08-01,micropython-rp2-stubs,1.18.post1
2,rp2,,1.18,2025-08-01,micropython-rp2-stubs,1.18.post2
4,rp2,,1.18,2025-08-01,micropython-rp2-stubs,1.18.post3
5,rp2,,1.19.1,2025-08-01,micropython-rp2-stubs,1.19.1.post10
5,rp2,,1.19.1,2025-08-01,micropython-rp2-stubs,1.19.1.post11
5,rp2,,1.19.1,2025-08-01,micropython-rp2-stubs,1.19.1.post12
4,rp2,,1.19.1,2025-08-01,micropython-rp2-stubs,1.19.1.post13
8,rp2,,1.19.1,2025-08-01,micropython-rp2-stubs,1.19.1.post14
5,rp2,,1.19.1,2025-08-01,micropython-rp2-stubs,1.19.1.post6
4,rp2,,1.19.1,2025-08-01,micropython-rp2-stubs,1.19.1.post7
5,rp2,,1.19.1,2025-08-01,micropython-rp2-stubs,1.19.1.post8
4,rp2,,1.19.1,2025-08-01,micropython-rp2-stubs,1.19.1.post9
4,rp2,,1.20.0,2025-08-01,micropython-rp2-stubs,1.20.0.post1
5,rp2,,1.20.0,2025-08-01,micropython-rp2-stubs,1.20.0.post2
6,rp2,,1.20.0,2025-08-01,micropython-rp2-stubs,1.20.0.post3
5,rp2,,1.20.0,2025-08-01,micropython-rp2-stubs,1.20.0.post4
7,rp2,,1.20.0,2025-08-01,micropython-rp2-stubs,1.20.0.post5
4,rp2,,1.21.0,2025-08-01,micropython-rp2-stubs,1.21.0.post1
6,rp2,,1.21.0,2025-08-01,micropython-rp2-stubs,1.21.0.post2
4,rp2,,1.22.0,2025-08-01,micropython-rp2-stubs,1.22.0.post1
5,rp2,,1.22.1,2025-08-01,micropython-rp2-stubs,1.22.1.post1
25,rp2,,1.22.1,2025-08-01,micropython-rp2-stubs,1.22.1.post2
6,rp2,,1.23.0,2025-08-01,micropython-rp2-stubs,1.23.0.post1
11,rp2,,1.23.0,2025-08-01,micropython-rp2-stubs,1.23.0.post2
5,rp2,,1.24.1,2025-08-01,micropython-rp2-stubs,1.24.1.post1
9,rp2,,1.24.1,2025-08-01,micropython-rp2-stubs,1.24.1.post2
5,rp2,,1.25.0,2025-08-01,micropython-rp2-stubs,1.25.0.post1
7,rp2,,1.25.0,2025-08-01,micropython-rp2-stubs,1.25.0.post2
158,rp2,,1.25.0,2025-08-01,micropython-rp2-stubs,1.25.0.post3
5,samd,adafruit-feather-m4-express,1.20.0,2025-08-01,micropython-samd-adafruit-feather-m4-express-stubs,1.20.0.post1
3,samd,adafruit-feather-m4-express,1.20.0,2025-08-01,micropython-samd-adafruit-feather-m4-express-stubs,1.20.0.post2
2,samd,adafruit-feather-m4-express,1.20.0,2025-08-01,micropython-samd-adafruit-feather-m4-express-stubs,1.20.0.post3
17,samd,adafruit-feather-m4-express,1.20.0,2025-08-01,micropython-samd-adafruit-feather-m4-express-stubs,1.20.0.post4
7,samd,adafruit-itsybitsy-m4-express,1.20.0,2025-08-01,micropython-samd-adafruit-itsybitsy-m4-express-stubs,1.20.0.post1
4,samd,adafruit-itsybitsy-m4-express,1.20.0,2025-08-01,micropython-samd-adafruit-itsybitsy-m4-express-stubs,1.20.0.post2
4,samd,adafruit-itsybitsy-m4-express,1.20.0,2025-08-01,micropython-samd-adafruit-itsybitsy-m4-express-stubs,1.20.0.post3
17,samd,adafruit-itsybitsy-m4-express,1.20.0,2025-08-01,micropython-samd-adafruit-itsybitsy-m4-express-stubs,1.20.0.post4
3,samd,minisam-m4,1.20.0,2025-08-01,micropython-samd-minisam-m4-stubs,1.20.0.post1
3,samd,minisam-m4,1.20.0,2025-08-01,micropython-samd-minisam-m4-stubs,1.20.0.post2
3,samd,minisam-m4,1.20.0,2025-08-01,micropython-samd-minisam-m4-stubs,1.20.0.post3
21,samd,minisam-m4,1.20.0,2025-08-01,micropython-samd-minisam-m4-stubs,1.20.0.post4
2,samd,seeed-wio-terminal,1.20.0,2025-08-01,micropython-samd-seeed-wio-terminal-stubs,1.20.0.post1
6,samd,seeed-wio-terminal,1.20.0,2025-08-01,micropython-samd-seeed-wio-terminal-stubs,1.20.0.post2
6,samd,seeed-wio-terminal,1.20.0,2025-08-01,micropython-samd-seeed-wio-terminal-stubs,1.20.0.post3
3,samd,seeed-wio-terminal,1.20.0,2025-08-01,micropython-samd-seeed-wio-terminal-stubs,1.20.0.post4
5,samd,seeed-wio-terminal,1.20.0,2025-08-01,micropython-samd-seeed-wio-terminal-stubs,1.20.0.post5
2,samd,seeed-wio-terminal,1.21.0,2025-08-01,micropython-samd-seeed-wio-terminal-stubs,1.21.0.post1
5,samd,seeed-wio-terminal,1.21.0,2025-08-01,micropython-samd-seeed-wio-terminal-stubs,1.21.0.post2
5,samd,seeed-wio-terminal,1.21.0,2025-08-01,micropython-samd-seeed-wio-terminal-stubs,1.21.0.post3
7,samd,seeed-wio-terminal,1.22.0,2025-08-01,micropython-samd-seeed-wio-terminal-stubs,1.22.0.post1
6,samd,seeed-wio-terminal,1.22.1,2025-08-01,micropython-samd-seeed-wio-terminal-stubs,1.22.1.post1
2,samd,seeed-wio-terminal,1.23.0,2025-08-01,micropython-samd-seeed-wio-terminal-stubs,1.23.0.post1
11,samd,seeed-wio-terminal,1.23.0,2025-08-01,micropython-samd-seeed-wio-terminal-stubs,1.23.0.post2
5,samd,seeed-wio-terminal,1.24.1,2025-08-01,micropython-samd-seeed-wio-terminal-stubs,1.24.1.post1
9,samd,seeed-wio-terminal,1.24.1,2025-08-01,micropython-samd-seeed-wio-terminal-stubs,1.24.1.post2
6,samd,seeed-wio-terminal,1.25.0,2025-08-01,micropython-samd-seeed-wio-terminal-stubs,1.25.0.post1
7,samd,seeed-wio-terminal,1.25.0,2025-08-01,micropython-samd-seeed-wio-terminal-stubs,1.25.0.post2
26,samd,seeed-wio-terminal,1.25.0,2025-08-01,micropython-samd-seeed-wio-terminal-stubs,1.25.0.post3
4,samd,,1.20.0,2025-08-01,micropython-samd-stubs,1.20.0.post1
6,samd,,1.20.0,2025-08-01,micropython-samd-stubs,1.20.0.post2
2,samd,,1.21.0,2025-08-01,micropython-samd-stubs,1.21.0.post1
4,samd,,1.21.0,2025-08-01,micropython-samd-stubs,1.21.0.post2
3,samd,,1.22.0,2025-08-01,micropython-samd-stubs,1.22.0.post1
5,samd,,1.22.1,2025-08-01,micropython-samd-stubs,1.22.1.post1
3,samd,,1.23.0,2025-08-01,micropython-samd-stubs,1.23.0.post1
8,samd,,1.23.0,2025-08-01,micropython-samd-stubs,1.23.0.post2
3,samd,,,2025-08-01,micropython-samd-stubs,1.23.0a87
5,samd,,1.24.1,2025-08-01,micropython-samd-stubs,1.24.1.post1
9,samd,,1.24.1,2025-08-01,micropython-samd-stubs,1.24.1.post2
7,samd,,1.25.0,2025-08-01,micropython-samd-stubs,1.25.0.post1
7,samd,,1.25.0,2025-08-01,micropython-samd-stubs,1.25.0.post2
26,samd,,1.25.0,2025-08-01,micropython-samd-stubs,1.25.0.post3
215,stdlib,,,2025-08-01,micropython-stdlib-stubs,0.9.0
2,stdlib,,,2025-08-01,micropython-stdlib-stubs,1.0.0
2,stdlib,,,2025-08-01,micropython-stdlib-stubs,1.0.0rc2
3,stdlib,,,2025-08-01,micropython-stdlib-stubs,1.0.1a0
3,stdlib,,,2025-08-01,micropython-stdlib-stubs,1.0.1a1
2,stdlib,,,2025-08-01,micropython-stdlib-stubs,1.0.1a2
2,stdlib,,,2025-08-01,micropython-stdlib-stubs,1.1.0
2,stdlib,,,2025-08-01,micropython-stdlib-stubs,1.1.1
2,stdlib,,,2025-08-01,micropython-stdlib-stubs,1.1.1a2
18,stdlib,,,2025-08-01,micropython-stdlib-stubs,1.1.2
2,stdlib,,,2025-08-01,micropython-stdlib-stubs,1.1.2a0
11,stdlib,,,2025-08-01,micropython-stdlib-stubs,1.23.0
11,stdlib,,,2025-08-01,micropython-stdlib-stubs,1.24.0
6,stdlib,,,2025-08-01,micropython-stdlib-stubs,1.24.1
35,stdlib,,1.24.1,2025-08-01,micropython-stdlib-stubs,1.24.1.post2
2029,stdlib,,,2025-08-01,micropython-stdlib-stubs,1.25.0
291,stdlib,,,2025-08-01,micropython-stdlib-stubs,1.26.0
5,stm32,pybv11,1.20.0,2025-08-01,micropython-stm32-pybv11-stubs,1.20.0.post1
2,stm32,pybv11,1.20.0,2025-08-01,micropython-stm32-pybv11-stubs,1.20.0.post2
4,stm32,pybv11,1.20.0,2025-08-01,micropython-stm32-pybv11-stubs,1.20.0.post3
2,stm32,pybv11,1.20.0,2025-08-01,micropython-stm32-pybv11-stubs,1.20.0.post4
3,stm32,pybv11,1.20.0,2025-08-01,micropython-stm32-pybv11-stubs,1.20.0.post5
5,stm32,pybv11,1.20.0,2025-08-01,micropython-stm32-pybv11-stubs,1.20.0.post6
2,stm32,pybv11,1.21.0,2025-08-01,micropython-stm32-pybv11-stubs,1.21.0.post1
2,stm32,pybv11,1.21.0,2025-08-01,micropython-stm32-pybv11-stubs,1.21.0.post2
7,stm32,pybv11,1.21.0,2025-08-01,micropython-stm32-pybv11-stubs,1.21.0.post3
3,stm32,pybv11,1.22.0,2025-08-01,micropython-stm32-pybv11-stubs,1.22.0.post1
5,stm32,pybv11,1.22.0,2025-08-01,micropython-stm32-pybv11-stubs,1.22.0.post2
6,stm32,pybv11,1.23.0,2025-08-01,micropython-stm32-pybv11-stubs,1.23.0.post1
10,stm32,pybv11,1.23.0,2025-08-01,micropython-stm32-pybv11-stubs,1.23.0.post2
8,stm32,pybv11,1.24.1,2025-08-01,micropython-stm32-pybv11-stubs,1.24.1.post1
13,stm32,pybv11,1.24.1,2025-08-01,micropython-stm32-pybv11-stubs,1.24.1.post2
8,stm32,pybv11,1.25.0,2025-08-01,micropython-stm32-pybv11-stubs,1.25.0.post1
8,stm32,pybv11,1.25.0,2025-08-01,micropython-stm32-pybv11-stubs,1.25.0.post2
39,stm32,pybv11,1.25.0,2025-08-01,micropython-stm32-pybv11-stubs,1.25.0.post3
3,stm32,,1.17,2025-08-01,micropython-stm32-stubs,1.17.post1
3,stm32,,1.17,2025-08-01,micropython-stm32-stubs,1.17.post2
7,stm32,,1.17,2025-08-01,micropython-stm32-stubs,1.17.post3
3,stm32,,1.18,2025-08-01,micropython-stm32-stubs,1.18.post1
2,stm32,,1.18,2025-08-01,micropython-stm32-stubs,1.18.post2
2,stm32,,1.18,2025-08-01,micropython-stm32-stubs,1.18.post3
3,stm32,,1.18,2025-08-01,micropython-stm32-stubs,1.18.post4
3,stm32,,1.19.1,2025-08-01,micropython-stm32-stubs,1.19.1.post1
3,stm32,,1.19.1,2025-08-01,micropython-stm32-stubs,1.19.1.post10
2,stm32,,1.19.1,2025-08-01,micropython-stm32-stubs,1.19.1.post11
15,stm32,,1.19.1,2025-08-01,micropython-stm32-stubs,1.19.1.post12
3,stm32,,1.19.1,2025-08-01,micropython-stm32-stubs,1.19.1.post2
2,stm32,,1.19.1,2025-08-01,micropython-stm32-stubs,1.19.1.post3
3,stm32,,1.19.1,2025-08-01,micropython-stm32-stubs,1.19.1.post4
4,stm32,,1.19.1,2025-08-01,micropython-stm32-stubs,1.19.1.post5
4,stm32,,1.19.1,2025-08-01,micropython-stm32-stubs,1.19.1.post6
4,stm32,,1.19.1,2025-08-01,micropython-stm32-stubs,1.19.1.post7
3,stm32,,1.19.1,2025-08-01,micropython-stm32-stubs,1.19.1.post8
2,stm32,,1.19.1,2025-08-01,micropython-stm32-stubs,1.19.1.post9
3,stm32,,1.20.0,2025-08-01,micropython-stm32-stubs,1.20.0.post1
4,stm32,,1.20.0,2025-08-01,micropython-stm32-stubs,1.20.0.post2
2,stm32,,1.20.0,2025-08-01,micropython-stm32-stubs,1.20.0.post3
4,stm32,,1.20.0,2025-08-01,micropython-stm32-stubs,1.20.0.post4
6,stm32,,1.20.0,2025-08-01,micropython-stm32-stubs,1.20.0.post5
2,stm32,,1.21.0,2025-08-01,micropython-stm32-stubs,1.21.0.post1
7,stm32,,1.21.0,2025-08-01,micropython-stm32-stubs,1.21.0.post2
7,stm32,,1.22.0,2025-08-01,micropython-stm32-stubs,1.22.0.post1
2,stm32,,1.23.0,2025-08-01,micropython-stm32-stubs,1.23.0.post1
8,stm32,,1.23.0,2025-08-01,micropython-stm32-stubs,1.23.0.post2
2,stm32,,1.24.1,2025-08-01,micropython-stm32-stubs,1.24.1.post1
8,stm32,,1.24.1,2025-08-01,micropython-stm32-stubs,1.24.1.post2
5,stm32,,1.25.0,2025-08-01,micropython-stm32-stubs,1.25.0.post1
7,stm32,,1.25.0,2025-08-01,micropython-stm32-stubs,1.25.0.post2
445,stm32,,1.25.0,2025-08-01,micropython-stm32-stubs,1.25.0.post3
6,unix,,1.20.0,2025-08-01,micropython-unix-stubs,1.20.0.post1
10,unix,,1.21.0,2025-08-01,micropython-unix-stubs,1.21.0.post1
5,unix,,1.24.1,2025-08-01,micropython-unix-stubs,1.24.1.post1
53,unix,,1.24.1,2025-08-01,micropython-unix-stubs,1.24.1.post2
2,webassembly,,1.21.0,2025-08-01,micropython-webassembly-stubs,1.21.0.post1
5,webassembly,,1.21.0,2025-08-01,micropython-webassembly-stubs,1.21.0.post2
5,webassembly,,1.24.1,2025-08-01,micropython-webassembly-stubs,1.24.1.post1
22,webassembly,,1.24.1,2025-08-01,micropython-webassembly-stubs,1.24.1.post2
5,windows,,1.20.0,2025-08-01,micropython-windows-stubs,1.20.0.post1
5,windows,,1.21.0,2025-08-01,micropython-windows-stubs,1.21.0.post1
4,windows,,1.24.1,2025-08-01,micropython-windows-stubs,1.24.1.post1
5,windows,,1.24.1,2025-08-01,micropython-windows-stubs,1.24.1.post2
26,windows,,1.24.1,2025-08-01,micropython-windows-stubs,1.24.1.post3
3,esp32,esp32-generic-c3,1.23.0,2025-09-01,micropython-esp32-esp32-generic-c3-stubs,1.23.0.post1
97,esp32,esp32-generic-c3,1.23.0,2025-09-01,micropython-esp32-esp32-generic-c3-stubs,1.23.0.post2
5,esp32,esp32-generic-c6,1.24.1,2025-09-01,micropython-esp32-esp32-generic-c6-stubs,1.24.1.post1
25,esp32,esp32-generic-c6,1.24.1,2025-09-01,micropython-esp32-esp32-generic-c6-stubs,1.24.1.post2
6,esp32,esp32-generic-c6,1.25.0,2025-09-01,micropython-esp32-esp32-generic-c6-stubs,1.25.0.post1
9,esp32,esp32-generic-c6,1.25.0,2025-09-01,micropython-esp32-esp32-generic-c6-stubs,1.25.0.post2
7,esp32,esp32-generic-c6,1.25.0,2025-09-01,micropython-esp32-esp32-generic-c6-stubs,1.25.0.post3
32,esp32,esp32-generic-c6,1.25.0,2025-09-01,micropython-esp32-esp32-generic-c6-stubs,1.25.0.post4
218,esp32,esp32-generic-c6,1.26.0,2025-09-01,micropython-esp32-esp32-generic-c6-stubs,1.26.0.post1
11,esp32,esp32-generic-s2,1.25.0,2025-09-01,micropython-esp32-esp32-generic-s2-stubs,1.25.0.post1
9,esp32,esp32-generic-s2,1.25.0,2025-09-01,micropython-esp32-esp32-generic-s2-stubs,1.25.0.post2
10,esp32,esp32-generic-s2,1.25.0,2025-09-01,micropython-esp32-esp32-generic-s2-stubs,1.25.0.post3
57,esp32,esp32-generic-s2,1.25.0,2025-09-01,micropython-esp32-esp32-generic-s2-stubs,1.25.0.post4
186,esp32,esp32-generic-s2,1.26.0,2025-09-01,micropython-esp32-esp32-generic-s2-stubs,1.26.0.post1
23,esp32,esp32-generic-s3,1.22.0,2025-09-01,micropython-esp32-esp32-generic-s3-stubs,1.22.0.post1
7,esp32,esp32-generic-s3,1.23.0,2025-09-01,micropython-esp32-esp32-generic-s3-stubs,1.23.0.post1
27,esp32,esp32-generic-s3,1.23.0,2025-09-01,micropython-esp32-esp32-generic-s3-stubs,1.23.0.post2
11,esp32,esp32-generic-s3,1.24.1,2025-09-01,micropython-esp32-esp32-generic-s3-stubs,1.24.1.post1
61,esp32,esp32-generic-s3,1.24.1,2025-09-01,micropython-esp32-esp32-generic-s3-stubs,1.24.1.post2
915,esp32,esp32-generic-s3,1.26.0,2025-09-01,micropython-esp32-esp32-generic-s3-stubs,1.26.0.post1
8,esp32,esp32-generic,1.21.0,2025-09-01,micropython-esp32-esp32-generic-stubs,1.21.0.post1
22,esp32,esp32-generic,1.21.0,2025-09-01,micropython-esp32-esp32-generic-stubs,1.21.0.post2
17,esp32,esp32-generic,1.22.0,2025-09-01,micropython-esp32-esp32-generic-stubs,1.22.0.post1
7,esp32,esp32-generic,1.23.0,2025-09-01,micropython-esp32-esp32-generic-stubs,1.23.0.post1
17,esp32,esp32-generic,1.23.0,2025-09-01,micropython-esp32-esp32-generic-stubs,1.23.0.post2
5,esp32,esp32-generic,1.24.1,2025-09-01,micropython-esp32-esp32-generic-stubs,1.24.1.post1
31,esp32,esp32-generic,1.24.1,2025-09-01,micropython-esp32-esp32-generic-stubs,1.24.1.post2
7,esp32,esp32-generic,1.25.0,2025-09-01,micropython-esp32-esp32-generic-stubs,1.25.0.post1
6,esp32,esp32-generic,1.25.0,2025-09-01,micropython-esp32-esp32-generic-stubs,1.25.0.post2
6,esp32,esp32-generic,1.25.0,2025-09-01,micropython-esp32-esp32-generic-stubs,1.25.0.post3
8,esp32,esp32-generic,1.25.0,2025-09-01,micropython-esp32-esp32-generic-stubs,1.25.0.post4
96,esp32,esp32-generic,1.25.0,2025-09-01,micropython-esp32-esp32-generic-stubs,1.25.0.post5
523,esp32,esp32-generic,1.26.0,2025-09-01,micropython-esp32-esp32-generic-stubs,1.26.0.post1
5,esp32,generic-ota,1.20.0,2025-09-01,micropython-esp32-generic-ota-stubs,1.20.0.post1
29,esp32,generic-ota,1.20.0,2025-09-01,micropython-esp32-generic-ota-stubs,1.20.0.post2
17,esp32,generic-s3,1.19.1,2025-09-01,micropython-esp32-generic-s3-stubs,1.19.1.post1
4,esp32,generic-s3,1.20.0,2025-09-01,micropython-esp32-generic-s3-stubs,1.20.0.post1
38,esp32,generic-s3,1.20.0,2025-09-01,micropython-esp32-generic-s3-stubs,1.20.0.post2
34,esp32,generic-spiram,1.19.1,2025-09-01,micropython-esp32-generic-spiram-stubs,1.19.1.post1
4,esp32,ota,1.20.0,2025-09-01,micropython-esp32-ota-stubs,1.20.0.post1
26,esp32,ota,1.20.0,2025-09-01,micropython-esp32-ota-stubs,1.20.0.post2
19,esp32,s3,1.19.1,2025-09-01,micropython-esp32-s3-stubs,1.19.1.post1
65,esp32,s3,1.20.0,2025-09-01,micropython-esp32-s3-stubs,1.20.0.post1
7,esp32,,1.17,2025-09-01,micropython-esp32-stubs,1.17.post1
7,esp32,,1.17,2025-09-01,micropython-esp32-stubs,1.17.post2
6,esp32,,1.17,2025-09-01,micropython-esp32-stubs,1.17.post3
7,esp32,,1.18,2025-09-01,micropython-esp32-stubs,1.18.post1
5,esp32,,1.18,2025-09-01,micropython-esp32-stubs,1.18.post2
8,esp32,,1.18,2025-09-01,micropython-esp32-stubs,1.18.post3
5,esp32,,1.19.1,2025-09-01,micropython-esp32-stubs,1.19.1.post10
183,esp32,,1.19.1,2025-09-01,micropython-esp32-stubs,1.19.1.post11
6,esp32,,1.19.1,2025-09-01,micropython-esp32-stubs,1.19.1.post12
4,esp32,,1.19.1,2025-09-01,micropython-esp32-stubs,1.19.1.post13
5,esp32,,1.19.1,2025-09-01,micropython-esp32-stubs,1.19.1.post14
24,esp32,,1.19.1,2025-09-01,micropython-esp32-stubs,1.19.1.post15
6,esp32,,1.19.1,2025-09-01,micropython-esp32-stubs,1.19.1.post2
5,esp32,,1.19.1,2025-09-01,micropython-esp32-stubs,1.19.1.post3
5,esp32,,1.19.1,2025-09-01,micropython-esp32-stubs,1.19.1.post4
6,esp32,,1.19.1,2025-09-01,micropython-esp32-stubs,1.19.1.post5
3,esp32,,1.19.1,2025-09-01,micropython-esp32-stubs,1.19.1.post6
3,esp32,,1.19.1,2025-09-01,micropython-esp32-stubs,1.19.1.post7
5,esp32,,1.19.1,2025-09-01,micropython-esp32-stubs,1.19.1.post8
4,esp32,,1.19.1,2025-09-01,micropython-esp32-stubs,1.19.1.post9
6,esp32,,1.20.0,2025-09-01,micropython-esp32-stubs,1.20.0.post1
5,esp32,,1.20.0,2025-09-01,micropython-esp32-stubs,1.20.0.post2
7,esp32,,1.20.0,2025-09-01,micropython-esp32-stubs,1.20.0.post3
6,esp32,,1.20.0,2025-09-01,micropython-esp32-stubs,1.20.0.post4
32,esp32,,1.20.0,2025-09-01,micropython-esp32-stubs,1.20.0.post5
6,esp32,,1.21.0,2025-09-01,micropython-esp32-stubs,1.21.0.post1
5,esp32,,1.21.0,2025-09-01,micropython-esp32-stubs,1.21.0.post2
5,esp32,,1.21.0,2025-09-01,micropython-esp32-stubs,1.21.0.post3
24,esp32,,1.21.0,2025-09-01,micropython-esp32-stubs,1.21.0.post4
7,esp32,,,2025-09-01,micropython-esp32-stubs,1.21.0a489
23,esp32,,1.22.0,2025-09-01,micropython-esp32-stubs,1.22.0.post1
7,esp32,,1.23.0,2025-09-01,micropython-esp32-stubs,1.23.0.post1
124,esp32,,1.23.0,2025-09-01,micropython-esp32-stubs,1.23.0.post2
7,esp32,,,2025-09-01,micropython-esp32-stubs,1.23.0a87
14,esp32,,1.24.1,2025-09-01,micropython-esp32-stubs,1.24.1.post1
40,esp32,,1.24.1,2025-09-01,micropython-esp32-stubs,1.24.1.post2
10,esp32,,1.25.0,2025-09-01,micropython-esp32-stubs,1.25.0.post1
30,esp32,,1.25.0,2025-09-01,micropython-esp32-stubs,1.25.0.post2
8,esp32,,1.25.0,2025-09-01,micropython-esp32-stubs,1.25.0.post3
11,esp32,,1.25.0,2025-09-01,micropython-esp32-stubs,1.25.0.post4
86,esp32,,1.25.0,2025-09-01,micropython-esp32-stubs,1.25.0.post5
833,esp32,,1.26.0,2025-09-01,micropython-esp32-stubs,1.26.0.post1
4,esp32,um-tinypico,1.19.1,2025-09-01,micropython-esp32-um-tinypico-stubs,1.19.1.post2
5,esp32,um-tinypico,1.19.1,2025-09-01,micropython-esp32-um-tinypico-stubs,1.19.1.post3
4,esp32,um-tinypico,1.19.1,2025-09-01,micropython-esp32-um-tinypico-stubs,1.19.1.post4
2,esp32,um-tinypico,1.19.1,2025-09-01,micropython-esp32-um-tinypico-stubs,1.19.1.post5
3,esp32,um-tinypico,1.19.1,2025-09-01,micropython-esp32-um-tinypico-stubs,1.19.1.post6
4,esp32,um-tinypico,1.19.1,2025-09-01,micropython-esp32-um-tinypico-stubs,1.19.1.post7
28,esp32,um-tinypico,1.19.1,2025-09-01,micropython-esp32-um-tinypico-stubs,1.19.1.post8
7,esp8266,esp8266-generic,1.23.0,2025-09-01,micropython-esp8266-esp8266-generic-stubs,1.23.0.post1
18,esp8266,esp8266-generic,1.23.0,2025-09-01,micropython-esp8266-esp8266-generic-stubs,1.23.0.post2
9,esp8266,esp8266-generic,1.25.0,2025-09-01,micropython-esp8266-esp8266-generic-stubs,1.25.0.post1
6,esp8266,esp8266-generic,1.25.0,2025-09-01,micropython-esp8266-esp8266-generic-stubs,1.25.0.post2
8,esp8266,esp8266-generic,1.25.0,2025-09-01,micropython-esp8266-esp8266-generic-stubs,1.25.0.post3
29,esp8266,esp8266-generic,1.25.0,2025-09-01,micropython-esp8266-esp8266-generic-stubs,1.25.0.post4
201,esp8266,esp8266-generic,1.26.0,2025-09-01,micropython-esp8266-esp8266-generic-stubs,1.26.0.post1
5,esp8266,,1.17,2025-09-01,micropython-esp8266-stubs,1.17.post1
4,esp8266,,1.17,2025-09-01,micropython-esp8266-stubs,1.17.post2
7,esp8266,,1.17,2025-09-01,micropython-esp8266-stubs,1.17.post3
7,esp8266,,1.18,2025-09-01,micropython-esp8266-stubs,1.18.post1
5,esp8266,,1.18,2025-09-01,micropython-esp8266-stubs,1.18.post2
4,esp8266,,1.18,2025-09-01,micropython-esp8266-stubs,1.18.post3
7,esp8266,,1.18,2025-09-01,micropython-esp8266-stubs,1.18.post4
5,esp8266,,1.19.1,2025-09-01,micropython-esp8266-stubs,1.19.1.post1
7,esp8266,,1.19.1,2025-09-01,micropython-esp8266-stubs,1.19.1.post10
3,esp8266,,1.19.1,2025-09-01,micropython-esp8266-stubs,1.19.1.post11
18,esp8266,,1.19.1,2025-09-01,micropython-esp8266-stubs,1.19.1.post12
6,esp8266,,1.19.1,2025-09-01,micropython-esp8266-stubs,1.19.1.post2
5,esp8266,,1.19.1,2025-09-01,micropython-esp8266-stubs,1.19.1.post3
6,esp8266,,1.19.1,2025-09-01,micropython-esp8266-stubs,1.19.1.post4
7,esp8266,,1.19.1,2025-09-01,micropython-esp8266-stubs,1.19.1.post5
6,esp8266,,1.19.1,2025-09-01,micropython-esp8266-stubs,1.19.1.post6
4,esp8266,,1.19.1,2025-09-01,micropython-esp8266-stubs,1.19.1.post7
3,esp8266,,1.19.1,2025-09-01,micropython-esp8266-stubs,1.19.1.post8
7,esp8266,,1.19.1,2025-09-01,micropython-esp8266-stubs,1.19.1.post9
6,esp8266,,1.23.0,2025-09-01,micropython-esp8266-stubs,1.23.0.post1
22,esp8266,,1.23.0,2025-09-01,micropython-esp8266-stubs,1.23.0.post2
24,esp8266,,1.24.1,2025-09-01,micropython-esp8266-stubs,1.24.1.post1
9,esp8266,,1.25.0,2025-09-01,micropython-esp8266-stubs,1.25.0.post1
5,esp8266,,1.25.0,2025-09-01,micropython-esp8266-stubs,1.25.0.post2
7,esp8266,,1.25.0,2025-09-01,micropython-esp8266-stubs,1.25.0.post3
37,esp8266,,1.25.0,2025-09-01,micropython-esp8266-stubs,1.25.0.post4
308,esp8266,,1.26.0,2025-09-01,micropython-esp8266-stubs,1.26.0.post1
4,rp2,arduino-nano-rp2040-connect,1.22.0,2025-09-01,micropython-rp2-arduino-nano-rp2040-connect-stubs,1.22.0.post1
4,rp2,arduino-nano-rp2040-connect,1.22.1,2025-09-01,micropython-rp2-arduino-nano-rp2040-connect-stubs,1.22.1.post1
25,rp2,arduino-nano-rp2040-connect,1.22.1,2025-09-01,micropython-rp2-arduino-nano-rp2040-connect-stubs,1.22.1.post2
7,rp2,arduino-nano-rp2040-connect,1.24.1,2025-09-01,micropython-rp2-arduino-nano-rp2040-connect-stubs,1.24.1.post1
83,rp2,arduino-nano-rp2040-connect,1.24.1,2025-09-01,micropython-rp2-arduino-nano-rp2040-connect-stubs,1.24.1.post2
3,rp2,pico,1.20.0,2025-09-01,micropython-rp2-pico-stubs,1.20.0.post1
3,rp2,pico,1.20.0,2025-09-01,micropython-rp2-pico-stubs,1.20.0.post2
9,rp2,pico,1.20.0,2025-09-01,micropython-rp2-pico-stubs,1.20.0.post3
3,rp2,pico,1.20.0,2025-09-01,micropython-rp2-pico-stubs,1.20.0.post4
503,rp2,pico,1.20.0,2025-09-01,micropython-rp2-pico-stubs,1.20.0.post5
2,rp2,pico-w,1.20.0,2025-09-01,micropython-rp2-pico-w-stubs,1.20.0.post1
3,rp2,pico-w,1.20.0,2025-09-01,micropython-rp2-pico-w-stubs,1.20.0.post2
3,rp2,pico-w,1.20.0,2025-09-01,micropython-rp2-pico-w-stubs,1.20.0.post3
4,rp2,pico-w,1.20.0,2025-09-01,micropython-rp2-pico-w-stubs,1.20.0.post4
204,rp2,pico-w,1.20.0,2025-09-01,micropython-rp2-pico-w-stubs,1.20.0.post5
4,rp2,pimoroni-picolipo-16mb,1.20.0,2025-09-01,micropython-rp2-pimoroni-picolipo-16mb-stubs,1.20.0.post1
4,rp2,pimoroni-picolipo-16mb,1.20.0,2025-09-01,micropython-rp2-pimoroni-picolipo-16mb-stubs,1.20.0.post2
19,rp2,pimoroni-picolipo-16mb,1.20.0,2025-09-01,micropython-rp2-pimoroni-picolipo-16mb-stubs,1.20.0.post3
29,rp2,pimoroni-picolipo-16mb,1.22.0,2025-09-01,micropython-rp2-pimoroni-picolipo-16mb-stubs,1.22.0.post1
219,rp2,pimoroni-picolipo,1.26.0,2025-09-01,micropython-rp2-pimoroni-picolipo-stubs,1.26.0.post1
4,rp2,rpi-pico,1.21.0,2025-09-01,micropython-rp2-rpi-pico-stubs,1.21.0.post1
5,rp2,rpi-pico,1.21.0,2025-09-01,micropython-rp2-rpi-pico-stubs,1.21.0.post2
26,rp2,rpi-pico,1.21.0,2025-09-01,micropython-rp2-rpi-pico-stubs,1.21.0.post3
5,rp2,rpi-pico,1.22.0,2025-09-01,micropython-rp2-rpi-pico-stubs,1.22.0.post1
6,rp2,rpi-pico,1.22.1,2025-09-01,micropython-rp2-rpi-pico-stubs,1.22.1.post1
29,rp2,rpi-pico,1.22.1,2025-09-01,micropython-rp2-rpi-pico-stubs,1.22.1.post2
6,rp2,rpi-pico,1.23.0,2025-09-01,micropython-rp2-rpi-pico-stubs,1.23.0.post1
22,rp2,rpi-pico,1.23.0,2025-09-01,micropython-rp2-rpi-pico-stubs,1.23.0.post2
5,rp2,rpi-pico,1.24.1,2025-09-01,micropython-rp2-rpi-pico-stubs,1.24.1.post1
27,rp2,rpi-pico,1.24.1,2025-09-01,micropython-rp2-rpi-pico-stubs,1.24.1.post2
8,rp2,rpi-pico,1.25.0,2025-09-01,micropython-rp2-rpi-pico-stubs,1.25.0.post1
9,rp2,rpi-pico,1.25.0,2025-09-01,micropython-rp2-rpi-pico-stubs,1.25.0.post2
73,rp2,rpi-pico,1.25.0,2025-09-01,micropython-rp2-rpi-pico-stubs,1.25.0.post3
370,rp2,rpi-pico,1.26.0,2025-09-01,micropython-rp2-rpi-pico-stubs,1.26.0.post1
4,rp2,rpi-pico-w,1.21.0,2025-09-01,micropython-rp2-rpi-pico-w-stubs,1.21.0.post1
6,rp2,rpi-pico-w,1.21.0,2025-09-01,micropython-rp2-rpi-pico-w-stubs,1.21.0.post2
25,rp2,rpi-pico-w,1.21.0,2025-09-01,micropython-rp2-rpi-pico-w-stubs,1.21.0.post3
4,rp2,rpi-pico-w,1.22.0,2025-09-01,micropython-rp2-rpi-pico-w-stubs,1.22.0.post1
5,rp2,rpi-pico-w,1.22.1,2025-09-01,micropython-rp2-rpi-pico-w-stubs,1.22.1.post1
25,rp2,rpi-pico-w,1.22.1,2025-09-01,micropython-rp2-rpi-pico-w-stubs,1.22.1.post2
9,rp2,rpi-pico-w,1.23.0,2025-09-01,micropython-rp2-rpi-pico-w-stubs,1.23.0.post1
31,rp2,rpi-pico-w,1.23.0,2025-09-01,micropython-rp2-rpi-pico-w-stubs,1.23.0.post2
5,rp2,rpi-pico-w,1.24.1,2025-09-01,micropython-rp2-rpi-pico-w-stubs,1.24.1.post1
37,rp2,rpi-pico-w,1.24.1,2025-09-01,micropython-rp2-rpi-pico-w-stubs,1.24.1.post2
9,rp2,rpi-pico-w,1.25.0,2025-09-01,micropython-rp2-rpi-pico-w-stubs,1.25.0.post1
7,rp2,rpi-pico-w,1.25.0,2025-09-01,micropython-rp2-rpi-pico-w-stubs,1.25.0.post2
7,rp2,rpi-pico-w,1.25.0,2025-09-01,micropython-rp2-rpi-pico-w-stubs,1.25.0.post3
73,rp2,rpi-pico-w,1.25.0,2025-09-01,micropython-rp2-rpi-pico-w-stubs,1.25.0.post4
514,rp2,rpi-pico-w,1.26.0,2025-09-01,micropython-rp2-rpi-pico-w-stubs,1.26.0.post1
5,rp2,rpi-pico2,1.24.1,2025-09-01,micropython-rp2-rpi-pico2-stubs,1.24.1.post1
28,rp2,rpi-pico2,1.24.1,2025-09-01,micropython-rp2-rpi-pico2-stubs,1.24.1.post2
6,rp2,rpi-pico2,1.25.0,2025-09-01,micropython-rp2-rpi-pico2-stubs,1.25.0.post1
6,rp2,rpi-pico2,1.25.0,2025-09-01,micropython-rp2-rpi-pico2-stubs,1.25.0.post2
39,rp2,rpi-pico2,1.25.0,2025-09-01,micropython-rp2-rpi-pico2-stubs,1.25.0.post3
229,rp2,rpi-pico2,1.26.0,2025-09-01,micropython-rp2-rpi-pico2-stubs,1.26.0.post1
7,rp2,rpi-pico2-w,1.25.0,2025-09-01,micropython-rp2-rpi-pico2-w-stubs,1.25.0.post1
7,rp2,rpi-pico2-w,1.25.0,2025-09-01,micropython-rp2-rpi-pico2-w-stubs,1.25.0.post2
6,rp2,rpi-pico2-w,1.25.0,2025-09-01,micropython-rp2-rpi-pico2-w-stubs,1.25.0.post3
64,rp2,rpi-pico2-w,1.25.0,2025-09-01,micropython-rp2-rpi-pico2-w-stubs,1.25.0.post4
445,rp2,rpi-pico2-w,1.26.0,2025-09-01,micropython-rp2-rpi-pico2-w-stubs,1.26.0.post1
4,rp2,,1.17,2025-09-01,micropython-rp2-stubs,1.17.post1
4,rp2,,1.17,2025-09-01,micropython-rp2-stubs,1.17.post2
3,rp2,,1.17,2025-09-01,micropython-rp2-stubs,1.17.post3
811,rp2,,1.18,2025-09-01,micropython-rp2-stubs,1.18.post1
5,rp2,,1.18,2025-09-01,micropython-rp2-stubs,1.18.post2
5,rp2,,1.18,2025-09-01,micropython-rp2-stubs,1.18.post3
4,rp2,,1.19.1,2025-09-01,micropython-rp2-stubs,1.19.1.post10
6,rp2,,1.19.1,2025-09-01,micropython-rp2-stubs,1.19.1.post11
6,rp2,,1.19.1,2025-09-01,micropython-rp2-stubs,1.19.1.post12
3,rp2,,1.19.1,2025-09-01,micropython-rp2-stubs,1.19.1.post13
20,rp2,,1.19.1,2025-09-01,micropython-rp2-stubs,1.19.1.post14
8,rp2,,1.19.1,2025-09-01,micropython-rp2-stubs,1.19.1.post6
5,rp2,,1.19.1,2025-09-01,micropython-rp2-stubs,1.19.1.post7
8,rp2,,1.19.1,2025-09-01,micropython-rp2-stubs,1.19.1.post8
4,rp2,,1.19.1,2025-09-01,micropython-rp2-stubs,1.19.1.post9
5,rp2,,1.20.0,2025-09-01,micropython-rp2-stubs,1.20.0.post1
6,rp2,,1.20.0,2025-09-01,micropython-rp2-stubs,1.20.0.post2
7,rp2,,1.20.0,2025-09-01,micropython-rp2-stubs,1.20.0.post3
4,rp2,,1.20.0,2025-09-01,micropython-rp2-stubs,1.20.0.post4
28,rp2,,1.20.0,2025-09-01,micropython-rp2-stubs,1.20.0.post5
6,rp2,,1.21.0,2025-09-01,micropython-rp2-stubs,1.21.0.post1
20,rp2,,1.21.0,2025-09-01,micropython-rp2-stubs,1.21.0.post2
5,rp2,,1.22.0,2025-09-01,micropython-rp2-stubs,1.22.0.post1
3,rp2,,1.22.1,2025-09-01,micropython-rp2-stubs,1.22.1.post1
38,rp2,,1.22.1,2025-09-01,micropython-rp2-stubs,1.22.1.post2
6,rp2,,1.23.0,2025-09-01,micropython-rp2-stubs,1.23.0.post1
62,rp2,,1.23.0,2025-09-01,micropython-rp2-stubs,1.23.0.post2
8,rp2,,1.24.1,2025-09-01,micropython-rp2-stubs,1.24.1.post1
53,rp2,,1.24.1,2025-09-01,micropython-rp2-stubs,1.24.1.post2
10,rp2,,1.25.0,2025-09-01,micropython-rp2-stubs,1.25.0.post1
8,rp2,,1.25.0,2025-09-01,micropython-rp2-stubs,1.25.0.post2
66,rp2,,1.25.0,2025-09-01,micropython-rp2-stubs,1.25.0.post3
345,rp2,,1.26.0,2025-09-01,micropython-rp2-stubs,1.26.0.post1
4,samd,adafruit-feather-m4-express,1.20.0,2025-09-01,micropython-samd-adafruit-feather-m4-express-stubs,1.20.0.post1
2,samd,adafruit-feather-m4-express,1.20.0,2025-09-01,micropython-samd-adafruit-feather-m4-express-stubs,1.20.0.post2
3,samd,adafruit-feather-m4-express,1.20.0,2025-09-01,micropython-samd-adafruit-feather-m4-express-stubs,1.20.0.post3
30,samd,adafruit-feather-m4-express,1.20.0,2025-09-01,micropython-samd-adafruit-feather-m4-express-stubs,1.20.0.post4
5,samd,adafruit-itsybitsy-m4-express,1.20.0,2025-09-01,micropython-samd-adafruit-itsybitsy-m4-express-stubs,1.20.0.post1
3,samd,adafruit-itsybitsy-m4-express,1.20.0,2025-09-01,micropython-samd-adafruit-itsybitsy-m4-express-stubs,1.20.0.post2
2,samd,adafruit-itsybitsy-m4-express,1.20.0,2025-09-01,micropython-samd-adafruit-itsybitsy-m4-express-stubs,1.20.0.post3
27,samd,adafruit-itsybitsy-m4-express,1.20.0,2025-09-01,micropython-samd-adafruit-itsybitsy-m4-express-stubs,1.20.0.post4
4,samd,minisam-m4,1.20.0,2025-09-01,micropython-samd-minisam-m4-stubs,1.20.0.post1
5,samd,minisam-m4,1.20.0,2025-09-01,micropython-samd-minisam-m4-stubs,1.20.0.post2
3,samd,minisam-m4,1.20.0,2025-09-01,micropython-samd-minisam-m4-stubs,1.20.0.post3
24,samd,minisam-m4,1.20.0,2025-09-01,micropython-samd-minisam-m4-stubs,1.20.0.post4
4,samd,seeed-wio-terminal,1.20.0,2025-09-01,micropython-samd-seeed-wio-terminal-stubs,1.20.0.post1
4,samd,seeed-wio-terminal,1.20.0,2025-09-01,micropython-samd-seeed-wio-terminal-stubs,1.20.0.post2
5,samd,seeed-wio-terminal,1.20.0,2025-09-01,micropython-samd-seeed-wio-terminal-stubs,1.20.0.post3
5,samd,seeed-wio-terminal,1.20.0,2025-09-01,micropython-samd-seeed-wio-terminal-stubs,1.20.0.post4
16,samd,seeed-wio-terminal,1.20.0,2025-09-01,micropython-samd-seeed-wio-terminal-stubs,1.20.0.post5
4,samd,seeed-wio-terminal,1.21.0,2025-09-01,micropython-samd-seeed-wio-terminal-stubs,1.21.0.post1
6,samd,seeed-wio-terminal,1.21.0,2025-09-01,micropython-samd-seeed-wio-terminal-stubs,1.21.0.post2
16,samd,seeed-wio-terminal,1.21.0,2025-09-01,micropython-samd-seeed-wio-terminal-stubs,1.21.0.post3
5,samd,seeed-wio-terminal,1.22.0,2025-09-01,micropython-samd-seeed-wio-terminal-stubs,1.22.0.post1
15,samd,seeed-wio-terminal,1.22.1,2025-09-01,micropython-samd-seeed-wio-terminal-stubs,1.22.1.post1
4,samd,seeed-wio-terminal,1.23.0,2025-09-01,micropython-samd-seeed-wio-terminal-stubs,1.23.0.post1
15,samd,seeed-wio-terminal,1.23.0,2025-09-01,micropython-samd-seeed-wio-terminal-stubs,1.23.0.post2
4,samd,seeed-wio-terminal,1.24.1,2025-09-01,micropython-samd-seeed-wio-terminal-stubs,1.24.1.post1
18,samd,seeed-wio-terminal,1.24.1,2025-09-01,micropython-samd-seeed-wio-terminal-stubs,1.24.1.post2
6,samd,seeed-wio-terminal,1.25.0,2025-09-01,micropython-samd-seeed-wio-terminal-stubs,1.25.0.post1
7,samd,seeed-wio-terminal,1.25.0,2025-09-01,micropython-samd-seeed-wio-terminal-stubs,1.25.0.post2
23,samd,seeed-wio-terminal,1.25.0,2025-09-01,micropython-samd-seeed-wio-terminal-stubs,1.25.0.post3
151,samd,seeed-wio-terminal,1.26.0,2025-09-01,micropython-samd-seeed-wio-terminal-stubs,1.26.0.post1
4,samd,,1.20.0,2025-09-01,micropython-samd-stubs,1.20.0.post1
18,samd,,1.20.0,2025-09-01,micropython-samd-stubs,1.20.0.post2
5,samd,,1.21.0,2025-09-01,micropython-samd-stubs,1.21.0.post1
19,samd,,1.21.0,2025-09-01,micropython-samd-stubs,1.21.0.post2
7,samd,,1.22.0,2025-09-01,micropython-samd-stubs,1.22.0.post1
15,samd,,1.22.1,2025-09-01,micropython-samd-stubs,1.22.1.post1
4,samd,,1.23.0,2025-09-01,micropython-samd-stubs,1.23.0.post1
17,samd,,1.23.0,2025-09-01,micropython-samd-stubs,1.23.0.post2
4,samd,,,2025-09-01,micropython-samd-stubs,1.23.0a87
6,samd,,1.24.1,2025-09-01,micropython-samd-stubs,1.24.1.post1
19,samd,,1.24.1,2025-09-01,micropython-samd-stubs,1.24.1.post2
7,samd,,1.25.0,2025-09-01,micropython-samd-stubs,1.25.0.post1
9,samd,,1.25.0,2025-09-01,micropython-samd-stubs,1.25.0.post2
27,samd,,1.25.0,2025-09-01,micropython-samd-stubs,1.25.0.post3
142,samd,,1.26.0,2025-09-01,micropython-samd-stubs,1.26.0.post1
189,stdlib,,,2025-09-01,micropython-stdlib-stubs,0.9.0
12,stdlib,,,2025-09-01,micropython-stdlib-stubs,1.0.0
7,stdlib,,,2025-09-01,micropython-stdlib-stubs,1.0.0rc2
8,stdlib,,,2025-09-01,micropython-stdlib-stubs,1.0.1a0
9,stdlib,,,2025-09-01,micropython-stdlib-stubs,1.0.1a1
8,stdlib,,,2025-09-01,micropython-stdlib-stubs,1.0.1a2
8,stdlib,,,2025-09-01,micropython-stdlib-stubs,1.1.0
8,stdlib,,,2025-09-01,micropython-stdlib-stubs,1.1.1
7,stdlib,,,2025-09-01,micropython-stdlib-stubs,1.1.1a2
832,stdlib,,,2025-09-01,micropython-stdlib-stubs,1.1.2
7,stdlib,,,2025-09-01,micropython-stdlib-stubs,1.1.2a0
76,stdlib,,,2025-09-01,micropython-stdlib-stubs,1.23.0
24,stdlib,,,2025-09-01,micropython-stdlib-stubs,1.24.0
15,stdlib,,,2025-09-01,micropython-stdlib-stubs,1.24.1
121,stdlib,,1.24.1,2025-09-01,micropython-stdlib-stubs,1.24.1.post2
299,stdlib,,,2025-09-01,micropython-stdlib-stubs,1.25.0
79,stdlib,,,2025-09-01,micropython-stdlib-stubs,1.26.0
58,stdlib,,1.26.0,2025-09-01,micropython-stdlib-stubs,1.26.0.post1
103,stdlib,,1.26.0,2025-09-01,micropython-stdlib-stubs,1.26.0.post2
4221,stdlib,,1.26.0,2025-09-01,micropython-stdlib-stubs,1.26.0.post3
5,stm32,pybv11,1.20.0,2025-09-01,micropython-stm32-pybv11-stubs,1.20.0.post1
5,stm32,pybv11,1.20.0,2025-09-01,micropython-stm32-pybv11-stubs,1.20.0.post2
5,stm32,pybv11,1.20.0,2025-09-01,micropython-stm32-pybv11-stubs,1.20.0.post3
6,stm32,pybv11,1.20.0,2025-09-01,micropython-stm32-pybv11-stubs,1.20.0.post4
8,stm32,pybv11,1.20.0,2025-09-01,micropython-stm32-pybv11-stubs,1.20.0.post5
19,stm32,pybv11,1.20.0,2025-09-01,micropython-stm32-pybv11-stubs,1.20.0.post6
4,stm32,pybv11,1.21.0,2025-09-01,micropython-stm32-pybv11-stubs,1.21.0.post1
5,stm32,pybv11,1.21.0,2025-09-01,micropython-stm32-pybv11-stubs,1.21.0.post2
19,stm32,pybv11,1.21.0,2025-09-01,micropython-stm32-pybv11-stubs,1.21.0.post3
6,stm32,pybv11,1.22.0,2025-09-01,micropython-stm32-pybv11-stubs,1.22.0.post1
20,stm32,pybv11,1.22.0,2025-09-01,micropython-stm32-pybv11-stubs,1.22.0.post2
5,stm32,pybv11,1.23.0,2025-09-01,micropython-stm32-pybv11-stubs,1.23.0.post1
19,stm32,pybv11,1.23.0,2025-09-01,micropython-stm32-pybv11-stubs,1.23.0.post2
6,stm32,pybv11,1.24.1,2025-09-01,micropython-stm32-pybv11-stubs,1.24.1.post1
19,stm32,pybv11,1.24.1,2025-09-01,micropython-stm32-pybv11-stubs,1.24.1.post2
9,stm32,pybv11,1.25.0,2025-09-01,micropython-stm32-pybv11-stubs,1.25.0.post1
8,stm32,pybv11,1.25.0,2025-09-01,micropython-stm32-pybv11-stubs,1.25.0.post2
29,stm32,pybv11,1.25.0,2025-09-01,micropython-stm32-pybv11-stubs,1.25.0.post3
150,stm32,pybv11,1.26.0,2025-09-01,micropython-stm32-pybv11-stubs,1.26.0.post1
6,stm32,,1.17,2025-09-01,micropython-stm32-stubs,1.17.post1
4,stm32,,1.17,2025-09-01,micropython-stm32-stubs,1.17.post2
4,stm32,,1.17,2025-09-01,micropython-stm32-stubs,1.17.post3
6,stm32,,1.18,2025-09-01,micropython-stm32-stubs,1.18.post1
4,stm32,,1.18,2025-09-01,micropython-stm32-stubs,1.18.post2
6,stm32,,1.18,2025-09-01,micropython-stm32-stubs,1.18.post3
7,stm32,,1.18,2025-09-01,micropython-stm32-stubs,1.18.post4
5,stm32,,1.19.1,2025-09-01,micropython-stm32-stubs,1.19.1.post1
4,stm32,,1.19.1,2025-09-01,micropython-stm32-stubs,1.19.1.post10
4,stm32,,1.19.1,2025-09-01,micropython-stm32-stubs,1.19.1.post11
21,stm32,,1.19.1,2025-09-01,micropython-stm32-stubs,1.19.1.post12
7,stm32,,1.19.1,2025-09-01,micropython-stm32-stubs,1.19.1.post2
8,stm32,,1.19.1,2025-09-01,micropython-stm32-stubs,1.19.1.post3
8,stm32,,1.19.1,2025-09-01,micropython-stm32-stubs,1.19.1.post4
4,stm32,,1.19.1,2025-09-01,micropython-stm32-stubs,1.19.1.post5
6,stm32,,1.19.1,2025-09-01,micropython-stm32-stubs,1.19.1.post6
4,stm32,,1.19.1,2025-09-01,micropython-stm32-stubs,1.19.1.post7
5,stm32,,1.19.1,2025-09-01,micropython-stm32-stubs,1.19.1.post8
6,stm32,,1.19.1,2025-09-01,micropython-stm32-stubs,1.19.1.post9
6,stm32,,1.20.0,2025-09-01,micropython-stm32-stubs,1.20.0.post1
6,stm32,,1.20.0,2025-09-01,micropython-stm32-stubs,1.20.0.post2
5,stm32,,1.20.0,2025-09-01,micropython-stm32-stubs,1.20.0.post3
5,stm32,,1.20.0,2025-09-01,micropython-stm32-stubs,1.20.0.post4
22,stm32,,1.20.0,2025-09-01,micropython-stm32-stubs,1.20.0.post5
4,stm32,,1.21.0,2025-09-01,micropython-stm32-stubs,1.21.0.post1
17,stm32,,1.21.0,2025-09-01,micropython-stm32-stubs,1.21.0.post2
18,stm32,,1.22.0,2025-09-01,micropython-stm32-stubs,1.22.0.post1
4,stm32,,1.23.0,2025-09-01,micropython-stm32-stubs,1.23.0.post1
26,stm32,,1.23.0,2025-09-01,micropython-stm32-stubs,1.23.0.post2
6,stm32,,1.24.1,2025-09-01,micropython-stm32-stubs,1.24.1.post1
21,stm32,,1.24.1,2025-09-01,micropython-stm32-stubs,1.24.1.post2
8,stm32,,1.25.0,2025-09-01,micropython-stm32-stubs,1.25.0.post1
8,stm32,,1.25.0,2025-09-01,micropython-stm32-stubs,1.25.0.post2
50,stm32,,1.25.0,2025-09-01,micropython-stm32-stubs,1.25.0.post3
427,stm32,,1.26.0,2025-09-01,micropython-stm32-stubs,1.26.0.post1
15,unix,,1.20.0,2025-09-01,micropython-unix-stubs,1.20.0.post1
14,unix,,1.21.0,2025-09-01,micropython-unix-stubs,1.21.0.post1
6,unix,,1.24.1,2025-09-01,micropython-unix-stubs,1.24.1.post1
64,unix,,1.24.1,2025-09-01,micropython-unix-stubs,1.24.1.post2
5,webassembly,,1.21.0,2025-09-01,micropython-webassembly-stubs,1.21.0.post1
16,webassembly,,1.21.0,2025-09-01,micropython-webassembly-stubs,1.21.0.post2
2,webassembly,,1.24.1,2025-09-01,micropython-webassembly-stubs,1.24.1.post1
24,webassembly,,1.24.1,2025-09-01,micropython-webassembly-stubs,1.24.1.post2
2,windows,,1.20.0,2025-09-01,micropython-windows-stubs,1.20.0.post1
4,windows,,1.21.0,2025-09-01,micropython-windows-stubs,1.21.0.post1
4,windows,,1.24.1,2025-09-01,micropython-windows-stubs,1.24.1.post1
4,windows,,1.24.1,2025-09-01,micropython-windows-stubs,1.24.1.post2
38,windows,,1.24.1,2025-09-01,micropython-windows-stubs,1.24.1.post3
8,esp32,esp32-generic-c3,1.23.0,2025-10-01,micropython-esp32-esp32-generic-c3-stubs,1.23.0.post1
136,esp32,esp32-generic-c3,1.23.0,2025-10-01,micropython-esp32-esp32-generic-c3-stubs,1.23.0.post2
5,esp32,esp32-generic-c6,1.24.1,2025-10-01,micropython-esp32-esp32-generic-c6-stubs,1.24.1.post1
30,esp32,esp32-generic-c6,1.24.1,2025-10-01,micropython-esp32-esp32-generic-c6-stubs,1.24.1.post2
5,esp32,esp32-generic-c6,1.25.0,2025-10-01,micropython-esp32-esp32-generic-c6-stubs,1.25.0.post1
5,esp32,esp32-generic-c6,1.25.0,2025-10-01,micropython-esp32-esp32-generic-c6-stubs,1.25.0.post2
6,esp32,esp32-generic-c6,1.25.0,2025-10-01,micropython-esp32-esp32-generic-c6-stubs,1.25.0.post3
32,esp32,esp32-generic-c6,1.25.0,2025-10-01,micropython-esp32-esp32-generic-c6-stubs,1.25.0.post4
133,esp32,esp32-generic-c6,1.26.0,2025-10-01,micropython-esp32-esp32-generic-c6-stubs,1.26.0.post1
7,esp32,esp32-generic-s2,1.25.0,2025-10-01,micropython-esp32-esp32-generic-s2-stubs,1.25.0.post1
6,esp32,esp32-generic-s2,1.25.0,2025-10-01,micropython-esp32-esp32-generic-s2-stubs,1.25.0.post2
5,esp32,esp32-generic-s2,1.25.0,2025-10-01,micropython-esp32-esp32-generic-s2-stubs,1.25.0.post3
31,esp32,esp32-generic-s2,1.25.0,2025-10-01,micropython-esp32-esp32-generic-s2-stubs,1.25.0.post4
104,esp32,esp32-generic-s2,1.26.0,2025-10-01,micropython-esp32-esp32-generic-s2-stubs,1.26.0.post1
26,esp32,esp32-generic-s3,1.22.0,2025-10-01,micropython-esp32-esp32-generic-s3-stubs,1.22.0.post1
7,esp32,esp32-generic-s3,1.23.0,2025-10-01,micropython-esp32-esp32-generic-s3-stubs,1.23.0.post1
27,esp32,esp32-generic-s3,1.23.0,2025-10-01,micropython-esp32-esp32-generic-s3-stubs,1.23.0.post2
5,esp32,esp32-generic-s3,1.24.1,2025-10-01,micropython-esp32-esp32-generic-s3-stubs,1.24.1.post1
38,esp32,esp32-generic-s3,1.24.1,2025-10-01,micropython-esp32-esp32-generic-s3-stubs,1.24.1.post2
520,esp32,esp32-generic-s3,1.26.0,2025-10-01,micropython-esp32-esp32-generic-s3-stubs,1.26.0.post1
3,esp32,esp32-generic,1.21.0,2025-10-01,micropython-esp32-esp32-generic-stubs,1.21.0.post1
27,esp32,esp32-generic,1.21.0,2025-10-01,micropython-esp32-esp32-generic-stubs,1.21.0.post2
35,esp32,esp32-generic,1.22.0,2025-10-01,micropython-esp32-esp32-generic-stubs,1.22.0.post1
4,esp32,esp32-generic,1.23.0,2025-10-01,micropython-esp32-esp32-generic-stubs,1.23.0.post1
28,esp32,esp32-generic,1.23.0,2025-10-01,micropython-esp32-esp32-generic-stubs,1.23.0.post2
5,esp32,esp32-generic,1.24.1,2025-10-01,micropython-esp32-esp32-generic-stubs,1.24.1.post1
31,esp32,esp32-generic,1.24.1,2025-10-01,micropython-esp32-esp32-generic-stubs,1.24.1.post2
5,esp32,esp32-generic,1.25.0,2025-10-01,micropython-esp32-esp32-generic-stubs,1.25.0.post1
16,esp32,esp32-generic,1.25.0,2025-10-01,micropython-esp32-esp32-generic-stubs,1.25.0.post2
5,esp32,esp32-generic,1.25.0,2025-10-01,micropython-esp32-esp32-generic-stubs,1.25.0.post3
6,esp32,esp32-generic,1.25.0,2025-10-01,micropython-esp32-esp32-generic-stubs,1.25.0.post4
45,esp32,esp32-generic,1.25.0,2025-10-01,micropython-esp32-esp32-generic-stubs,1.25.0.post5
719,esp32,esp32-generic,1.26.0,2025-10-01,micropython-esp32-esp32-generic-stubs,1.26.0.post1
13,esp32,generic-ota,1.20.0,2025-10-01,micropython-esp32-generic-ota-stubs,1.20.0.post1
46,esp32,generic-ota,1.20.0,2025-10-01,micropython-esp32-generic-ota-stubs,1.20.0.post2
26,esp32,generic-s3,1.19.1,2025-10-01,micropython-esp32-generic-s3-stubs,1.19.1.post1
5,esp32,generic-s3,1.20.0,2025-10-01,micropython-esp32-generic-s3-stubs,1.20.0.post1
53,esp32,generic-s3,1.20.0,2025-10-01,micropython-esp32-generic-s3-stubs,1.20.0.post2
38,esp32,generic-spiram,1.19.1,2025-10-01,micropython-esp32-generic-spiram-stubs,1.19.1.post1
2,esp32,ota,1.20.0,2025-10-01,micropython-esp32-ota-stubs,1.20.0.post1
39,esp32,ota,1.20.0,2025-10-01,micropython-esp32-ota-stubs,1.20.0.post2
26,esp32,s3,1.19.1,2025-10-01,micropython-esp32-s3-stubs,1.19.1.post1
72,esp32,s3,1.20.0,2025-10-01,micropython-esp32-s3-stubs,1.20.0.post1
3,esp32,,1.17,2025-10-01,micropython-esp32-stubs,1.17.post1
3,esp32,,1.17,2025-10-01,micropython-esp32-stubs,1.17.post2
4,esp32,,1.17,2025-10-01,micropython-esp32-stubs,1.17.post3
2,esp32,,1.18,2025-10-01,micropython-esp32-stubs,1.18.post1
4,esp32,,1.18,2025-10-01,micropython-esp32-stubs,1.18.post2
4,esp32,,1.18,2025-10-01,micropython-esp32-stubs,1.18.post3
3,esp32,,1.19.1,2025-10-01,micropython-esp32-stubs,1.19.1.post10
104,esp32,,1.19.1,2025-10-01,micropython-esp32-stubs,1.19.1.post11
2,esp32,,1.19.1,2025-10-01,micropython-esp32-stubs,1.19.1.post12
2,esp32,,1.19.1,2025-10-01,micropython-esp32-stubs,1.19.1.post13
3,esp32,,1.19.1,2025-10-01,micropython-esp32-stubs,1.19.1.post14
27,esp32,,1.19.1,2025-10-01,micropython-esp32-stubs,1.19.1.post15
2,esp32,,1.19.1,2025-10-01,micropython-esp32-stubs,1.19.1.post2
2,esp32,,1.19.1,2025-10-01,micropython-esp32-stubs,1.19.1.post3
36,esp32,,1.19.1,2025-10-01,micropython-esp32-stubs,1.19.1.post4
3,esp32,,1.19.1,2025-10-01,micropython-esp32-stubs,1.19.1.post5
3,esp32,,1.19.1,2025-10-01,micropython-esp32-stubs,1.19.1.post6
2,esp32,,1.19.1,2025-10-01,micropython-esp32-stubs,1.19.1.post7
2,esp32,,1.19.1,2025-10-01,micropython-esp32-stubs,1.19.1.post8
3,esp32,,1.19.1,2025-10-01,micropython-esp32-stubs,1.19.1.post9
4,esp32,,1.20.0,2025-10-01,micropython-esp32-stubs,1.20.0.post1
2,esp32,,1.20.0,2025-10-01,micropython-esp32-stubs,1.20.0.post2
2,esp32,,1.20.0,2025-10-01,micropython-esp32-stubs,1.20.0.post3
4,esp32,,1.20.0,2025-10-01,micropython-esp32-stubs,1.20.0.post4
50,esp32,,1.20.0,2025-10-01,micropython-esp32-stubs,1.20.0.post5
4,esp32,,1.21.0,2025-10-01,micropython-esp32-stubs,1.21.0.post1
3,esp32,,1.21.0,2025-10-01,micropython-esp32-stubs,1.21.0.post2
2,esp32,,1.21.0,2025-10-01,micropython-esp32-stubs,1.21.0.post3
26,esp32,,1.21.0,2025-10-01,micropython-esp32-stubs,1.21.0.post4
2,esp32,,,2025-10-01,micropython-esp32-stubs,1.21.0a489
34,esp32,,1.22.0,2025-10-01,micropython-esp32-stubs,1.22.0.post1
3,esp32,,1.23.0,2025-10-01,micropython-esp32-stubs,1.23.0.post1
80,esp32,,1.23.0,2025-10-01,micropython-esp32-stubs,1.23.0.post2
3,esp32,,,2025-10-01,micropython-esp32-stubs,1.23.0a87
5,esp32,,1.24.1,2025-10-01,micropython-esp32-stubs,1.24.1.post1
30,esp32,,1.24.1,2025-10-01,micropython-esp32-stubs,1.24.1.post2
11,esp32,,1.25.0,2025-10-01,micropython-esp32-stubs,1.25.0.post1
23,esp32,,1.25.0,2025-10-01,micropython-esp32-stubs,1.25.0.post2
7,esp32,,1.25.0,2025-10-01,micropython-esp32-stubs,1.25.0.post3
5,esp32,,1.25.0,2025-10-01,micropython-esp32-stubs,1.25.0.post4
51,esp32,,1.25.0,2025-10-01,micropython-esp32-stubs,1.25.0.post5
1078,esp32,,1.26.0,2025-10-01,micropython-esp32-stubs,1.26.0.post1
3,esp32,um-tinypico,1.19.1,2025-10-01,micropython-esp32-um-tinypico-stubs,1.19.1.post2
4,esp32,um-tinypico,1.19.1,2025-10-01,micropython-esp32-um-tinypico-stubs,1.19.1.post3
3,esp32,um-tinypico,1.19.1,2025-10-01,micropython-esp32-um-tinypico-stubs,1.19.1.post4
5,esp32,um-tinypico,1.19.1,2025-10-01,micropython-esp32-um-tinypico-stubs,1.19.1.post5
5,esp32,um-tinypico,1.19.1,2025-10-01,micropython-esp32-um-tinypico-stubs,1.19.1.post6
3,esp32,um-tinypico,1.19.1,2025-10-01,micropython-esp32-um-tinypico-stubs,1.19.1.post7
38,esp32,um-tinypico,1.19.1,2025-10-01,micropython-esp32-um-tinypico-stubs,1.19.1.post8
4,esp8266,esp8266-generic,1.23.0,2025-10-01,micropython-esp8266-esp8266-generic-stubs,1.23.0.post1
28,esp8266,esp8266-generic,1.23.0,2025-10-01,micropython-esp8266-esp8266-generic-stubs,1.23.0.post2
7,esp8266,esp8266-generic,1.25.0,2025-10-01,micropython-esp8266-esp8266-generic-stubs,1.25.0.post1
5,esp8266,esp8266-generic,1.25.0,2025-10-01,micropython-esp8266-esp8266-generic-stubs,1.25.0.post2
5,esp8266,esp8266-generic,1.25.0,2025-10-01,micropython-esp8266-esp8266-generic-stubs,1.25.0.post3
33,esp8266,esp8266-generic,1.25.0,2025-10-01,micropython-esp8266-esp8266-generic-stubs,1.25.0.post4
108,esp8266,esp8266-generic,1.26.0,2025-10-01,micropython-esp8266-esp8266-generic-stubs,1.26.0.post1
2,esp8266,,1.17,2025-10-01,micropython-esp8266-stubs,1.17.post1
2,esp8266,,1.17,2025-10-01,micropython-esp8266-stubs,1.17.post2
2,esp8266,,1.17,2025-10-01,micropython-esp8266-stubs,1.17.post3
2,esp8266,,1.18,2025-10-01,micropython-esp8266-stubs,1.18.post1
2,esp8266,,1.18,2025-10-01,micropython-esp8266-stubs,1.18.post2
2,esp8266,,1.18,2025-10-01,micropython-esp8266-stubs,1.18.post3
2,esp8266,,1.18,2025-10-01,micropython-esp8266-stubs,1.18.post4
2,esp8266,,1.19.1,2025-10-01,micropython-esp8266-stubs,1.19.1.post1
5,esp8266,,1.19.1,2025-10-01,micropython-esp8266-stubs,1.19.1.post10
3,esp8266,,1.19.1,2025-10-01,micropython-esp8266-stubs,1.19.1.post11
23,esp8266,,1.19.1,2025-10-01,micropython-esp8266-stubs,1.19.1.post12
3,esp8266,,1.19.1,2025-10-01,micropython-esp8266-stubs,1.19.1.post2
2,esp8266,,1.19.1,2025-10-01,micropython-esp8266-stubs,1.19.1.post3
4,esp8266,,1.19.1,2025-10-01,micropython-esp8266-stubs,1.19.1.post4
2,esp8266,,1.19.1,2025-10-01,micropython-esp8266-stubs,1.19.1.post5
2,esp8266,,1.19.1,2025-10-01,micropython-esp8266-stubs,1.19.1.post6
2,esp8266,,1.19.1,2025-10-01,micropython-esp8266-stubs,1.19.1.post7
3,esp8266,,1.19.1,2025-10-01,micropython-esp8266-stubs,1.19.1.post8
5,esp8266,,1.19.1,2025-10-01,micropython-esp8266-stubs,1.19.1.post9
5,esp8266,,1.23.0,2025-10-01,micropython-esp8266-stubs,1.23.0.post1
28,esp8266,,1.23.0,2025-10-01,micropython-esp8266-stubs,1.23.0.post2
30,esp8266,,1.24.1,2025-10-01,micropython-esp8266-stubs,1.24.1.post1
5,esp8266,,1.25.0,2025-10-01,micropython-esp8266-stubs,1.25.0.post1
5,esp8266,,1.25.0,2025-10-01,micropython-esp8266-stubs,1.25.0.post2
4,esp8266,,1.25.0,2025-10-01,micropython-esp8266-stubs,1.25.0.post3
35,esp8266,,1.25.0,2025-10-01,micropython-esp8266-stubs,1.25.0.post4
170,esp8266,,1.26.0,2025-10-01,micropython-esp8266-stubs,1.26.0.post1
5,rp2,arduino-nano-rp2040-connect,1.22.0,2025-10-01,micropython-rp2-arduino-nano-rp2040-connect-stubs,1.22.0.post1
4,rp2,arduino-nano-rp2040-connect,1.22.1,2025-10-01,micropython-rp2-arduino-nano-rp2040-connect-stubs,1.22.1.post1
26,rp2,arduino-nano-rp2040-connect,1.22.1,2025-10-01,micropython-rp2-arduino-nano-rp2040-connect-stubs,1.22.1.post2
8,rp2,arduino-nano-rp2040-connect,1.24.1,2025-10-01,micropython-rp2-arduino-nano-rp2040-connect-stubs,1.24.1.post1
65,rp2,arduino-nano-rp2040-connect,1.24.1,2025-10-01,micropython-rp2-arduino-nano-rp2040-connect-stubs,1.24.1.post2
3,rp2,pico,1.20.0,2025-10-01,micropython-rp2-pico-stubs,1.20.0.post1
5,rp2,pico,1.20.0,2025-10-01,micropython-rp2-pico-stubs,1.20.0.post2
2,rp2,pico,1.20.0,2025-10-01,micropython-rp2-pico-stubs,1.20.0.post3
3,rp2,pico,1.20.0,2025-10-01,micropython-rp2-pico-stubs,1.20.0.post4
265,rp2,pico,1.20.0,2025-10-01,micropython-rp2-pico-stubs,1.20.0.post5
5,rp2,pico-w,1.20.0,2025-10-01,micropython-rp2-pico-w-stubs,1.20.0.post1
4,rp2,pico-w,1.20.0,2025-10-01,micropython-rp2-pico-w-stubs,1.20.0.post2
4,rp2,pico-w,1.20.0,2025-10-01,micropython-rp2-pico-w-stubs,1.20.0.post3
3,rp2,pico-w,1.20.0,2025-10-01,micropython-rp2-pico-w-stubs,1.20.0.post4
191,rp2,pico-w,1.20.0,2025-10-01,micropython-rp2-pico-w-stubs,1.20.0.post5
3,rp2,pimoroni-picolipo-16mb,1.20.0,2025-10-01,micropython-rp2-pimoroni-picolipo-16mb-stubs,1.20.0.post1
4,rp2,pimoroni-picolipo-16mb,1.20.0,2025-10-01,micropython-rp2-pimoroni-picolipo-16mb-stubs,1.20.0.post2
24,rp2,pimoroni-picolipo-16mb,1.20.0,2025-10-01,micropython-rp2-pimoroni-picolipo-16mb-stubs,1.20.0.post3
35,rp2,pimoroni-picolipo-16mb,1.22.0,2025-10-01,micropython-rp2-pimoroni-picolipo-16mb-stubs,1.22.0.post1
67,rp2,pimoroni-picolipo,1.26.0,2025-10-01,micropython-rp2-pimoroni-picolipo-stubs,1.26.0.post1
4,rp2,rpi-pico,1.21.0,2025-10-01,micropython-rp2-rpi-pico-stubs,1.21.0.post1
5,rp2,rpi-pico,1.21.0,2025-10-01,micropython-rp2-rpi-pico-stubs,1.21.0.post2
28,rp2,rpi-pico,1.21.0,2025-10-01,micropython-rp2-rpi-pico-stubs,1.21.0.post3
4,rp2,rpi-pico,1.22.0,2025-10-01,micropython-rp2-rpi-pico-stubs,1.22.0.post1
5,rp2,rpi-pico,1.22.1,2025-10-01,micropython-rp2-rpi-pico-stubs,1.22.1.post1
29,rp2,rpi-pico,1.22.1,2025-10-01,micropython-rp2-rpi-pico-stubs,1.22.1.post2
4,rp2,rpi-pico,1.23.0,2025-10-01,micropython-rp2-rpi-pico-stubs,1.23.0.post1
27,rp2,rpi-pico,1.23.0,2025-10-01,micropython-rp2-rpi-pico-stubs,1.23.0.post2
9,rp2,rpi-pico,1.24.1,2025-10-01,micropython-rp2-rpi-pico-stubs,1.24.1.post1
42,rp2,rpi-pico,1.24.1,2025-10-01,micropython-rp2-rpi-pico-stubs,1.24.1.post2
9,rp2,rpi-pico,1.25.0,2025-10-01,micropython-rp2-rpi-pico-stubs,1.25.0.post1
6,rp2,rpi-pico,1.25.0,2025-10-01,micropython-rp2-rpi-pico-stubs,1.25.0.post2
59,rp2,rpi-pico,1.25.0,2025-10-01,micropython-rp2-rpi-pico-stubs,1.25.0.post3
282,rp2,rpi-pico,1.26.0,2025-10-01,micropython-rp2-rpi-pico-stubs,1.26.0.post1
3,rp2,rpi-pico-w,1.21.0,2025-10-01,micropython-rp2-rpi-pico-w-stubs,1.21.0.post1
4,rp2,rpi-pico-w,1.21.0,2025-10-01,micropython-rp2-rpi-pico-w-stubs,1.21.0.post2
28,rp2,rpi-pico-w,1.21.0,2025-10-01,micropython-rp2-rpi-pico-w-stubs,1.21.0.post3
5,rp2,rpi-pico-w,1.22.0,2025-10-01,micropython-rp2-rpi-pico-w-stubs,1.22.0.post1
3,rp2,rpi-pico-w,1.22.1,2025-10-01,micropython-rp2-rpi-pico-w-stubs,1.22.1.post1
33,rp2,rpi-pico-w,1.22.1,2025-10-01,micropython-rp2-rpi-pico-w-stubs,1.22.1.post2
7,rp2,rpi-pico-w,1.23.0,2025-10-01,micropython-rp2-rpi-pico-w-stubs,1.23.0.post1
29,rp2,rpi-pico-w,1.23.0,2025-10-01,micropython-rp2-rpi-pico-w-stubs,1.23.0.post2
5,rp2,rpi-pico-w,1.24.1,2025-10-01,micropython-rp2-rpi-pico-w-stubs,1.24.1.post1
35,rp2,rpi-pico-w,1.24.1,2025-10-01,micropython-rp2-rpi-pico-w-stubs,1.24.1.post2
6,rp2,rpi-pico-w,1.25.0,2025-10-01,micropython-rp2-rpi-pico-w-stubs,1.25.0.post1
5,rp2,rpi-pico-w,1.25.0,2025-10-01,micropython-rp2-rpi-pico-w-stubs,1.25.0.post2
5,rp2,rpi-pico-w,1.25.0,2025-10-01,micropython-rp2-rpi-pico-w-stubs,1.25.0.post3
63,rp2,rpi-pico-w,1.25.0,2025-10-01,micropython-rp2-rpi-pico-w-stubs,1.25.0.post4
324,rp2,rpi-pico-w,1.26.0,2025-10-01,micropython-rp2-rpi-pico-w-stubs,1.26.0.post1
5,rp2,rpi-pico2,1.24.1,2025-10-01,micropython-rp2-rpi-pico2-stubs,1.24.1.post1
33,rp2,rpi-pico2,1.24.1,2025-10-01,micropython-rp2-rpi-pico2-stubs,1.24.1.post2
5,rp2,rpi-pico2,1.25.0,2025-10-01,micropython-rp2-rpi-pico2-stubs,1.25.0.post1
6,rp2,rpi-pico2,1.25.0,2025-10-01,micropython-rp2-rpi-pico2-stubs,1.25.0.post2
35,rp2,rpi-pico2,1.25.0,2025-10-01,micropython-rp2-rpi-pico2-stubs,1.25.0.post3
136,rp2,rpi-pico2,1.26.0,2025-10-01,micropython-rp2-rpi-pico2-stubs,1.26.0.post1
7,rp2,rpi-pico2-w,1.25.0,2025-10-01,micropython-rp2-rpi-pico2-w-stubs,1.25.0.post1
6,rp2,rpi-pico2-w,1.25.0,2025-10-01,micropython-rp2-rpi-pico2-w-stubs,1.25.0.post2
6,rp2,rpi-pico2-w,1.25.0,2025-10-01,micropython-rp2-rpi-pico2-w-stubs,1.25.0.post3
67,rp2,rpi-pico2-w,1.25.0,2025-10-01,micropython-rp2-rpi-pico2-w-stubs,1.25.0.post4
299,rp2,rpi-pico2-w,1.26.0,2025-10-01,micropython-rp2-rpi-pico2-w-stubs,1.26.0.post1
2,rp2,,1.17,2025-10-01,micropython-rp2-stubs,1.17.post1
3,rp2,,1.17,2025-10-01,micropython-rp2-stubs,1.17.post2
2,rp2,,1.17,2025-10-01,micropython-rp2-stubs,1.17.post3
11,rp2,,1.18,2025-10-01,micropython-rp2-stubs,1.18.post1
2,rp2,,1.18,2025-10-01,micropython-rp2-stubs,1.18.post2
2,rp2,,1.18,2025-10-01,micropython-rp2-stubs,1.18.post3
2,rp2,,1.19.1,2025-10-01,micropython-rp2-stubs,1.19.1.post10
4,rp2,,1.19.1,2025-10-01,micropython-rp2-stubs,1.19.1.post11
2,rp2,,1.19.1,2025-10-01,micropython-rp2-stubs,1.19.1.post12
3,rp2,,1.19.1,2025-10-01,micropython-rp2-stubs,1.19.1.post13
24,rp2,,1.19.1,2025-10-01,micropython-rp2-stubs,1.19.1.post14
35,rp2,,1.19.1,2025-10-01,micropython-rp2-stubs,1.19.1.post6
3,rp2,,1.19.1,2025-10-01,micropython-rp2-stubs,1.19.1.post7
2,rp2,,1.19.1,2025-10-01,micropython-rp2-stubs,1.19.1.post8
4,rp2,,1.19.1,2025-10-01,micropython-rp2-stubs,1.19.1.post9
2,rp2,,1.20.0,2025-10-01,micropython-rp2-stubs,1.20.0.post1
2,rp2,,1.20.0,2025-10-01,micropython-rp2-stubs,1.20.0.post2
5,rp2,,1.20.0,2025-10-01,micropython-rp2-stubs,1.20.0.post3
2,rp2,,1.20.0,2025-10-01,micropython-rp2-stubs,1.20.0.post4
27,rp2,,1.20.0,2025-10-01,micropython-rp2-stubs,1.20.0.post5
3,rp2,,1.21.0,2025-10-01,micropython-rp2-stubs,1.21.0.post1
25,rp2,,1.21.0,2025-10-01,micropython-rp2-stubs,1.21.0.post2
2,rp2,,1.22.0,2025-10-01,micropython-rp2-stubs,1.22.0.post1
3,rp2,,1.22.1,2025-10-01,micropython-rp2-stubs,1.22.1.post1
26,rp2,,1.22.1,2025-10-01,micropython-rp2-stubs,1.22.1.post2
4,rp2,,1.23.0,2025-10-01,micropython-rp2-stubs,1.23.0.post1
22,rp2,,1.23.0,2025-10-01,micropython-rp2-stubs,1.23.0.post2
4,rp2,,1.24.1,2025-10-01,micropython-rp2-stubs,1.24.1.post1
27,rp2,,1.24.1,2025-10-01,micropython-rp2-stubs,1.24.1.post2
8,rp2,,1.25.0,2025-10-01,micropython-rp2-stubs,1.25.0.post1
4,rp2,,1.25.0,2025-10-01,micropython-rp2-stubs,1.25.0.post2
45,rp2,,1.25.0,2025-10-01,micropython-rp2-stubs,1.25.0.post3
307,rp2,,1.26.0,2025-10-01,micropython-rp2-stubs,1.26.0.post1
4,samd,adafruit-feather-m4-express,1.20.0,2025-10-01,micropython-samd-adafruit-feather-m4-express-stubs,1.20.0.post1
3,samd,adafruit-feather-m4-express,1.20.0,2025-10-01,micropython-samd-adafruit-feather-m4-express-stubs,1.20.0.post2
4,samd,adafruit-feather-m4-express,1.20.0,2025-10-01,micropython-samd-adafruit-feather-m4-express-stubs,1.20.0.post3
38,samd,adafruit-feather-m4-express,1.20.0,2025-10-01,micropython-samd-adafruit-feather-m4-express-stubs,1.20.0.post4
5,samd,adafruit-itsybitsy-m4-express,1.20.0,2025-10-01,micropython-samd-adafruit-itsybitsy-m4-express-stubs,1.20.0.post1
3,samd,adafruit-itsybitsy-m4-express,1.20.0,2025-10-01,micropython-samd-adafruit-itsybitsy-m4-express-stubs,1.20.0.post2
3,samd,adafruit-itsybitsy-m4-express,1.20.0,2025-10-01,micropython-samd-adafruit-itsybitsy-m4-express-stubs,1.20.0.post3
35,samd,adafruit-itsybitsy-m4-express,1.20.0,2025-10-01,micropython-samd-adafruit-itsybitsy-m4-express-stubs,1.20.0.post4
5,samd,minisam-m4,1.20.0,2025-10-01,micropython-samd-minisam-m4-stubs,1.20.0.post1
4,samd,minisam-m4,1.20.0,2025-10-01,micropython-samd-minisam-m4-stubs,1.20.0.post2
3,samd,minisam-m4,1.20.0,2025-10-01,micropython-samd-minisam-m4-stubs,1.20.0.post3
32,samd,minisam-m4,1.20.0,2025-10-01,micropython-samd-minisam-m4-stubs,1.20.0.post4
4,samd,seeed-wio-terminal,1.20.0,2025-10-01,micropython-samd-seeed-wio-terminal-stubs,1.20.0.post1
3,samd,seeed-wio-terminal,1.20.0,2025-10-01,micropython-samd-seeed-wio-terminal-stubs,1.20.0.post2
3,samd,seeed-wio-terminal,1.20.0,2025-10-01,micropython-samd-seeed-wio-terminal-stubs,1.20.0.post3
4,samd,seeed-wio-terminal,1.20.0,2025-10-01,micropython-samd-seeed-wio-terminal-stubs,1.20.0.post4
22,samd,seeed-wio-terminal,1.20.0,2025-10-01,micropython-samd-seeed-wio-terminal-stubs,1.20.0.post5
4,samd,seeed-wio-terminal,1.21.0,2025-10-01,micropython-samd-seeed-wio-terminal-stubs,1.21.0.post1
4,samd,seeed-wio-terminal,1.21.0,2025-10-01,micropython-samd-seeed-wio-terminal-stubs,1.21.0.post2
23,samd,seeed-wio-terminal,1.21.0,2025-10-01,micropython-samd-seeed-wio-terminal-stubs,1.21.0.post3
4,samd,seeed-wio-terminal,1.22.0,2025-10-01,micropython-samd-seeed-wio-terminal-stubs,1.22.0.post1
22,samd,seeed-wio-terminal,1.22.1,2025-10-01,micropython-samd-seeed-wio-terminal-stubs,1.22.1.post1
4,samd,seeed-wio-terminal,1.23.0,2025-10-01,micropython-samd-seeed-wio-terminal-stubs,1.23.0.post1
23,samd,seeed-wio-terminal,1.23.0,2025-10-01,micropython-samd-seeed-wio-terminal-stubs,1.23.0.post2
5,samd,seeed-wio-terminal,1.24.1,2025-10-01,micropython-samd-seeed-wio-terminal-stubs,1.24.1.post1
26,samd,seeed-wio-terminal,1.24.1,2025-10-01,micropython-samd-seeed-wio-terminal-stubs,1.24.1.post2
5,samd,seeed-wio-terminal,1.25.0,2025-10-01,micropython-samd-seeed-wio-terminal-stubs,1.25.0.post1
6,samd,seeed-wio-terminal,1.25.0,2025-10-01,micropython-samd-seeed-wio-terminal-stubs,1.25.0.post2
26,samd,seeed-wio-terminal,1.25.0,2025-10-01,micropython-samd-seeed-wio-terminal-stubs,1.25.0.post3
47,samd,seeed-wio-terminal,1.26.0,2025-10-01,micropython-samd-seeed-wio-terminal-stubs,1.26.0.post1
2,samd,,1.20.0,2025-10-01,micropython-samd-stubs,1.20.0.post1
23,samd,,1.20.0,2025-10-01,micropython-samd-stubs,1.20.0.post2
2,samd,,1.21.0,2025-10-01,micropython-samd-stubs,1.21.0.post1
22,samd,,1.21.0,2025-10-01,micropython-samd-stubs,1.21.0.post2
2,samd,,1.22.0,2025-10-01,micropython-samd-stubs,1.22.0.post1
22,samd,,1.22.1,2025-10-01,micropython-samd-stubs,1.22.1.post1
3,samd,,1.23.0,2025-10-01,micropython-samd-stubs,1.23.0.post1
21,samd,,1.23.0,2025-10-01,micropython-samd-stubs,1.23.0.post2
3,samd,,,2025-10-01,micropython-samd-stubs,1.23.0a87
4,samd,,1.24.1,2025-10-01,micropython-samd-stubs,1.24.1.post1
25,samd,,1.24.1,2025-10-01,micropython-samd-stubs,1.24.1.post2
4,samd,,1.25.0,2025-10-01,micropython-samd-stubs,1.25.0.post1
4,samd,,1.25.0,2025-10-01,micropython-samd-stubs,1.25.0.post2
24,samd,,1.25.0,2025-10-01,micropython-samd-stubs,1.25.0.post3
48,samd,,1.26.0,2025-10-01,micropython-samd-stubs,1.26.0.post1
105,stdlib,,,2025-10-01,micropython-stdlib-stubs,0.9.0
3,stdlib,,,2025-10-01,micropython-stdlib-stubs,1.0.0
3,stdlib,,,2025-10-01,micropython-stdlib-stubs,1.0.0rc2
3,stdlib,,,2025-10-01,micropython-stdlib-stubs,1.0.1a0
3,stdlib,,,2025-10-01,micropython-stdlib-stubs,1.0.1a1
3,stdlib,,,2025-10-01,micropython-stdlib-stubs,1.0.1a2
2,stdlib,,,2025-10-01,micropython-stdlib-stubs,1.1.0
2,stdlib,,,2025-10-01,micropython-stdlib-stubs,1.1.1
2,stdlib,,,2025-10-01,micropython-stdlib-stubs,1.1.1a2
17,stdlib,,,2025-10-01,micropython-stdlib-stubs,1.1.2
2,stdlib,,,2025-10-01,micropython-stdlib-stubs,1.1.2a0
90,stdlib,,,2025-10-01,micropython-stdlib-stubs,1.23.0
3,stdlib,,,2025-10-01,micropython-stdlib-stubs,1.24.0
3,stdlib,,,2025-10-01,micropython-stdlib-stubs,1.24.1
92,stdlib,,1.24.1,2025-10-01,micropython-stdlib-stubs,1.24.1.post2
279,stdlib,,,2025-10-01,micropython-stdlib-stubs,1.25.0
5,stdlib,,,2025-10-01,micropython-stdlib-stubs,1.26.0
6,stdlib,,1.26.0,2025-10-01,micropython-stdlib-stubs,1.26.0.post1
3,stdlib,,1.26.0,2025-10-01,micropython-stdlib-stubs,1.26.0.post2
3744,stdlib,,1.26.0,2025-10-01,micropython-stdlib-stubs,1.26.0.post3
2,stm32,pybv11,1.20.0,2025-10-01,micropython-stm32-pybv11-stubs,1.20.0.post1
2,stm32,pybv11,1.20.0,2025-10-01,micropython-stm32-pybv11-stubs,1.20.0.post2
3,stm32,pybv11,1.20.0,2025-10-01,micropython-stm32-pybv11-stubs,1.20.0.post3
3,stm32,pybv11,1.20.0,2025-10-01,micropython-stm32-pybv11-stubs,1.20.0.post4
2,stm32,pybv11,1.20.0,2025-10-01,micropython-stm32-pybv11-stubs,1.20.0.post5
22,stm32,pybv11,1.20.0,2025-10-01,micropython-stm32-pybv11-stubs,1.20.0.post6
2,stm32,pybv11,1.21.0,2025-10-01,micropython-stm32-pybv11-stubs,1.21.0.post1
3,stm32,pybv11,1.21.0,2025-10-01,micropython-stm32-pybv11-stubs,1.21.0.post2
20,stm32,pybv11,1.21.0,2025-10-01,micropython-stm32-pybv11-stubs,1.21.0.post3
3,stm32,pybv11,1.22.0,2025-10-01,micropython-stm32-pybv11-stubs,1.22.0.post1
23,stm32,pybv11,1.22.0,2025-10-01,micropython-stm32-pybv11-stubs,1.22.0.post2
3,stm32,pybv11,1.23.0,2025-10-01,micropython-stm32-pybv11-stubs,1.23.0.post1
25,stm32,pybv11,1.23.0,2025-10-01,micropython-stm32-pybv11-stubs,1.23.0.post2
4,stm32,pybv11,1.24.1,2025-10-01,micropython-stm32-pybv11-stubs,1.24.1.post1
24,stm32,pybv11,1.24.1,2025-10-01,micropython-stm32-pybv11-stubs,1.24.1.post2
4,stm32,pybv11,1.25.0,2025-10-01,micropython-stm32-pybv11-stubs,1.25.0.post1
4,stm32,pybv11,1.25.0,2025-10-01,micropython-stm32-pybv11-stubs,1.25.0.post2
26,stm32,pybv11,1.25.0,2025-10-01,micropython-stm32-pybv11-stubs,1.25.0.post3
59,stm32,pybv11,1.26.0,2025-10-01,micropython-stm32-pybv11-stubs,1.26.0.post1
4,stm32,,1.17,2025-10-01,micropython-stm32-stubs,1.17.post1
2,stm32,,1.17,2025-10-01,micropython-stm32-stubs,1.17.post2
2,stm32,,1.17,2025-10-01,micropython-stm32-stubs,1.17.post3
2,stm32,,1.18,2025-10-01,micropython-stm32-stubs,1.18.post1
3,stm32,,1.18,2025-10-01,micropython-stm32-stubs,1.18.post2
3,stm32,,1.18,2025-10-01,micropython-stm32-stubs,1.18.post3
3,stm32,,1.18,2025-10-01,micropython-stm32-stubs,1.18.post4
2,stm32,,1.19.1,2025-10-01,micropython-stm32-stubs,1.19.1.post1
2,stm32,,1.19.1,2025-10-01,micropython-stm32-stubs,1.19.1.post10
4,stm32,,1.19.1,2025-10-01,micropython-stm32-stubs,1.19.1.post11
35,stm32,,1.19.1,2025-10-01,micropython-stm32-stubs,1.19.1.post12
2,stm32,,1.19.1,2025-10-01,micropython-stm32-stubs,1.19.1.post2
2,stm32,,1.19.1,2025-10-01,micropython-stm32-stubs,1.19.1.post3
2,stm32,,1.19.1,2025-10-01,micropython-stm32-stubs,1.19.1.post4
3,stm32,,1.19.1,2025-10-01,micropython-stm32-stubs,1.19.1.post5
3,stm32,,1.19.1,2025-10-01,micropython-stm32-stubs,1.19.1.post6
4,stm32,,1.19.1,2025-10-01,micropython-stm32-stubs,1.19.1.post7
3,stm32,,1.19.1,2025-10-01,micropython-stm32-stubs,1.19.1.post8
2,stm32,,1.19.1,2025-10-01,micropython-stm32-stubs,1.19.1.post9
3,stm32,,1.20.0,2025-10-01,micropython-stm32-stubs,1.20.0.post1
2,stm32,,1.20.0,2025-10-01,micropython-stm32-stubs,1.20.0.post2
2,stm32,,1.20.0,2025-10-01,micropython-stm32-stubs,1.20.0.post3
2,stm32,,1.20.0,2025-10-01,micropython-stm32-stubs,1.20.0.post4
22,stm32,,1.20.0,2025-10-01,micropython-stm32-stubs,1.20.0.post5
2,stm32,,1.21.0,2025-10-01,micropython-stm32-stubs,1.21.0.post1
23,stm32,,1.21.0,2025-10-01,micropython-stm32-stubs,1.21.0.post2
23,stm32,,1.22.0,2025-10-01,micropython-stm32-stubs,1.22.0.post1
2,stm32,,1.23.0,2025-10-01,micropython-stm32-stubs,1.23.0.post1
24,stm32,,1.23.0,2025-10-01,micropython-stm32-stubs,1.23.0.post2
4,stm32,,1.24.1,2025-10-01,micropython-stm32-stubs,1.24.1.post1
23,stm32,,1.24.1,2025-10-01,micropython-stm32-stubs,1.24.1.post2
5,stm32,,1.25.0,2025-10-01,micropython-stm32-stubs,1.25.0.post1
4,stm32,,1.25.0,2025-10-01,micropython-stm32-stubs,1.25.0.post2
33,stm32,,1.25.0,2025-10-01,micropython-stm32-stubs,1.25.0.post3
357,stm32,,1.26.0,2025-10-01,micropython-stm32-stubs,1.26.0.post1
28,unix,,1.20.0,2025-10-01,micropython-unix-stubs,1.20.0.post1
28,unix,,1.21.0,2025-10-01,micropython-unix-stubs,1.21.0.post1
7,unix,,1.24.1,2025-10-01,micropython-unix-stubs,1.24.1.post1
44,unix,,1.24.1,2025-10-01,micropython-unix-stubs,1.24.1.post2
109,unix,,1.25.0,2025-10-01,micropython-unix-stubs,1.25.0.post1
160,unix,,1.26.0,2025-10-01,micropython-unix-stubs,1.26.0.post1
5,webassembly,,1.21.0,2025-10-01,micropython-webassembly-stubs,1.21.0.post1
24,webassembly,,1.21.0,2025-10-01,micropython-webassembly-stubs,1.21.0.post2
7,webassembly,,1.24.1,2025-10-01,micropython-webassembly-stubs,1.24.1.post1
32,webassembly,,1.24.1,2025-10-01,micropython-webassembly-stubs,1.24.1.post2
105,webassembly,,1.25.0,2025-10-01,micropython-webassembly-stubs,1.25.0.post1
81,webassembly,,1.25.0,2025-10-01,micropython-webassembly-stubs,1.25.0.post2
112,webassembly,,1.26.0,2025-10-01,micropython-webassembly-stubs,1.26.0.post1
96,webassembly,,1.26.0,2025-10-01,micropython-webassembly-stubs,1.26.0.post2
5,windows,,1.20.0,2025-10-01,micropython-windows-stubs,1.20.0.post1
6,windows,,1.21.0,2025-10-01,micropython-windows-stubs,1.21.0.post1
8,windows,,1.24.1,2025-10-01,micropython-windows-stubs,1.24.1.post1
7,windows,,1.24.1,2025-10-01,micropython-windows-stubs,1.24.1.post2
34,windows,,1.24.1,2025-10-01,micropython-windows-stubs,1.24.1.post3
103,windows,,1.25.0,2025-10-01,micropython-windows-stubs,1.25.0.post1
127,windows,,1.26.0,2025-10-01,micropython-windows-stubs,1.26.0.post1
3,esp32,esp32-generic-c3,1.23.0,2025-11-01,micropython-esp32-esp32-generic-c3-stubs,1.23.0.post1
115,esp32,esp32-generic-c3,1.23.0,2025-11-01,micropython-esp32-esp32-generic-c3-stubs,1.23.0.post2
4,esp32,esp32-generic-c6,1.24.1,2025-11-01,micropython-esp32-esp32-generic-c6-stubs,1.24.1.post1
22,esp32,esp32-generic-c6,1.24.1,2025-11-01,micropython-esp32-esp32-generic-c6-stubs,1.24.1.post2
4,esp32,esp32-generic-c6,1.25.0,2025-11-01,micropython-esp32-esp32-generic-c6-stubs,1.25.0.post1
4,esp32,esp32-generic-c6,1.25.0,2025-11-01,micropython-esp32-esp32-generic-c6-stubs,1.25.0.post2
6,esp32,esp32-generic-c6,1.25.0,2025-11-01,micropython-esp32-esp32-generic-c6-stubs,1.25.0.post3
27,esp32,esp32-generic-c6,1.25.0,2025-11-01,micropython-esp32-esp32-generic-c6-stubs,1.25.0.post4
146,esp32,esp32-generic-c6,1.26.0,2025-11-01,micropython-esp32-esp32-generic-c6-stubs,1.26.0.post1
1,esp32,esp32-generic-s2,1.25.0,2025-11-01,micropython-esp32-esp32-generic-s2-stubs,1.25.0.post1
2,esp32,esp32-generic-s2,1.25.0,2025-11-01,micropython-esp32-esp32-generic-s2-stubs,1.25.0.post2
3,esp32,esp32-generic-s2,1.25.0,2025-11-01,micropython-esp32-esp32-generic-s2-stubs,1.25.0.post3
24,esp32,esp32-generic-s2,1.25.0,2025-11-01,micropython-esp32-esp32-generic-s2-stubs,1.25.0.post4
87,esp32,esp32-generic-s2,1.26.0,2025-11-01,micropython-esp32-esp32-generic-s2-stubs,1.26.0.post1
27,esp32,esp32-generic-s3,1.22.0,2025-11-01,micropython-esp32-esp32-generic-s3-stubs,1.22.0.post1
3,esp32,esp32-generic-s3,1.23.0,2025-11-01,micropython-esp32-esp32-generic-s3-stubs,1.23.0.post1
24,esp32,esp32-generic-s3,1.23.0,2025-11-01,micropython-esp32-esp32-generic-s3-stubs,1.23.0.post2
4,esp32,esp32-generic-s3,1.24.1,2025-11-01,micropython-esp32-esp32-generic-s3-stubs,1.24.1.post1
34,esp32,esp32-generic-s3,1.24.1,2025-11-01,micropython-esp32-esp32-generic-s3-stubs,1.24.1.post2
1368,esp32,esp32-generic-s3,1.26.0,2025-11-01,micropython-esp32-esp32-generic-s3-stubs,1.26.0.post1
2,esp32,esp32-generic,1.21.0,2025-11-01,micropython-esp32-esp32-generic-stubs,1.21.0.post1
22,esp32,esp32-generic,1.21.0,2025-11-01,micropython-esp32-esp32-generic-stubs,1.21.0.post2
23,esp32,esp32-generic,1.22.0,2025-11-01,micropython-esp32-esp32-generic-stubs,1.22.0.post1
17,esp32,esp32-generic,1.23.0,2025-11-01,micropython-esp32-esp32-generic-stubs,1.23.0.post2
2,esp32,esp32-generic,1.24.1,2025-11-01,micropython-esp32-esp32-generic-stubs,1.24.1.post1
28,esp32,esp32-generic,1.24.1,2025-11-01,micropython-esp32-esp32-generic-stubs,1.24.1.post2
1,esp32,esp32-generic,1.25.0,2025-11-01,micropython-esp32-esp32-generic-stubs,1.25.0.post1
9,esp32,esp32-generic,1.25.0,2025-11-01,micropython-esp32-esp32-generic-stubs,1.25.0.post2
1,esp32,esp32-generic,1.25.0,2025-11-01,micropython-esp32-esp32-generic-stubs,1.25.0.post3
3,esp32,esp32-generic,1.25.0,2025-11-01,micropython-esp32-esp32-generic-stubs,1.25.0.post4
45,esp32,esp32-generic,1.25.0,2025-11-01,micropython-esp32-esp32-generic-stubs,1.25.0.post5
572,esp32,esp32-generic,1.26.0,2025-11-01,micropython-esp32-esp32-generic-stubs,1.26.0.post1
14,esp32,generic-ota,1.20.0,2025-11-01,micropython-esp32-generic-ota-stubs,1.20.0.post1
41,esp32,generic-ota,1.20.0,2025-11-01,micropython-esp32-generic-ota-stubs,1.20.0.post2
21,esp32,generic-s3,1.19.1,2025-11-01,micropython-esp32-generic-s3-stubs,1.19.1.post1
2,esp32,generic-s3,1.20.0,2025-11-01,micropython-esp32-generic-s3-stubs,1.20.0.post1
36,esp32,generic-s3,1.20.0,2025-11-01,micropython-esp32-generic-s3-stubs,1.20.0.post2
22,esp32,generic-spiram,1.19.1,2025-11-01,micropython-esp32-generic-spiram-stubs,1.19.1.post1
1,esp32,ota,1.20.0,2025-11-01,micropython-esp32-ota-stubs,1.20.0.post1
28,esp32,ota,1.20.0,2025-11-01,micropython-esp32-ota-stubs,1.20.0.post2
22,esp32,s3,1.19.1,2025-11-01,micropython-esp32-s3-stubs,1.19.1.post1
73,esp32,s3,1.20.0,2025-11-01,micropython-esp32-s3-stubs,1.20.0.post1
9,esp32,,1.17,2025-11-01,micropython-esp32-stubs,1.17.post1
3,esp32,,1.17,2025-11-01,micropython-esp32-stubs,1.17.post2
3,esp32,,1.17,2025-11-01,micropython-esp32-stubs,1.17.post3
4,esp32,,1.18,2025-11-01,micropython-esp32-stubs,1.18.post1
5,esp32,,1.18,2025-11-01,micropython-esp32-stubs,1.18.post2
4,esp32,,1.18,2025-11-01,micropython-esp32-stubs,1.18.post3
1,esp32,,1.19.1,2025-11-01,micropython-esp32-stubs,1.19.1.post10
129,esp32,,1.19.1,2025-11-01,micropython-esp32-stubs,1.19.1.post11
22,esp32,,1.19.1,2025-11-01,micropython-esp32-stubs,1.19.1.post15
6,esp32,,1.19.1,2025-11-01,micropython-esp32-stubs,1.19.1.post2
6,esp32,,1.19.1,2025-11-01,micropython-esp32-stubs,1.19.1.post3
67,esp32,,1.19.1,2025-11-01,micropython-esp32-stubs,1.19.1.post4
7,esp32,,1.19.1,2025-11-01,micropython-esp32-stubs,1.19.1.post5
6,esp32,,1.19.1,2025-11-01,micropython-esp32-stubs,1.19.1.post6
1,esp32,,1.19.1,2025-11-01,micropython-esp32-stubs,1.19.1.post7
2,esp32,,1.20.0,2025-11-01,micropython-esp32-stubs,1.20.0.post1
1,esp32,,1.20.0,2025-11-01,micropython-esp32-stubs,1.20.0.post3
1,esp32,,1.20.0,2025-11-01,micropython-esp32-stubs,1.20.0.post4
38,esp32,,1.20.0,2025-11-01,micropython-esp32-stubs,1.20.0.post5
22,esp32,,1.21.0,2025-11-01,micropython-esp32-stubs,1.21.0.post4
2,esp32,,,2025-11-01,micropython-esp32-stubs,1.21.0a489
25,esp32,,1.22.0,2025-11-01,micropython-esp32-stubs,1.22.0.post1
44,esp32,,1.23.0,2025-11-01,micropython-esp32-stubs,1.23.0.post1
76,esp32,,1.23.0,2025-11-01,micropython-esp32-stubs,1.23.0.post2
2,esp32,,,2025-11-01,micropython-esp32-stubs,1.23.0a87
4,esp32,,1.24.1,2025-11-01,micropython-esp32-stubs,1.24.1.post1
29,esp32,,1.24.1,2025-11-01,micropython-esp32-stubs,1.24.1.post2
4,esp32,,1.25.0,2025-11-01,micropython-esp32-stubs,1.25.0.post1
7,esp32,,1.25.0,2025-11-01,micropython-esp32-stubs,1.25.0.post2
4,esp32,,1.25.0,2025-11-01,micropython-esp32-stubs,1.25.0.post3
2,esp32,,1.25.0,2025-11-01,micropython-esp32-stubs,1.25.0.post4
55,esp32,,1.25.0,2025-11-01,micropython-esp32-stubs,1.25.0.post5
913,esp32,,1.26.0,2025-11-01,micropython-esp32-stubs,1.26.0.post1
7,esp32,um-tinypico,1.19.1,2025-11-01,micropython-esp32-um-tinypico-stubs,1.19.1.post2
6,esp32,um-tinypico,1.19.1,2025-11-01,micropython-esp32-um-tinypico-stubs,1.19.1.post3
2,esp32,um-tinypico,1.19.1,2025-11-01,micropython-esp32-um-tinypico-stubs,1.19.1.post4
1,esp32,um-tinypico,1.19.1,2025-11-01,micropython-esp32-um-tinypico-stubs,1.19.1.post5
1,esp32,um-tinypico,1.19.1,2025-11-01,micropython-esp32-um-tinypico-stubs,1.19.1.post6
2,esp32,um-tinypico,1.19.1,2025-11-01,micropython-esp32-um-tinypico-stubs,1.19.1.post7
26,esp32,um-tinypico,1.19.1,2025-11-01,micropython-esp32-um-tinypico-stubs,1.19.1.post8
16,esp8266,esp8266-generic,1.23.0,2025-11-01,micropython-esp8266-esp8266-generic-stubs,1.23.0.post2
3,esp8266,esp8266-generic,1.25.0,2025-11-01,micropython-esp8266-esp8266-generic-stubs,1.25.0.post2
2,esp8266,esp8266-generic,1.25.0,2025-11-01,micropython-esp8266-esp8266-generic-stubs,1.25.0.post3
19,esp8266,esp8266-generic,1.25.0,2025-11-01,micropython-esp8266-esp8266-generic-stubs,1.25.0.post4
106,esp8266,esp8266-generic,1.26.0,2025-11-01,micropython-esp8266-esp8266-generic-stubs,1.26.0.post1
6,esp8266,,1.17,2025-11-01,micropython-esp8266-stubs,1.17.post1
1,esp8266,,1.17,2025-11-01,micropython-esp8266-stubs,1.17.post2
1,esp8266,,1.17,2025-11-01,micropython-esp8266-stubs,1.17.post3
6,esp8266,,1.18,2025-11-01,micropython-esp8266-stubs,1.18.post1
5,esp8266,,1.18,2025-11-01,micropython-esp8266-stubs,1.18.post2
6,esp8266,,1.18,2025-11-01,micropython-esp8266-stubs,1.18.post3
2,esp8266,,1.18,2025-11-01,micropython-esp8266-stubs,1.18.post4
6,esp8266,,1.19.1,2025-11-01,micropython-esp8266-stubs,1.19.1.post1
15,esp8266,,1.19.1,2025-11-01,micropython-esp8266-stubs,1.19.1.post12
4,esp8266,,1.19.1,2025-11-01,micropython-esp8266-stubs,1.19.1.post2
4,esp8266,,1.19.1,2025-11-01,micropython-esp8266-stubs,1.19.1.post3
5,esp8266,,1.19.1,2025-11-01,micropython-esp8266-stubs,1.19.1.post4
6,esp8266,,1.19.1,2025-11-01,micropython-esp8266-stubs,1.19.1.post5
2,esp8266,,1.19.1,2025-11-01,micropython-esp8266-stubs,1.19.1.post7
1,esp8266,,1.19.1,2025-11-01,micropython-esp8266-stubs,1.19.1.post9
18,esp8266,,1.23.0,2025-11-01,micropython-esp8266-stubs,1.23.0.post2
17,esp8266,,1.24.1,2025-11-01,micropython-esp8266-stubs,1.24.1.post1
1,esp8266,,1.25.0,2025-11-01,micropython-esp8266-stubs,1.25.0.post1
2,esp8266,,1.25.0,2025-11-01,micropython-esp8266-stubs,1.25.0.post2
2,esp8266,,1.25.0,2025-11-01,micropython-esp8266-stubs,1.25.0.post3
27,esp8266,,1.25.0,2025-11-01,micropython-esp8266-stubs,1.25.0.post4
161,esp8266,,1.26.0,2025-11-01,micropython-esp8266-stubs,1.26.0.post1
121,mimxrt,mimxrt1010-evk,1.26.1,2025-11-01,micropython-mimxrt-mimxrt1010-evk-stubs,1.26.1.post1
123,mimxrt,seeed-arch-mix,1.26.1,2025-11-01,micropython-mimxrt-seeed-arch-mix-stubs,1.26.1.post1
120,mimxrt,,1.26.1,2025-11-01,micropython-mimxrt-stubs,1.26.1.post1
2,rp2,arduino-nano-rp2040-connect,1.22.0,2025-11-01,micropython-rp2-arduino-nano-rp2040-connect-stubs,1.22.0.post1
3,rp2,arduino-nano-rp2040-connect,1.22.1,2025-11-01,micropython-rp2-arduino-nano-rp2040-connect-stubs,1.22.1.post1
19,rp2,arduino-nano-rp2040-connect,1.22.1,2025-11-01,micropython-rp2-arduino-nano-rp2040-connect-stubs,1.22.1.post2
79,rp2,arduino-nano-rp2040-connect,1.24.1,2025-11-01,micropython-rp2-arduino-nano-rp2040-connect-stubs,1.24.1.post2
1,rp2,pico,1.20.0,2025-11-01,micropython-rp2-pico-stubs,1.20.0.post1
3,rp2,pico,1.20.0,2025-11-01,micropython-rp2-pico-stubs,1.20.0.post2
1,rp2,pico,1.20.0,2025-11-01,micropython-rp2-pico-stubs,1.20.0.post3
4,rp2,pico,1.20.0,2025-11-01,micropython-rp2-pico-stubs,1.20.0.post4
612,rp2,pico,1.20.0,2025-11-01,micropython-rp2-pico-stubs,1.20.0.post5
4,rp2,pico-w,1.20.0,2025-11-01,micropython-rp2-pico-w-stubs,1.20.0.post1
1,rp2,pico-w,1.20.0,2025-11-01,micropython-rp2-pico-w-stubs,1.20.0.post2
3,rp2,pico-w,1.20.0,2025-11-01,micropython-rp2-pico-w-stubs,1.20.0.post3
2,rp2,pico-w,1.20.0,2025-11-01,micropython-rp2-pico-w-stubs,1.20.0.post4
211,rp2,pico-w,1.20.0,2025-11-01,micropython-rp2-pico-w-stubs,1.20.0.post5
1,rp2,pimoroni-picolipo-16mb,1.20.0,2025-11-01,micropython-rp2-pimoroni-picolipo-16mb-stubs,1.20.0.post1
1,rp2,pimoroni-picolipo-16mb,1.20.0,2025-11-01,micropython-rp2-pimoroni-picolipo-16mb-stubs,1.20.0.post2
15,rp2,pimoroni-picolipo-16mb,1.20.0,2025-11-01,micropython-rp2-pimoroni-picolipo-16mb-stubs,1.20.0.post3
22,rp2,pimoroni-picolipo-16mb,1.22.0,2025-11-01,micropython-rp2-pimoroni-picolipo-16mb-stubs,1.22.0.post1
44,rp2,pimoroni-picolipo,1.26.0,2025-11-01,micropython-rp2-pimoroni-picolipo-stubs,1.26.0.post1
4,rp2,rpi-pico,1.21.0,2025-11-01,micropython-rp2-rpi-pico-stubs,1.21.0.post1
2,rp2,rpi-pico,1.21.0,2025-11-01,micropython-rp2-rpi-pico-stubs,1.21.0.post2
18,rp2,rpi-pico,1.21.0,2025-11-01,micropython-rp2-rpi-pico-stubs,1.21.0.post3
3,rp2,rpi-pico,1.22.0,2025-11-01,micropython-rp2-rpi-pico-stubs,1.22.0.post1
1,rp2,rpi-pico,1.22.1,2025-11-01,micropython-rp2-rpi-pico-stubs,1.22.1.post1
24,rp2,rpi-pico,1.22.1,2025-11-01,micropython-rp2-rpi-pico-stubs,1.22.1.post2
1,rp2,rpi-pico,1.23.0,2025-11-01,micropython-rp2-rpi-pico-stubs,1.23.0.post1
19,rp2,rpi-pico,1.23.0,2025-11-01,micropython-rp2-rpi-pico-stubs,1.23.0.post2
21,rp2,rpi-pico,1.24.1,2025-11-01,micropython-rp2-rpi-pico-stubs,1.24.1.post2
2,rp2,rpi-pico,1.25.0,2025-11-01,micropython-rp2-rpi-pico-stubs,1.25.0.post1
4,rp2,rpi-pico,1.25.0,2025-11-01,micropython-rp2-rpi-pico-stubs,1.25.0.post2
37,rp2,rpi-pico,1.25.0,2025-11-01,micropython-rp2-rpi-pico-stubs,1.25.0.post3
293,rp2,rpi-pico,1.26.0,2025-11-01,micropython-rp2-rpi-pico-stubs,1.26.0.post1
4,rp2,rpi-pico-w,1.21.0,2025-11-01,micropython-rp2-rpi-pico-w-stubs,1.21.0.post1
2,rp2,rpi-pico-w,1.21.0,2025-11-01,micropython-rp2-rpi-pico-w-stubs,1.21.0.post2
20,rp2,rpi-pico-w,1.21.0,2025-11-01,micropython-rp2-rpi-pico-w-stubs,1.21.0.post3
1,rp2,rpi-pico-w,1.22.0,2025-11-01,micropython-rp2-rpi-pico-w-stubs,1.22.0.post1
1,rp2,rpi-pico-w,1.22.1,2025-11-01,micropython-rp2-rpi-pico-w-stubs,1.22.1.post1
18,rp2,rpi-pico-w,1.22.1,2025-11-01,micropython-rp2-rpi-pico-w-stubs,1.22.1.post2
4,rp2,rpi-pico-w,1.23.0,2025-11-01,micropython-rp2-rpi-pico-w-stubs,1.23.0.post1
20,rp2,rpi-pico-w,1.23.0,2025-11-01,micropython-rp2-rpi-pico-w-stubs,1.23.0.post2
2,rp2,rpi-pico-w,1.24.1,2025-11-01,micropython-rp2-rpi-pico-w-stubs,1.24.1.post1
27,rp2,rpi-pico-w,1.24.1,2025-11-01,micropython-rp2-rpi-pico-w-stubs,1.24.1.post2
1,rp2,rpi-pico-w,1.25.0,2025-11-01,micropython-rp2-rpi-pico-w-stubs,1.25.0.post1
3,rp2,rpi-pico-w,1.25.0,2025-11-01,micropython-rp2-rpi-pico-w-stubs,1.25.0.post2
2,rp2,rpi-pico-w,1.25.0,2025-11-01,micropython-rp2-rpi-pico-w-stubs,1.25.0.post3
31,rp2,rpi-pico-w,1.25.0,2025-11-01,micropython-rp2-rpi-pico-w-stubs,1.25.0.post4
439,rp2,rpi-pico-w,1.26.0,2025-11-01,micropython-rp2-rpi-pico-w-stubs,1.26.0.post1
1,rp2,rpi-pico2,1.24.1,2025-11-01,micropython-rp2-rpi-pico2-stubs,1.24.1.post1
21,rp2,rpi-pico2,1.24.1,2025-11-01,micropython-rp2-rpi-pico2-stubs,1.24.1.post2
1,rp2,rpi-pico2,1.25.0,2025-11-01,micropython-rp2-rpi-pico2-stubs,1.25.0.post1
2,rp2,rpi-pico2,1.25.0,2025-11-01,micropython-rp2-rpi-pico2-stubs,1.25.0.post2
29,rp2,rpi-pico2,1.25.0,2025-11-01,micropython-rp2-rpi-pico2-stubs,1.25.0.post3
115,rp2,rpi-pico2,1.26.0,2025-11-01,micropython-rp2-rpi-pico2-stubs,1.26.0.post1
1,rp2,rpi-pico2-w,1.25.0,2025-11-01,micropython-rp2-rpi-pico2-w-stubs,1.25.0.post1
4,rp2,rpi-pico2-w,1.25.0,2025-11-01,micropython-rp2-rpi-pico2-w-stubs,1.25.0.post2
3,rp2,rpi-pico2-w,1.25.0,2025-11-01,micropython-rp2-rpi-pico2-w-stubs,1.25.0.post3
50,rp2,rpi-pico2-w,1.25.0,2025-11-01,micropython-rp2-rpi-pico2-w-stubs,1.25.0.post4
288,rp2,rpi-pico2-w,1.26.0,2025-11-01,micropython-rp2-rpi-pico2-w-stubs,1.26.0.post1
5,rp2,,1.17,2025-11-01,micropython-rp2-stubs,1.17.post1
2,rp2,,1.17,2025-11-01,micropython-rp2-stubs,1.17.post2
18,rp2,,1.18,2025-11-01,micropython-rp2-stubs,1.18.post1
5,rp2,,1.18,2025-11-01,micropython-rp2-stubs,1.18.post2
1,rp2,,1.19.1,2025-11-01,micropython-rp2-stubs,1.19.1.post10
1,rp2,,1.19.1,2025-11-01,micropython-rp2-stubs,1.19.1.post11
14,rp2,,1.19.1,2025-11-01,micropython-rp2-stubs,1.19.1.post14
67,rp2,,1.19.1,2025-11-01,micropython-rp2-stubs,1.19.1.post6
5,rp2,,1.19.1,2025-11-01,micropython-rp2-stubs,1.19.1.post7
2,rp2,,1.20.0,2025-11-01,micropython-rp2-stubs,1.20.0.post1
1,rp2,,1.20.0,2025-11-01,micropython-rp2-stubs,1.20.0.post2
3,rp2,,1.20.0,2025-11-01,micropython-rp2-stubs,1.20.0.post3
14,rp2,,1.20.0,2025-11-01,micropython-rp2-stubs,1.20.0.post5
1,rp2,,1.21.0,2025-11-01,micropython-rp2-stubs,1.21.0.post1
13,rp2,,1.21.0,2025-11-01,micropython-rp2-stubs,1.21.0.post2
1,rp2,,1.22.0,2025-11-01,micropython-rp2-stubs,1.22.0.post1
23,rp2,,1.22.1,2025-11-01,micropython-rp2-stubs,1.22.1.post2
1,rp2,,1.23.0,2025-11-01,micropython-rp2-stubs,1.23.0.post1
14,rp2,,1.23.0,2025-11-01,micropython-rp2-stubs,1.23.0.post2
1,rp2,,1.24.1,2025-11-01,micropython-rp2-stubs,1.24.1.post1
14,rp2,,1.24.1,2025-11-01,micropython-rp2-stubs,1.24.1.post2
3,rp2,,1.25.0,2025-11-01,micropython-rp2-stubs,1.25.0.post1
1,rp2,,1.25.0,2025-11-01,micropython-rp2-stubs,1.25.0.post2
22,rp2,,1.25.0,2025-11-01,micropython-rp2-stubs,1.25.0.post3
256,rp2,,1.26.0,2025-11-01,micropython-rp2-stubs,1.26.0.post1
4,samd,adafruit-feather-m4-express,1.20.0,2025-11-01,micropython-samd-adafruit-feather-m4-express-stubs,1.20.0.post2
1,samd,adafruit-feather-m4-express,1.20.0,2025-11-01,micropython-samd-adafruit-feather-m4-express-stubs,1.20.0.post3
17,samd,adafruit-feather-m4-express,1.20.0,2025-11-01,micropython-samd-adafruit-feather-m4-express-stubs,1.20.0.post4
2,samd,adafruit-itsybitsy-m4-express,1.20.0,2025-11-01,micropython-samd-adafruit-itsybitsy-m4-express-stubs,1.20.0.post1
2,samd,adafruit-itsybitsy-m4-express,1.20.0,2025-11-01,micropython-samd-adafruit-itsybitsy-m4-express-stubs,1.20.0.post3
24,samd,adafruit-itsybitsy-m4-express,1.20.0,2025-11-01,micropython-samd-adafruit-itsybitsy-m4-express-stubs,1.20.0.post4
2,samd,minisam-m4,1.20.0,2025-11-01,micropython-samd-minisam-m4-stubs,1.20.0.post2
3,samd,minisam-m4,1.20.0,2025-11-01,micropython-samd-minisam-m4-stubs,1.20.0.post3
17,samd,minisam-m4,1.20.0,2025-11-01,micropython-samd-minisam-m4-stubs,1.20.0.post4
2,samd,seeed-wio-terminal,1.20.0,2025-11-01,micropython-samd-seeed-wio-terminal-stubs,1.20.0.post1
1,samd,seeed-wio-terminal,1.20.0,2025-11-01,micropython-samd-seeed-wio-terminal-stubs,1.20.0.post2
2,samd,seeed-wio-terminal,1.20.0,2025-11-01,micropython-samd-seeed-wio-terminal-stubs,1.20.0.post3
1,samd,seeed-wio-terminal,1.20.0,2025-11-01,micropython-samd-seeed-wio-terminal-stubs,1.20.0.post4
14,samd,seeed-wio-terminal,1.20.0,2025-11-01,micropython-samd-seeed-wio-terminal-stubs,1.20.0.post5
1,samd,seeed-wio-terminal,1.21.0,2025-11-01,micropython-samd-seeed-wio-terminal-stubs,1.21.0.post1
1,samd,seeed-wio-terminal,1.21.0,2025-11-01,micropython-samd-seeed-wio-terminal-stubs,1.21.0.post2
14,samd,seeed-wio-terminal,1.21.0,2025-11-01,micropython-samd-seeed-wio-terminal-stubs,1.21.0.post3
2,samd,seeed-wio-terminal,1.22.0,2025-11-01,micropython-samd-seeed-wio-terminal-stubs,1.22.0.post1
13,samd,seeed-wio-terminal,1.22.1,2025-11-01,micropython-samd-seeed-wio-terminal-stubs,1.22.1.post1
2,samd,seeed-wio-terminal,1.23.0,2025-11-01,micropython-samd-seeed-wio-terminal-stubs,1.23.0.post1
14,samd,seeed-wio-terminal,1.23.0,2025-11-01,micropython-samd-seeed-wio-terminal-stubs,1.23.0.post2
2,samd,seeed-wio-terminal,1.24.1,2025-11-01,micropython-samd-seeed-wio-terminal-stubs,1.24.1.post1
17,samd,seeed-wio-terminal,1.24.1,2025-11-01,micropython-samd-seeed-wio-terminal-stubs,1.24.1.post2
2,samd,seeed-wio-terminal,1.25.0,2025-11-01,micropython-samd-seeed-wio-terminal-stubs,1.25.0.post1
2,samd,seeed-wio-terminal,1.25.0,2025-11-01,micropython-samd-seeed-wio-terminal-stubs,1.25.0.post2
17,samd,seeed-wio-terminal,1.25.0,2025-11-01,micropython-samd-seeed-wio-terminal-stubs,1.25.0.post3
26,samd,seeed-wio-terminal,1.26.0,2025-11-01,micropython-samd-seeed-wio-terminal-stubs,1.26.0.post1
13,samd,,1.20.0,2025-11-01,micropython-samd-stubs,1.20.0.post2
2,samd,,1.21.0,2025-11-01,micropython-samd-stubs,1.21.0.post1
13,samd,,1.21.0,2025-11-01,micropython-samd-stubs,1.21.0.post2
2,samd,,1.22.0,2025-11-01,micropython-samd-stubs,1.22.0.post1
14,samd,,1.22.1,2025-11-01,micropython-samd-stubs,1.22.1.post1
2,samd,,1.23.0,2025-11-01,micropython-samd-stubs,1.23.0.post1
14,samd,,1.23.0,2025-11-01,micropython-samd-stubs,1.23.0.post2
1,samd,,,2025-11-01,micropython-samd-stubs,1.23.0a87
16,samd,,1.24.1,2025-11-01,micropython-samd-stubs,1.24.1.post2
1,samd,,1.25.0,2025-11-01,micropython-samd-stubs,1.25.0.post2
18,samd,,1.25.0,2025-11-01,micropython-samd-stubs,1.25.0.post3
29,samd,,1.26.0,2025-11-01,micropython-samd-stubs,1.26.0.post1
133,stdlib,,,2025-11-01,micropython-stdlib-stubs,0.9.0
20,stdlib,,,2025-11-01,micropython-stdlib-stubs,1.0.0
4,stdlib,,,2025-11-01,micropython-stdlib-stubs,1.0.0rc2
5,stdlib,,,2025-11-01,micropython-stdlib-stubs,1.0.1a0
6,stdlib,,,2025-11-01,micropython-stdlib-stubs,1.0.1a1
5,stdlib,,,2025-11-01,micropython-stdlib-stubs,1.0.1a2
7,stdlib,,,2025-11-01,micropython-stdlib-stubs,1.1.0
4,stdlib,,,2025-11-01,micropython-stdlib-stubs,1.1.1
5,stdlib,,,2025-11-01,micropython-stdlib-stubs,1.1.1a2
65,stdlib,,,2025-11-01,micropython-stdlib-stubs,1.1.2
6,stdlib,,,2025-11-01,micropython-stdlib-stubs,1.1.2a0
91,stdlib,,,2025-11-01,micropython-stdlib-stubs,1.23.0
4,stdlib,,,2025-11-01,micropython-stdlib-stubs,1.24.0
5,stdlib,,,2025-11-01,micropython-stdlib-stubs,1.24.1
81,stdlib,,1.24.1,2025-11-01,micropython-stdlib-stubs,1.24.1.post2
186,stdlib,,,2025-11-01,micropython-stdlib-stubs,1.25.0
6,stdlib,,,2025-11-01,micropython-stdlib-stubs,1.26.0
7,stdlib,,1.26.0,2025-11-01,micropython-stdlib-stubs,1.26.0.post1
6,stdlib,,1.26.0,2025-11-01,micropython-stdlib-stubs,1.26.0.post2
6090,stdlib,,1.26.0,2025-11-01,micropython-stdlib-stubs,1.26.0.post3
4,stm32,pybv11,1.20.0,2025-11-01,micropython-stm32-pybv11-stubs,1.20.0.post1
2,stm32,pybv11,1.20.0,2025-11-01,micropython-stm32-pybv11-stubs,1.20.0.post2
2,stm32,pybv11,1.20.0,2025-11-01,micropython-stm32-pybv11-stubs,1.20.0.post3
1,stm32,pybv11,1.20.0,2025-11-01,micropython-stm32-pybv11-stubs,1.20.0.post4
1,stm32,pybv11,1.20.0,2025-11-01,micropython-stm32-pybv11-stubs,1.20.0.post5
15,stm32,pybv11,1.20.0,2025-11-01,micropython-stm32-pybv11-stubs,1.20.0.post6
2,stm32,pybv11,1.21.0,2025-11-01,micropython-stm32-pybv11-stubs,1.21.0.post2
14,stm32,pybv11,1.21.0,2025-11-01,micropython-stm32-pybv11-stubs,1.21.0.post3
3,stm32,pybv11,1.22.0,2025-11-01,micropython-stm32-pybv11-stubs,1.22.0.post1
12,stm32,pybv11,1.22.0,2025-11-01,micropython-stm32-pybv11-stubs,1.22.0.post2
1,stm32,pybv11,1.23.0,2025-11-01,micropython-stm32-pybv11-stubs,1.23.0.post1
17,stm32,pybv11,1.23.0,2025-11-01,micropython-stm32-pybv11-stubs,1.23.0.post2
3,stm32,pybv11,1.24.1,2025-11-01,micropython-stm32-pybv11-stubs,1.24.1.post1
16,stm32,pybv11,1.24.1,2025-11-01,micropython-stm32-pybv11-stubs,1.24.1.post2
3,stm32,pybv11,1.25.0,2025-11-01,micropython-stm32-pybv11-stubs,1.25.0.post1
2,stm32,pybv11,1.25.0,2025-11-01,micropython-stm32-pybv11-stubs,1.25.0.post2
19,stm32,pybv11,1.25.0,2025-11-01,micropython-stm32-pybv11-stubs,1.25.0.post3
45,stm32,pybv11,1.26.0,2025-11-01,micropython-stm32-pybv11-stubs,1.26.0.post1
6,stm32,,1.17,2025-11-01,micropython-stm32-stubs,1.17.post1
1,stm32,,1.17,2025-11-01,micropython-stm32-stubs,1.17.post2
4,stm32,,1.17,2025-11-01,micropython-stm32-stubs,1.17.post3
6,stm32,,1.18,2025-11-01,micropython-stm32-stubs,1.18.post1
4,stm32,,1.18,2025-11-01,micropython-stm32-stubs,1.18.post2
5,stm32,,1.18,2025-11-01,micropython-stm32-stubs,1.18.post3
1,stm32,,1.18,2025-11-01,micropython-stm32-stubs,1.18.post4
4,stm32,,1.19.1,2025-11-01,micropython-stm32-stubs,1.19.1.post1
3,stm32,,1.19.1,2025-11-01,micropython-stm32-stubs,1.19.1.post11
17,stm32,,1.19.1,2025-11-01,micropython-stm32-stubs,1.19.1.post12
6,stm32,,1.19.1,2025-11-01,micropython-stm32-stubs,1.19.1.post2
5,stm32,,1.19.1,2025-11-01,micropython-stm32-stubs,1.19.1.post3
5,stm32,,1.19.1,2025-11-01,micropython-stm32-stubs,1.19.1.post4
5,stm32,,1.19.1,2025-11-01,micropython-stm32-stubs,1.19.1.post5
1,stm32,,1.19.1,2025-11-01,micropython-stm32-stubs,1.19.1.post6
1,stm32,,1.19.1,2025-11-01,micropython-stm32-stubs,1.19.1.post8
2,stm32,,1.20.0,2025-11-01,micropython-stm32-stubs,1.20.0.post1
3,stm32,,1.20.0,2025-11-01,micropython-stm32-stubs,1.20.0.post3
1,stm32,,1.20.0,2025-11-01,micropython-stm32-stubs,1.20.0.post4
13,stm32,,1.20.0,2025-11-01,micropython-stm32-stubs,1.20.0.post5
1,stm32,,1.21.0,2025-11-01,micropython-stm32-stubs,1.21.0.post1
13,stm32,,1.21.0,2025-11-01,micropython-stm32-stubs,1.21.0.post2
12,stm32,,1.22.0,2025-11-01,micropython-stm32-stubs,1.22.0.post1
1,stm32,,1.23.0,2025-11-01,micropython-stm32-stubs,1.23.0.post1
14,stm32,,1.23.0,2025-11-01,micropython-stm32-stubs,1.23.0.post2
2,stm32,,1.24.1,2025-11-01,micropython-stm32-stubs,1.24.1.post1
20,stm32,,1.24.1,2025-11-01,micropython-stm32-stubs,1.24.1.post2
3,stm32,,1.25.0,2025-11-01,micropython-stm32-stubs,1.25.0.post2
21,stm32,,1.25.0,2025-11-01,micropython-stm32-stubs,1.25.0.post3
1565,stm32,,1.26.0,2025-11-01,micropython-stm32-stubs,1.26.0.post1
13,unix,,1.20.0,2025-11-01,micropython-unix-stubs,1.20.0.post1
14,unix,,1.21.0,2025-11-01,micropython-unix-stubs,1.21.0.post1
1,unix,,1.24.1,2025-11-01,micropython-unix-stubs,1.24.1.post1
13,unix,,1.24.1,2025-11-01,micropython-unix-stubs,1.24.1.post2
16,unix,,1.25.0,2025-11-01,micropython-unix-stubs,1.25.0.post1
150,unix,,1.26.0,2025-11-01,micropython-unix-stubs,1.26.0.post1
1,webassembly,,1.21.0,2025-11-01,micropython-webassembly-stubs,1.21.0.post1
16,webassembly,,1.21.0,2025-11-01,micropython-webassembly-stubs,1.21.0.post2
2,webassembly,,1.24.1,2025-11-01,micropython-webassembly-stubs,1.24.1.post1
14,webassembly,,1.24.1,2025-11-01,micropython-webassembly-stubs,1.24.1.post2
1,webassembly,,1.25.0,2025-11-01,micropython-webassembly-stubs,1.25.0.post1
25,webassembly,,1.25.0,2025-11-01,micropython-webassembly-stubs,1.25.0.post2
2,webassembly,,1.26.0,2025-11-01,micropython-webassembly-stubs,1.26.0.post1
38,webassembly,,1.26.0,2025-11-01,micropython-webassembly-stubs,1.26.0.post2
2,windows,,1.20.0,2025-11-01,micropython-windows-stubs,1.20.0.post1
1,windows,,1.21.0,2025-11-01,micropython-windows-stubs,1.21.0.post1
1,windows,,1.24.1,2025-11-01,micropython-windows-stubs,1.24.1.post2
14,windows,,1.24.1,2025-11-01,micropython-windows-stubs,1.24.1.post3
16,windows,,1.25.0,2025-11-01,micropython-windows-stubs,1.25.0.post1
38,windows,,1.26.0,2025-11-01,micropython-windows-stubs,1.26.0.post1
10,esp32,esp32-generic-c3,1.23.0,2025-12-01,micropython-esp32-esp32-generic-c3-stubs,1.23.0.post1
71,esp32,esp32-generic-c3,1.23.0,2025-12-01,micropython-esp32-esp32-generic-c3-stubs,1.23.0.post2
126,esp32,esp32-generic-c3,1.27.0,2025-12-01,micropython-esp32-esp32-generic-c3-stubs,1.27.0.post1
4,esp32,esp32-generic-c6,1.24.1,2025-12-01,micropython-esp32-esp32-generic-c6-stubs,1.24.1.post1
27,esp32,esp32-generic-c6,1.24.1,2025-12-01,micropython-esp32-esp32-generic-c6-stubs,1.24.1.post2
4,esp32,esp32-generic-c6,1.25.0,2025-12-01,micropython-esp32-esp32-generic-c6-stubs,1.25.0.post1
6,esp32,esp32-generic-c6,1.25.0,2025-12-01,micropython-esp32-esp32-generic-c6-stubs,1.25.0.post2
3,esp32,esp32-generic-c6,1.25.0,2025-12-01,micropython-esp32-esp32-generic-c6-stubs,1.25.0.post3
26,esp32,esp32-generic-c6,1.25.0,2025-12-01,micropython-esp32-esp32-generic-c6-stubs,1.25.0.post4
78,esp32,esp32-generic-c6,1.26.0,2025-12-01,micropython-esp32-esp32-generic-c6-stubs,1.26.0.post1
124,esp32,esp32-generic-c6,1.27.0,2025-12-01,micropython-esp32-esp32-generic-c6-stubs,1.27.0.post1
5,esp32,esp32-generic-s2,1.25.0,2025-12-01,micropython-esp32-esp32-generic-s2-stubs,1.25.0.post1
7,esp32,esp32-generic-s2,1.25.0,2025-12-01,micropython-esp32-esp32-generic-s2-stubs,1.25.0.post2
5,esp32,esp32-generic-s2,1.25.0,2025-12-01,micropython-esp32-esp32-generic-s2-stubs,1.25.0.post3
29,esp32,esp32-generic-s2,1.25.0,2025-12-01,micropython-esp32-esp32-generic-s2-stubs,1.25.0.post4
79,esp32,esp32-generic-s2,1.26.0,2025-12-01,micropython-esp32-esp32-generic-s2-stubs,1.26.0.post1
116,esp32,esp32-generic-s2,1.27.0,2025-12-01,micropython-esp32-esp32-generic-s2-stubs,1.27.0.post1
29,esp32,esp32-generic-s3,1.22.0,2025-12-01,micropython-esp32-esp32-generic-s3-stubs,1.22.0.post1
7,esp32,esp32-generic-s3,1.23.0,2025-12-01,micropython-esp32-esp32-generic-s3-stubs,1.23.0.post1
33,esp32,esp32-generic-s3,1.23.0,2025-12-01,micropython-esp32-esp32-generic-s3-stubs,1.23.0.post2
8,esp32,esp32-generic-s3,1.24.1,2025-12-01,micropython-esp32-esp32-generic-s3-stubs,1.24.1.post1
38,esp32,esp32-generic-s3,1.24.1,2025-12-01,micropython-esp32-esp32-generic-s3-stubs,1.24.1.post2
198,esp32,esp32-generic-s3,1.26.0,2025-12-01,micropython-esp32-esp32-generic-s3-stubs,1.26.0.post1
193,esp32,esp32-generic-s3,1.27.0,2025-12-01,micropython-esp32-esp32-generic-s3-stubs,1.27.0.post1
5,esp32,esp32-generic,1.21.0,2025-12-01,micropython-esp32-esp32-generic-stubs,1.21.0.post1
31,esp32,esp32-generic,1.21.0,2025-12-01,micropython-esp32-esp32-generic-stubs,1.21.0.post2
29,esp32,esp32-generic,1.22.0,2025-12-01,micropython-esp32-esp32-generic-stubs,1.22.0.post1
9,esp32,esp32-generic,1.23.0,2025-12-01,micropython-esp32-esp32-generic-stubs,1.23.0.post1
33,esp32,esp32-generic,1.23.0,2025-12-01,micropython-esp32-esp32-generic-stubs,1.23.0.post2
6,esp32,esp32-generic,1.24.1,2025-12-01,micropython-esp32-esp32-generic-stubs,1.24.1.post1
27,esp32,esp32-generic,1.24.1,2025-12-01,micropython-esp32-esp32-generic-stubs,1.24.1.post2
7,esp32,esp32-generic,1.25.0,2025-12-01,micropython-esp32-esp32-generic-stubs,1.25.0.post1
6,esp32,esp32-generic,1.25.0,2025-12-01,micropython-esp32-esp32-generic-stubs,1.25.0.post2
5,esp32,esp32-generic,1.25.0,2025-12-01,micropython-esp32-esp32-generic-stubs,1.25.0.post3
12,esp32,esp32-generic,1.25.0,2025-12-01,micropython-esp32-esp32-generic-stubs,1.25.0.post4
47,esp32,esp32-generic,1.25.0,2025-12-01,micropython-esp32-esp32-generic-stubs,1.25.0.post5
439,esp32,esp32-generic,1.26.0,2025-12-01,micropython-esp32-esp32-generic-stubs,1.26.0.post1
215,esp32,esp32-generic,1.27.0,2025-12-01,micropython-esp32-esp32-generic-stubs,1.27.0.post1
54,esp32,generic-ota,1.20.0,2025-12-01,micropython-esp32-generic-ota-stubs,1.20.0.post1
79,esp32,generic-ota,1.20.0,2025-12-01,micropython-esp32-generic-ota-stubs,1.20.0.post2
26,esp32,generic-s3,1.19.1,2025-12-01,micropython-esp32-generic-s3-stubs,1.19.1.post1
5,esp32,generic-s3,1.20.0,2025-12-01,micropython-esp32-generic-s3-stubs,1.20.0.post1
33,esp32,generic-s3,1.20.0,2025-12-01,micropython-esp32-generic-s3-stubs,1.20.0.post2
30,esp32,generic-spiram,1.19.1,2025-12-01,micropython-esp32-generic-spiram-stubs,1.19.1.post1
4,esp32,ota,1.20.0,2025-12-01,micropython-esp32-ota-stubs,1.20.0.post1
29,esp32,ota,1.20.0,2025-12-01,micropython-esp32-ota-stubs,1.20.0.post2
35,esp32,s3,1.19.1,2025-12-01,micropython-esp32-s3-stubs,1.19.1.post1
74,esp32,s3,1.20.0,2025-12-01,micropython-esp32-s3-stubs,1.20.0.post1
4,esp32,,1.17,2025-12-01,micropython-esp32-stubs,1.17.post1
2,esp32,,1.17,2025-12-01,micropython-esp32-stubs,1.17.post2
18,esp32,,1.17,2025-12-01,micropython-esp32-stubs,1.17.post3
5,esp32,,1.18,2025-12-01,micropython-esp32-stubs,1.18.post1
5,esp32,,1.18,2025-12-01,micropython-esp32-stubs,1.18.post2
16,esp32,,1.18,2025-12-01,micropython-esp32-stubs,1.18.post3
3,esp32,,1.19.1,2025-12-01,micropython-esp32-stubs,1.19.1.post10
6,esp32,,1.19.1,2025-12-01,micropython-esp32-stubs,1.19.1.post11
4,esp32,,1.19.1,2025-12-01,micropython-esp32-stubs,1.19.1.post12
2,esp32,,1.19.1,2025-12-01,micropython-esp32-stubs,1.19.1.post13
4,esp32,,1.19.1,2025-12-01,micropython-esp32-stubs,1.19.1.post14
27,esp32,,1.19.1,2025-12-01,micropython-esp32-stubs,1.19.1.post15
4,esp32,,1.19.1,2025-12-01,micropython-esp32-stubs,1.19.1.post2
3,esp32,,1.19.1,2025-12-01,micropython-esp32-stubs,1.19.1.post3
7,esp32,,1.19.1,2025-12-01,micropython-esp32-stubs,1.19.1.post4
5,esp32,,1.19.1,2025-12-01,micropython-esp32-stubs,1.19.1.post5
5,esp32,,1.19.1,2025-12-01,micropython-esp32-stubs,1.19.1.post6
4,esp32,,1.19.1,2025-12-01,micropython-esp32-stubs,1.19.1.post7
4,esp32,,1.19.1,2025-12-01,micropython-esp32-stubs,1.19.1.post8
4,esp32,,1.19.1,2025-12-01,micropython-esp32-stubs,1.19.1.post9
4,esp32,,1.20.0,2025-12-01,micropython-esp32-stubs,1.20.0.post1
4,esp32,,1.20.0,2025-12-01,micropython-esp32-stubs,1.20.0.post2
2,esp32,,1.20.0,2025-12-01,micropython-esp32-stubs,1.20.0.post3
3,esp32,,1.20.0,2025-12-01,micropython-esp32-stubs,1.20.0.post4
42,esp32,,1.20.0,2025-12-01,micropython-esp32-stubs,1.20.0.post5
5,esp32,,1.21.0,2025-12-01,micropython-esp32-stubs,1.21.0.post1
9,esp32,,1.21.0,2025-12-01,micropython-esp32-stubs,1.21.0.post2
6,esp32,,1.21.0,2025-12-01,micropython-esp32-stubs,1.21.0.post3
23,esp32,,1.21.0,2025-12-01,micropython-esp32-stubs,1.21.0.post4
8,esp32,,,2025-12-01,micropython-esp32-stubs,1.21.0a489
22,esp32,,1.22.0,2025-12-01,micropython-esp32-stubs,1.22.0.post1
7,esp32,,1.23.0,2025-12-01,micropython-esp32-stubs,1.23.0.post1
33,esp32,,1.23.0,2025-12-01,micropython-esp32-stubs,1.23.0.post2
4,esp32,,,2025-12-01,micropython-esp32-stubs,1.23.0a87
8,esp32,,1.24.1,2025-12-01,micropython-esp32-stubs,1.24.1.post1
34,esp32,,1.24.1,2025-12-01,micropython-esp32-stubs,1.24.1.post2
6,esp32,,1.25.0,2025-12-01,micropython-esp32-stubs,1.25.0.post1
9,esp32,,1.25.0,2025-12-01,micropython-esp32-stubs,1.25.0.post2
8,esp32,,1.25.0,2025-12-01,micropython-esp32-stubs,1.25.0.post3
9,esp32,,1.25.0,2025-12-01,micropython-esp32-stubs,1.25.0.post4
65,esp32,,1.25.0,2025-12-01,micropython-esp32-stubs,1.25.0.post5
1443,esp32,,1.26.0,2025-12-01,micropython-esp32-stubs,1.26.0.post1
457,esp32,,1.27.0,2025-12-01,micropython-esp32-stubs,1.27.0.post1
8,esp32,um-tinypico,1.19.1,2025-12-01,micropython-esp32-um-tinypico-stubs,1.19.1.post2
7,esp32,um-tinypico,1.19.1,2025-12-01,micropython-esp32-um-tinypico-stubs,1.19.1.post3
5,esp32,um-tinypico,1.19.1,2025-12-01,micropython-esp32-um-tinypico-stubs,1.19.1.post4
6,esp32,um-tinypico,1.19.1,2025-12-01,micropython-esp32-um-tinypico-stubs,1.19.1.post5
7,esp32,um-tinypico,1.19.1,2025-12-01,micropython-esp32-um-tinypico-stubs,1.19.1.post6
3,esp32,um-tinypico,1.19.1,2025-12-01,micropython-esp32-um-tinypico-stubs,1.19.1.post7
28,esp32,um-tinypico,1.19.1,2025-12-01,micropython-esp32-um-tinypico-stubs,1.19.1.post8
3,esp8266,esp8266-generic,1.23.0,2025-12-01,micropython-esp8266-esp8266-generic-stubs,1.23.0.post1
28,esp8266,esp8266-generic,1.23.0,2025-12-01,micropython-esp8266-esp8266-generic-stubs,1.23.0.post2
5,esp8266,esp8266-generic,1.25.0,2025-12-01,micropython-esp8266-esp8266-generic-stubs,1.25.0.post1
7,esp8266,esp8266-generic,1.25.0,2025-12-01,micropython-esp8266-esp8266-generic-stubs,1.25.0.post2
4,esp8266,esp8266-generic,1.25.0,2025-12-01,micropython-esp8266-esp8266-generic-stubs,1.25.0.post3
25,esp8266,esp8266-generic,1.25.0,2025-12-01,micropython-esp8266-esp8266-generic-stubs,1.25.0.post4
78,esp8266,esp8266-generic,1.26.0,2025-12-01,micropython-esp8266-esp8266-generic-stubs,1.26.0.post1
120,esp8266,esp8266-generic,1.27.0,2025-12-01,micropython-esp8266-esp8266-generic-stubs,1.27.0.post1
7,esp8266,,1.17,2025-12-01,micropython-esp8266-stubs,1.17.post1
5,esp8266,,1.17,2025-12-01,micropython-esp8266-stubs,1.17.post2
19,esp8266,,1.17,2025-12-01,micropython-esp8266-stubs,1.17.post3
7,esp8266,,1.18,2025-12-01,micropython-esp8266-stubs,1.18.post1
6,esp8266,,1.18,2025-12-01,micropython-esp8266-stubs,1.18.post2
5,esp8266,,1.18,2025-12-01,micropython-esp8266-stubs,1.18.post3
15,esp8266,,1.18,2025-12-01,micropython-esp8266-stubs,1.18.post4
8,esp8266,,1.19.1,2025-12-01,micropython-esp8266-stubs,1.19.1.post1
5,esp8266,,1.19.1,2025-12-01,micropython-esp8266-stubs,1.19.1.post10
7,esp8266,,1.19.1,2025-12-01,micropython-esp8266-stubs,1.19.1.post11
28,esp8266,,1.19.1,2025-12-01,micropython-esp8266-stubs,1.19.1.post12
8,esp8266,,1.19.1,2025-12-01,micropython-esp8266-stubs,1.19.1.post2
5,esp8266,,1.19.1,2025-12-01,micropython-esp8266-stubs,1.19.1.post3
7,esp8266,,1.19.1,2025-12-01,micropython-esp8266-stubs,1.19.1.post4
8,esp8266,,1.19.1,2025-12-01,micropython-esp8266-stubs,1.19.1.post5
4,esp8266,,1.19.1,2025-12-01,micropython-esp8266-stubs,1.19.1.post6
4,esp8266,,1.19.1,2025-12-01,micropython-esp8266-stubs,1.19.1.post7
4,esp8266,,1.19.1,2025-12-01,micropython-esp8266-stubs,1.19.1.post8
4,esp8266,,1.19.1,2025-12-01,micropython-esp8266-stubs,1.19.1.post9
5,esp8266,,1.23.0,2025-12-01,micropython-esp8266-stubs,1.23.0.post1
29,esp8266,,1.23.0,2025-12-01,micropython-esp8266-stubs,1.23.0.post2
25,esp8266,,1.24.1,2025-12-01,micropython-esp8266-stubs,1.24.1.post1
9,esp8266,,1.25.0,2025-12-01,micropython-esp8266-stubs,1.25.0.post1
9,esp8266,,1.25.0,2025-12-01,micropython-esp8266-stubs,1.25.0.post2
5,esp8266,,1.25.0,2025-12-01,micropython-esp8266-stubs,1.25.0.post3
33,esp8266,,1.25.0,2025-12-01,micropython-esp8266-stubs,1.25.0.post4
127,esp8266,,1.26.0,2025-12-01,micropython-esp8266-stubs,1.26.0.post1
124,esp8266,,1.27.0,2025-12-01,micropython-esp8266-stubs,1.27.0.post1
56,mimxrt,mimxrt1010-evk,1.26.1,2025-12-01,micropython-mimxrt-mimxrt1010-evk-stubs,1.26.1.post1
38,mimxrt,seeed-arch-mix,1.26.1,2025-12-01,micropython-mimxrt-seeed-arch-mix-stubs,1.26.1.post1
39,mimxrt,,1.26.1,2025-12-01,micropython-mimxrt-stubs,1.26.1.post1
19,rp2,arduino-nano-rp2040-connect,1.22.0,2025-12-01,micropython-rp2-arduino-nano-rp2040-connect-stubs,1.22.0.post1
5,rp2,arduino-nano-rp2040-connect,1.22.1,2025-12-01,micropython-rp2-arduino-nano-rp2040-connect-stubs,1.22.1.post1
34,rp2,arduino-nano-rp2040-connect,1.22.1,2025-12-01,micropython-rp2-arduino-nano-rp2040-connect-stubs,1.22.1.post2
5,rp2,arduino-nano-rp2040-connect,1.24.1,2025-12-01,micropython-rp2-arduino-nano-rp2040-connect-stubs,1.24.1.post1
73,rp2,arduino-nano-rp2040-connect,1.24.1,2025-12-01,micropython-rp2-arduino-nano-rp2040-connect-stubs,1.24.1.post2
3,rp2,pico,1.20.0,2025-12-01,micropython-rp2-pico-stubs,1.20.0.post1
2,rp2,pico,1.20.0,2025-12-01,micropython-rp2-pico-stubs,1.20.0.post2
13,rp2,pico,1.20.0,2025-12-01,micropython-rp2-pico-stubs,1.20.0.post3
5,rp2,pico,1.20.0,2025-12-01,micropython-rp2-pico-stubs,1.20.0.post4
391,rp2,pico,1.20.0,2025-12-01,micropython-rp2-pico-stubs,1.20.0.post5
6,rp2,pico-w,1.20.0,2025-12-01,micropython-rp2-pico-w-stubs,1.20.0.post1
6,rp2,pico-w,1.20.0,2025-12-01,micropython-rp2-pico-w-stubs,1.20.0.post2
3,rp2,pico-w,1.20.0,2025-12-01,micropython-rp2-pico-w-stubs,1.20.0.post3
3,rp2,pico-w,1.20.0,2025-12-01,micropython-rp2-pico-w-stubs,1.20.0.post4
160,rp2,pico-w,1.20.0,2025-12-01,micropython-rp2-pico-w-stubs,1.20.0.post5
9,rp2,pimoroni-picolipo-16mb,1.20.0,2025-12-01,micropython-rp2-pimoroni-picolipo-16mb-stubs,1.20.0.post1
8,rp2,pimoroni-picolipo-16mb,1.20.0,2025-12-01,micropython-rp2-pimoroni-picolipo-16mb-stubs,1.20.0.post2
30,rp2,pimoroni-picolipo-16mb,1.20.0,2025-12-01,micropython-rp2-pimoroni-picolipo-16mb-stubs,1.20.0.post3
34,rp2,pimoroni-picolipo-16mb,1.22.0,2025-12-01,micropython-rp2-pimoroni-picolipo-16mb-stubs,1.22.0.post1
57,rp2,pimoroni-picolipo,1.26.0,2025-12-01,micropython-rp2-pimoroni-picolipo-stubs,1.26.0.post1
107,rp2,pimoroni-picolipo,1.27.0,2025-12-01,micropython-rp2-pimoroni-picolipo-stubs,1.27.0.post1
4,rp2,rpi-pico,1.21.0,2025-12-01,micropython-rp2-rpi-pico-stubs,1.21.0.post1
5,rp2,rpi-pico,1.21.0,2025-12-01,micropython-rp2-rpi-pico-stubs,1.21.0.post2
45,rp2,rpi-pico,1.21.0,2025-12-01,micropython-rp2-rpi-pico-stubs,1.21.0.post3
25,rp2,rpi-pico,1.22.0,2025-12-01,micropython-rp2-rpi-pico-stubs,1.22.0.post1
3,rp2,rpi-pico,1.22.1,2025-12-01,micropython-rp2-rpi-pico-stubs,1.22.1.post1
42,rp2,rpi-pico,1.22.1,2025-12-01,micropython-rp2-rpi-pico-stubs,1.22.1.post2
5,rp2,rpi-pico,1.23.0,2025-12-01,micropython-rp2-rpi-pico-stubs,1.23.0.post1
35,rp2,rpi-pico,1.23.0,2025-12-01,micropython-rp2-rpi-pico-stubs,1.23.0.post2
7,rp2,rpi-pico,1.24.1,2025-12-01,micropython-rp2-rpi-pico-stubs,1.24.1.post1
42,rp2,rpi-pico,1.24.1,2025-12-01,micropython-rp2-rpi-pico-stubs,1.24.1.post2
6,rp2,rpi-pico,1.25.0,2025-12-01,micropython-rp2-rpi-pico-stubs,1.25.0.post1
5,rp2,rpi-pico,1.25.0,2025-12-01,micropython-rp2-rpi-pico-stubs,1.25.0.post2
67,rp2,rpi-pico,1.25.0,2025-12-01,micropython-rp2-rpi-pico-stubs,1.25.0.post3
213,rp2,rpi-pico,1.26.0,2025-12-01,micropython-rp2-rpi-pico-stubs,1.26.0.post1
168,rp2,rpi-pico,1.27.0,2025-12-01,micropython-rp2-rpi-pico-stubs,1.27.0.post1
1,rp2,rpi-pico-w,1.21.0,2025-12-01,micropython-rp2-rpi-pico-w-stubs,1.21.0.post1
2,rp2,rpi-pico-w,1.21.0,2025-12-01,micropython-rp2-rpi-pico-w-stubs,1.21.0.post2
32,rp2,rpi-pico-w,1.21.0,2025-12-01,micropython-rp2-rpi-pico-w-stubs,1.21.0.post3
19,rp2,rpi-pico-w,1.22.0,2025-12-01,micropython-rp2-rpi-pico-w-stubs,1.22.0.post1
2,rp2,rpi-pico-w,1.22.1,2025-12-01,micropython-rp2-rpi-pico-w-stubs,1.22.1.post1
33,rp2,rpi-pico-w,1.22.1,2025-12-01,micropython-rp2-rpi-pico-w-stubs,1.22.1.post2
4,rp2,rpi-pico-w,1.23.0,2025-12-01,micropython-rp2-rpi-pico-w-stubs,1.23.0.post1
37,rp2,rpi-pico-w,1.23.0,2025-12-01,micropython-rp2-rpi-pico-w-stubs,1.23.0.post2
2,rp2,rpi-pico-w,1.24.1,2025-12-01,micropython-rp2-rpi-pico-w-stubs,1.24.1.post1
33,rp2,rpi-pico-w,1.24.1,2025-12-01,micropython-rp2-rpi-pico-w-stubs,1.24.1.post2
4,rp2,rpi-pico-w,1.25.0,2025-12-01,micropython-rp2-rpi-pico-w-stubs,1.25.0.post1
5,rp2,rpi-pico-w,1.25.0,2025-12-01,micropython-rp2-rpi-pico-w-stubs,1.25.0.post2
7,rp2,rpi-pico-w,1.25.0,2025-12-01,micropython-rp2-rpi-pico-w-stubs,1.25.0.post3
62,rp2,rpi-pico-w,1.25.0,2025-12-01,micropython-rp2-rpi-pico-w-stubs,1.25.0.post4
319,rp2,rpi-pico-w,1.26.0,2025-12-01,micropython-rp2-rpi-pico-w-stubs,1.26.0.post1
6,rp2,rpi-pico2,1.24.1,2025-12-01,micropython-rp2-rpi-pico2-stubs,1.24.1.post1
40,rp2,rpi-pico2,1.24.1,2025-12-01,micropython-rp2-rpi-pico2-stubs,1.24.1.post2
6,rp2,rpi-pico2,1.25.0,2025-12-01,micropython-rp2-rpi-pico2-stubs,1.25.0.post1
5,rp2,rpi-pico2,1.25.0,2025-12-01,micropython-rp2-rpi-pico2-stubs,1.25.0.post2
52,rp2,rpi-pico2,1.25.0,2025-12-01,micropython-rp2-rpi-pico2-stubs,1.25.0.post3
101,rp2,rpi-pico2,1.26.0,2025-12-01,micropython-rp2-rpi-pico2-stubs,1.26.0.post1
126,rp2,rpi-pico2,1.27.0,2025-12-01,micropython-rp2-rpi-pico2-stubs,1.27.0.post1
5,rp2,rpi-pico2-w,1.25.0,2025-12-01,micropython-rp2-rpi-pico2-w-stubs,1.25.0.post1
3,rp2,rpi-pico2-w,1.25.0,2025-12-01,micropython-rp2-rpi-pico2-w-stubs,1.25.0.post2
6,rp2,rpi-pico2-w,1.25.0,2025-12-01,micropython-rp2-rpi-pico2-w-stubs,1.25.0.post3
75,rp2,rpi-pico2-w,1.25.0,2025-12-01,micropython-rp2-rpi-pico2-w-stubs,1.25.0.post4
213,rp2,rpi-pico2-w,1.26.0,2025-12-01,micropython-rp2-rpi-pico2-w-stubs,1.26.0.post1
184,rp2,rpi-pico2-w,1.27.0,2025-12-01,micropython-rp2-rpi-pico2-w-stubs,1.27.0.post1
6,rp2,,1.17,2025-12-01,micropython-rp2-stubs,1.17.post1
4,rp2,,1.17,2025-12-01,micropython-rp2-stubs,1.17.post2
22,rp2,,1.17,2025-12-01,micropython-rp2-stubs,1.17.post3
9,rp2,,1.18,2025-12-01,micropython-rp2-stubs,1.18.post1
5,rp2,,1.18,2025-12-01,micropython-rp2-stubs,1.18.post2
20,rp2,,1.18,2025-12-01,micropython-rp2-stubs,1.18.post3
5,rp2,,1.19.1,2025-12-01,micropython-rp2-stubs,1.19.1.post10
5,rp2,,1.19.1,2025-12-01,micropython-rp2-stubs,1.19.1.post11
7,rp2,,1.19.1,2025-12-01,micropython-rp2-stubs,1.19.1.post12
5,rp2,,1.19.1,2025-12-01,micropython-rp2-stubs,1.19.1.post13
33,rp2,,1.19.1,2025-12-01,micropython-rp2-stubs,1.19.1.post14
6,rp2,,1.19.1,2025-12-01,micropython-rp2-stubs,1.19.1.post6
7,rp2,,1.19.1,2025-12-01,micropython-rp2-stubs,1.19.1.post7
6,rp2,,1.19.1,2025-12-01,micropython-rp2-stubs,1.19.1.post8
7,rp2,,1.19.1,2025-12-01,micropython-rp2-stubs,1.19.1.post9
4,rp2,,1.20.0,2025-12-01,micropython-rp2-stubs,1.20.0.post1
7,rp2,,1.20.0,2025-12-01,micropython-rp2-stubs,1.20.0.post2
6,rp2,,1.20.0,2025-12-01,micropython-rp2-stubs,1.20.0.post3
5,rp2,,1.20.0,2025-12-01,micropython-rp2-stubs,1.20.0.post4
36,rp2,,1.20.0,2025-12-01,micropython-rp2-stubs,1.20.0.post5
5,rp2,,1.21.0,2025-12-01,micropython-rp2-stubs,1.21.0.post1
34,rp2,,1.21.0,2025-12-01,micropython-rp2-stubs,1.21.0.post2
23,rp2,,1.22.0,2025-12-01,micropython-rp2-stubs,1.22.0.post1
9,rp2,,1.22.1,2025-12-01,micropython-rp2-stubs,1.22.1.post1
48,rp2,,1.22.1,2025-12-01,micropython-rp2-stubs,1.22.1.post2
5,rp2,,1.23.0,2025-12-01,micropython-rp2-stubs,1.23.0.post1
36,rp2,,1.23.0,2025-12-01,micropython-rp2-stubs,1.23.0.post2
6,rp2,,1.24.1,2025-12-01,micropython-rp2-stubs,1.24.1.post1
38,rp2,,1.24.1,2025-12-01,micropython-rp2-stubs,1.24.1.post2
11,rp2,,1.25.0,2025-12-01,micropython-rp2-stubs,1.25.0.post1
6,rp2,,1.25.0,2025-12-01,micropython-rp2-stubs,1.25.0.post2
47,rp2,,1.25.0,2025-12-01,micropython-rp2-stubs,1.25.0.post3
231,rp2,,1.26.0,2025-12-01,micropython-rp2-stubs,1.26.0.post1
216,rp2,,1.27.0,2025-12-01,micropython-rp2-stubs,1.27.0.post1
5,samd,adafruit-feather-m4-express,1.20.0,2025-12-01,micropython-samd-adafruit-feather-m4-express-stubs,1.20.0.post1
6,samd,adafruit-feather-m4-express,1.20.0,2025-12-01,micropython-samd-adafruit-feather-m4-express-stubs,1.20.0.post2
4,samd,adafruit-feather-m4-express,1.20.0,2025-12-01,micropython-samd-adafruit-feather-m4-express-stubs,1.20.0.post3
29,samd,adafruit-feather-m4-express,1.20.0,2025-12-01,micropython-samd-adafruit-feather-m4-express-stubs,1.20.0.post4
5,samd,adafruit-itsybitsy-m4-express,1.20.0,2025-12-01,micropython-samd-adafruit-itsybitsy-m4-express-stubs,1.20.0.post1
4,samd,adafruit-itsybitsy-m4-express,1.20.0,2025-12-01,micropython-samd-adafruit-itsybitsy-m4-express-stubs,1.20.0.post2
5,samd,adafruit-itsybitsy-m4-express,1.20.0,2025-12-01,micropython-samd-adafruit-itsybitsy-m4-express-stubs,1.20.0.post3
28,samd,adafruit-itsybitsy-m4-express,1.20.0,2025-12-01,micropython-samd-adafruit-itsybitsy-m4-express-stubs,1.20.0.post4
4,samd,minisam-m4,1.20.0,2025-12-01,micropython-samd-minisam-m4-stubs,1.20.0.post1
7,samd,minisam-m4,1.20.0,2025-12-01,micropython-samd-minisam-m4-stubs,1.20.0.post2
6,samd,minisam-m4,1.20.0,2025-12-01,micropython-samd-minisam-m4-stubs,1.20.0.post3
33,samd,minisam-m4,1.20.0,2025-12-01,micropython-samd-minisam-m4-stubs,1.20.0.post4
4,samd,seeed-wio-terminal,1.20.0,2025-12-01,micropython-samd-seeed-wio-terminal-stubs,1.20.0.post1
5,samd,seeed-wio-terminal,1.20.0,2025-12-01,micropython-samd-seeed-wio-terminal-stubs,1.20.0.post2
6,samd,seeed-wio-terminal,1.20.0,2025-12-01,micropython-samd-seeed-wio-terminal-stubs,1.20.0.post3
5,samd,seeed-wio-terminal,1.20.0,2025-12-01,micropython-samd-seeed-wio-terminal-stubs,1.20.0.post4
27,samd,seeed-wio-terminal,1.20.0,2025-12-01,micropython-samd-seeed-wio-terminal-stubs,1.20.0.post5
4,samd,seeed-wio-terminal,1.21.0,2025-12-01,micropython-samd-seeed-wio-terminal-stubs,1.21.0.post1
6,samd,seeed-wio-terminal,1.21.0,2025-12-01,micropython-samd-seeed-wio-terminal-stubs,1.21.0.post2
28,samd,seeed-wio-terminal,1.21.0,2025-12-01,micropython-samd-seeed-wio-terminal-stubs,1.21.0.post3
17,samd,seeed-wio-terminal,1.22.0,2025-12-01,micropython-samd-seeed-wio-terminal-stubs,1.22.0.post1
25,samd,seeed-wio-terminal,1.22.1,2025-12-01,micropython-samd-seeed-wio-terminal-stubs,1.22.1.post1
6,samd,seeed-wio-terminal,1.23.0,2025-12-01,micropython-samd-seeed-wio-terminal-stubs,1.23.0.post1
25,samd,seeed-wio-terminal,1.23.0,2025-12-01,micropython-samd-seeed-wio-terminal-stubs,1.23.0.post2
4,samd,seeed-wio-terminal,1.24.1,2025-12-01,micropython-samd-seeed-wio-terminal-stubs,1.24.1.post1
25,samd,seeed-wio-terminal,1.24.1,2025-12-01,micropython-samd-seeed-wio-terminal-stubs,1.24.1.post2
4,samd,seeed-wio-terminal,1.25.0,2025-12-01,micropython-samd-seeed-wio-terminal-stubs,1.25.0.post1
5,samd,seeed-wio-terminal,1.25.0,2025-12-01,micropython-samd-seeed-wio-terminal-stubs,1.25.0.post2
22,samd,seeed-wio-terminal,1.25.0,2025-12-01,micropython-samd-seeed-wio-terminal-stubs,1.25.0.post3
31,samd,seeed-wio-terminal,1.26.0,2025-12-01,micropython-samd-seeed-wio-terminal-stubs,1.26.0.post1
90,samd,seeed-wio-terminal,1.27.0,2025-12-01,micropython-samd-seeed-wio-terminal-stubs,1.27.0.post1
3,samd,,1.20.0,2025-12-01,micropython-samd-stubs,1.20.0.post1
27,samd,,1.20.0,2025-12-01,micropython-samd-stubs,1.20.0.post2
6,samd,,1.21.0,2025-12-01,micropython-samd-stubs,1.21.0.post1
23,samd,,1.21.0,2025-12-01,micropython-samd-stubs,1.21.0.post2
18,samd,,1.22.0,2025-12-01,micropython-samd-stubs,1.22.0.post1
26,samd,,1.22.1,2025-12-01,micropython-samd-stubs,1.22.1.post1
8,samd,,1.23.0,2025-12-01,micropython-samd-stubs,1.23.0.post1
28,samd,,1.23.0,2025-12-01,micropython-samd-stubs,1.23.0.post2
5,samd,,,2025-12-01,micropython-samd-stubs,1.23.0a87
5,samd,,1.24.1,2025-12-01,micropython-samd-stubs,1.24.1.post1
25,samd,,1.24.1,2025-12-01,micropython-samd-stubs,1.24.1.post2
6,samd,,1.25.0,2025-12-01,micropython-samd-stubs,1.25.0.post1
6,samd,,1.25.0,2025-12-01,micropython-samd-stubs,1.25.0.post2
25,samd,,1.25.0,2025-12-01,micropython-samd-stubs,1.25.0.post3
77,samd,,1.26.0,2025-12-01,micropython-samd-stubs,1.26.0.post1
189,samd,,1.27.0,2025-12-01,micropython-samd-stubs,1.27.0.post1
7,stdlib,,,2025-12-01,micropython-stdlib-stubs,0.9.0
5,stdlib,,,2025-12-01,micropython-stdlib-stubs,1.0.0
7,stdlib,,,2025-12-01,micropython-stdlib-stubs,1.0.0rc2
5,stdlib,,,2025-12-01,micropython-stdlib-stubs,1.0.1a0
6,stdlib,,,2025-12-01,micropython-stdlib-stubs,1.0.1a1
4,stdlib,,,2025-12-01,micropython-stdlib-stubs,1.0.1a2
4,stdlib,,,2025-12-01,micropython-stdlib-stubs,1.1.0
4,stdlib,,,2025-12-01,micropython-stdlib-stubs,1.1.1
5,stdlib,,,2025-12-01,micropython-stdlib-stubs,1.1.1a2
10,stdlib,,,2025-12-01,micropython-stdlib-stubs,1.1.2
5,stdlib,,,2025-12-01,micropython-stdlib-stubs,1.1.2a0
79,stdlib,,,2025-12-01,micropython-stdlib-stubs,1.23.0
8,stdlib,,,2025-12-01,micropython-stdlib-stubs,1.24.0
5,stdlib,,,2025-12-01,micropython-stdlib-stubs,1.24.1
90,stdlib,,1.24.1,2025-12-01,micropython-stdlib-stubs,1.24.1.post2
215,stdlib,,,2025-12-01,micropython-stdlib-stubs,1.25.0
10,stdlib,,,2025-12-01,micropython-stdlib-stubs,1.26.0
5,stdlib,,1.26.0,2025-12-01,micropython-stdlib-stubs,1.26.0.post1
5,stdlib,,1.26.0,2025-12-01,micropython-stdlib-stubs,1.26.0.post2
4000,stdlib,,1.26.0,2025-12-01,micropython-stdlib-stubs,1.26.0.post3
1407,stdlib,,,2025-12-01,micropython-stdlib-stubs,1.27.0
7,stm32,pybv11,1.20.0,2025-12-01,micropython-stm32-pybv11-stubs,1.20.0.post1
4,stm32,pybv11,1.20.0,2025-12-01,micropython-stm32-pybv11-stubs,1.20.0.post2
7,stm32,pybv11,1.20.0,2025-12-01,micropython-stm32-pybv11-stubs,1.20.0.post3
3,stm32,pybv11,1.20.0,2025-12-01,micropython-stm32-pybv11-stubs,1.20.0.post4
4,stm32,pybv11,1.20.0,2025-12-01,micropython-stm32-pybv11-stubs,1.20.0.post5
27,stm32,pybv11,1.20.0,2025-12-01,micropython-stm32-pybv11-stubs,1.20.0.post6
9,stm32,pybv11,1.21.0,2025-12-01,micropython-stm32-pybv11-stubs,1.21.0.post1
6,stm32,pybv11,1.21.0,2025-12-01,micropython-stm32-pybv11-stubs,1.21.0.post2
25,stm32,pybv11,1.21.0,2025-12-01,micropython-stm32-pybv11-stubs,1.21.0.post3
5,stm32,pybv11,1.22.0,2025-12-01,micropython-stm32-pybv11-stubs,1.22.0.post1
29,stm32,pybv11,1.22.0,2025-12-01,micropython-stm32-pybv11-stubs,1.22.0.post2
7,stm32,pybv11,1.23.0,2025-12-01,micropython-stm32-pybv11-stubs,1.23.0.post1
26,stm32,pybv11,1.23.0,2025-12-01,micropython-stm32-pybv11-stubs,1.23.0.post2
8,stm32,pybv11,1.24.1,2025-12-01,micropython-stm32-pybv11-stubs,1.24.1.post1
25,stm32,pybv11,1.24.1,2025-12-01,micropython-stm32-pybv11-stubs,1.24.1.post2
5,stm32,pybv11,1.25.0,2025-12-01,micropython-stm32-pybv11-stubs,1.25.0.post1
6,stm32,pybv11,1.25.0,2025-12-01,micropython-stm32-pybv11-stubs,1.25.0.post2
23,stm32,pybv11,1.25.0,2025-12-01,micropython-stm32-pybv11-stubs,1.25.0.post3
40,stm32,pybv11,1.26.0,2025-12-01,micropython-stm32-pybv11-stubs,1.26.0.post1
90,stm32,pybv11,1.27.0,2025-12-01,micropython-stm32-pybv11-stubs,1.27.0.post1
5,stm32,,1.17,2025-12-01,micropython-stm32-stubs,1.17.post1
3,stm32,,1.17,2025-12-01,micropython-stm32-stubs,1.17.post2
14,stm32,,1.17,2025-12-01,micropython-stm32-stubs,1.17.post3
7,stm32,,1.18,2025-12-01,micropython-stm32-stubs,1.18.post1
4,stm32,,1.18,2025-12-01,micropython-stm32-stubs,1.18.post2
8,stm32,,1.18,2025-12-01,micropython-stm32-stubs,1.18.post3
16,stm32,,1.18,2025-12-01,micropython-stm32-stubs,1.18.post4
6,stm32,,1.19.1,2025-12-01,micropython-stm32-stubs,1.19.1.post1
3,stm32,,1.19.1,2025-12-01,micropython-stm32-stubs,1.19.1.post10
7,stm32,,1.19.1,2025-12-01,micropython-stm32-stubs,1.19.1.post11
30,stm32,,1.19.1,2025-12-01,micropython-stm32-stubs,1.19.1.post12
4,stm32,,1.19.1,2025-12-01,micropython-stm32-stubs,1.19.1.post2
9,stm32,,1.19.1,2025-12-01,micropython-stm32-stubs,1.19.1.post3
6,stm32,,1.19.1,2025-12-01,micropython-stm32-stubs,1.19.1.post4
6,stm32,,1.19.1,2025-12-01,micropython-stm32-stubs,1.19.1.post5
5,stm32,,1.19.1,2025-12-01,micropython-stm32-stubs,1.19.1.post6
6,stm32,,1.19.1,2025-12-01,micropython-stm32-stubs,1.19.1.post7
6,stm32,,1.19.1,2025-12-01,micropython-stm32-stubs,1.19.1.post8
4,stm32,,1.19.1,2025-12-01,micropython-stm32-stubs,1.19.1.post9
6,stm32,,1.20.0,2025-12-01,micropython-stm32-stubs,1.20.0.post1
8,stm32,,1.20.0,2025-12-01,micropython-stm32-stubs,1.20.0.post2
5,stm32,,1.20.0,2025-12-01,micropython-stm32-stubs,1.20.0.post3
4,stm32,,1.20.0,2025-12-01,micropython-stm32-stubs,1.20.0.post4
25,stm32,,1.20.0,2025-12-01,micropython-stm32-stubs,1.20.0.post5
7,stm32,,1.21.0,2025-12-01,micropython-stm32-stubs,1.21.0.post1
25,stm32,,1.21.0,2025-12-01,micropython-stm32-stubs,1.21.0.post2
49,stm32,,1.22.0,2025-12-01,micropython-stm32-stubs,1.22.0.post1
7,stm32,,1.23.0,2025-12-01,micropython-stm32-stubs,1.23.0.post1
23,stm32,,1.23.0,2025-12-01,micropython-stm32-stubs,1.23.0.post2
7,stm32,,1.24.1,2025-12-01,micropython-stm32-stubs,1.24.1.post1
21,stm32,,1.24.1,2025-12-01,micropython-stm32-stubs,1.24.1.post2
4,stm32,,1.25.0,2025-12-01,micropython-stm32-stubs,1.25.0.post1
3,stm32,,1.25.0,2025-12-01,micropython-stm32-stubs,1.25.0.post2
24,stm32,,1.25.0,2025-12-01,micropython-stm32-stubs,1.25.0.post3
959,stm32,,1.26.0,2025-12-01,micropython-stm32-stubs,1.26.0.post1
208,stm32,,1.27.0,2025-12-01,micropython-stm32-stubs,1.27.0.post1
27,unix,,1.20.0,2025-12-01,micropython-unix-stubs,1.20.0.post1
60,unix,,1.21.0,2025-12-01,micropython-unix-stubs,1.21.0.post1
6,unix,,1.24.1,2025-12-01,micropython-unix-stubs,1.24.1.post1
27,unix,,1.24.1,2025-12-01,micropython-unix-stubs,1.24.1.post2
24,unix,,1.25.0,2025-12-01,micropython-unix-stubs,1.25.0.post1
75,unix,,1.26.0,2025-12-01,micropython-unix-stubs,1.26.0.post1
4,webassembly,,1.21.0,2025-12-01,micropython-webassembly-stubs,1.21.0.post1
25,webassembly,,1.21.0,2025-12-01,micropython-webassembly-stubs,1.21.0.post2
4,webassembly,,1.24.1,2025-12-01,micropython-webassembly-stubs,1.24.1.post1
27,webassembly,,1.24.1,2025-12-01,micropython-webassembly-stubs,1.24.1.post2
4,webassembly,,1.25.0,2025-12-01,micropython-webassembly-stubs,1.25.0.post1
22,webassembly,,1.25.0,2025-12-01,micropython-webassembly-stubs,1.25.0.post2
5,webassembly,,1.26.0,2025-12-01,micropython-webassembly-stubs,1.26.0.post1
36,webassembly,,1.26.0,2025-12-01,micropython-webassembly-stubs,1.26.0.post2
8,windows,,1.20.0,2025-12-01,micropython-windows-stubs,1.20.0.post1
11,windows,,1.21.0,2025-12-01,micropython-windows-stubs,1.21.0.post1
7,windows,,1.24.1,2025-12-01,micropython-windows-stubs,1.24.1.post1
6,windows,,1.24.1,2025-12-01,micropython-windows-stubs,1.24.1.post2
30,windows,,1.24.1,2025-12-01,micropython-windows-stubs,1.24.1.post3
28,windows,,1.25.0,2025-12-01,micropython-windows-stubs,1.25.0.post1
41,windows,,1.26.0,2025-12-01,micropython-windows-stubs,1.26.0.post1
7,esp32,esp32-generic-c3,1.23.0,2026-01-01,micropython-esp32-esp32-generic-c3-stubs,1.23.0.post1
35,esp32,esp32-generic-c3,1.23.0,2026-01-01,micropython-esp32-esp32-generic-c3-stubs,1.23.0.post2
169,esp32,esp32-generic-c3,1.27.0,2026-01-01,micropython-esp32-esp32-generic-c3-stubs,1.27.0.post1
7,esp32,esp32-generic-c6,1.24.1,2026-01-01,micropython-esp32-esp32-generic-c6-stubs,1.24.1.post1
22,esp32,esp32-generic-c6,1.24.1,2026-01-01,micropython-esp32-esp32-generic-c6-stubs,1.24.1.post2
7,esp32,esp32-generic-c6,1.25.0,2026-01-01,micropython-esp32-esp32-generic-c6-stubs,1.25.0.post1
6,esp32,esp32-generic-c6,1.25.0,2026-01-01,micropython-esp32-esp32-generic-c6-stubs,1.25.0.post2
6,esp32,esp32-generic-c6,1.25.0,2026-01-01,micropython-esp32-esp32-generic-c6-stubs,1.25.0.post3
17,esp32,esp32-generic-c6,1.25.0,2026-01-01,micropython-esp32-esp32-generic-c6-stubs,1.25.0.post4
24,esp32,esp32-generic-c6,1.26.0,2026-01-01,micropython-esp32-esp32-generic-c6-stubs,1.26.0.post1
126,esp32,esp32-generic-c6,1.27.0,2026-01-01,micropython-esp32-esp32-generic-c6-stubs,1.27.0.post1
7,esp32,esp32-generic-s2,1.25.0,2026-01-01,micropython-esp32-esp32-generic-s2-stubs,1.25.0.post1
6,esp32,esp32-generic-s2,1.25.0,2026-01-01,micropython-esp32-esp32-generic-s2-stubs,1.25.0.post2
6,esp32,esp32-generic-s2,1.25.0,2026-01-01,micropython-esp32-esp32-generic-s2-stubs,1.25.0.post3
19,esp32,esp32-generic-s2,1.25.0,2026-01-01,micropython-esp32-esp32-generic-s2-stubs,1.25.0.post4
24,esp32,esp32-generic-s2,1.26.0,2026-01-01,micropython-esp32-esp32-generic-s2-stubs,1.26.0.post1
87,esp32,esp32-generic-s2,1.27.0,2026-01-01,micropython-esp32-esp32-generic-s2-stubs,1.27.0.post1
21,esp32,esp32-generic-s3,1.22.0,2026-01-01,micropython-esp32-esp32-generic-s3-stubs,1.22.0.post1
9,esp32,esp32-generic-s3,1.23.0,2026-01-01,micropython-esp32-esp32-generic-s3-stubs,1.23.0.post1
16,esp32,esp32-generic-s3,1.23.0,2026-01-01,micropython-esp32-esp32-generic-s3-stubs,1.23.0.post2
7,esp32,esp32-generic-s3,1.24.1,2026-01-01,micropython-esp32-esp32-generic-s3-stubs,1.24.1.post1
21,esp32,esp32-generic-s3,1.24.1,2026-01-01,micropython-esp32-esp32-generic-s3-stubs,1.24.1.post2
42,esp32,esp32-generic-s3,1.26.0,2026-01-01,micropython-esp32-esp32-generic-s3-stubs,1.26.0.post1
279,esp32,esp32-generic-s3,1.27.0,2026-01-01,micropython-esp32-esp32-generic-s3-stubs,1.27.0.post1
8,esp32,esp32-generic,1.21.0,2026-01-01,micropython-esp32-esp32-generic-stubs,1.21.0.post1
16,esp32,esp32-generic,1.21.0,2026-01-01,micropython-esp32-esp32-generic-stubs,1.21.0.post2
17,esp32,esp32-generic,1.22.0,2026-01-01,micropython-esp32-esp32-generic-stubs,1.22.0.post1
6,esp32,esp32-generic,1.23.0,2026-01-01,micropython-esp32-esp32-generic-stubs,1.23.0.post1
15,esp32,esp32-generic,1.23.0,2026-01-01,micropython-esp32-esp32-generic-stubs,1.23.0.post2
7,esp32,esp32-generic,1.24.1,2026-01-01,micropython-esp32-esp32-generic-stubs,1.24.1.post1
16,esp32,esp32-generic,1.24.1,2026-01-01,micropython-esp32-esp32-generic-stubs,1.24.1.post2
6,esp32,esp32-generic,1.25.0,2026-01-01,micropython-esp32-esp32-generic-stubs,1.25.0.post1
6,esp32,esp32-generic,1.25.0,2026-01-01,micropython-esp32-esp32-generic-stubs,1.25.0.post2
6,esp32,esp32-generic,1.25.0,2026-01-01,micropython-esp32-esp32-generic-stubs,1.25.0.post3
7,esp32,esp32-generic,1.25.0,2026-01-01,micropython-esp32-esp32-generic-stubs,1.25.0.post4
25,esp32,esp32-generic,1.25.0,2026-01-01,micropython-esp32-esp32-generic-stubs,1.25.0.post5
30,esp32,esp32-generic,1.26.0,2026-01-01,micropython-esp32-esp32-generic-stubs,1.26.0.post1
441,esp32,esp32-generic,1.27.0,2026-01-01,micropython-esp32-esp32-generic-stubs,1.27.0.post1
38,esp32,generic-ota,1.20.0,2026-01-01,micropython-esp32-generic-ota-stubs,1.20.0.post1
60,esp32,generic-ota,1.20.0,2026-01-01,micropython-esp32-generic-ota-stubs,1.20.0.post2
16,esp32,generic-s3,1.19.1,2026-01-01,micropython-esp32-generic-s3-stubs,1.19.1.post1
5,esp32,generic-s3,1.20.0,2026-01-01,micropython-esp32-generic-s3-stubs,1.20.0.post1
39,esp32,generic-s3,1.20.0,2026-01-01,micropython-esp32-generic-s3-stubs,1.20.0.post2
31,esp32,generic-spiram,1.19.1,2026-01-01,micropython-esp32-generic-spiram-stubs,1.19.1.post1
6,esp32,ota,1.20.0,2026-01-01,micropython-esp32-ota-stubs,1.20.0.post1
28,esp32,ota,1.20.0,2026-01-01,micropython-esp32-ota-stubs,1.20.0.post2
19,esp32,s3,1.19.1,2026-01-01,micropython-esp32-s3-stubs,1.19.1.post1
67,esp32,s3,1.20.0,2026-01-01,micropython-esp32-s3-stubs,1.20.0.post1
8,esp32,,1.17,2026-01-01,micropython-esp32-stubs,1.17.post1
5,esp32,,1.17,2026-01-01,micropython-esp32-stubs,1.17.post2
18,esp32,,1.17,2026-01-01,micropython-esp32-stubs,1.17.post3
5,esp32,,1.18,2026-01-01,micropython-esp32-stubs,1.18.post1
5,esp32,,1.18,2026-01-01,micropython-esp32-stubs,1.18.post2
15,esp32,,1.18,2026-01-01,micropython-esp32-stubs,1.18.post3
6,esp32,,1.19.1,2026-01-01,micropython-esp32-stubs,1.19.1.post10
8,esp32,,1.19.1,2026-01-01,micropython-esp32-stubs,1.19.1.post11
6,esp32,,1.19.1,2026-01-01,micropython-esp32-stubs,1.19.1.post12
6,esp32,,1.19.1,2026-01-01,micropython-esp32-stubs,1.19.1.post13
5,esp32,,1.19.1,2026-01-01,micropython-esp32-stubs,1.19.1.post14
15,esp32,,1.19.1,2026-01-01,micropython-esp32-stubs,1.19.1.post15
6,esp32,,1.19.1,2026-01-01,micropython-esp32-stubs,1.19.1.post2
5,esp32,,1.19.1,2026-01-01,micropython-esp32-stubs,1.19.1.post3
12,esp32,,1.19.1,2026-01-01,micropython-esp32-stubs,1.19.1.post4
6,esp32,,1.19.1,2026-01-01,micropython-esp32-stubs,1.19.1.post5
8,esp32,,1.19.1,2026-01-01,micropython-esp32-stubs,1.19.1.post6
6,esp32,,1.19.1,2026-01-01,micropython-esp32-stubs,1.19.1.post7
5,esp32,,1.19.1,2026-01-01,micropython-esp32-stubs,1.19.1.post8
5,esp32,,1.19.1,2026-01-01,micropython-esp32-stubs,1.19.1.post9
6,esp32,,1.20.0,2026-01-01,micropython-esp32-stubs,1.20.0.post1
6,esp32,,1.20.0,2026-01-01,micropython-esp32-stubs,1.20.0.post2
5,esp32,,1.20.0,2026-01-01,micropython-esp32-stubs,1.20.0.post3
6,esp32,,1.20.0,2026-01-01,micropython-esp32-stubs,1.20.0.post4
24,esp32,,1.20.0,2026-01-01,micropython-esp32-stubs,1.20.0.post5
5,esp32,,1.21.0,2026-01-01,micropython-esp32-stubs,1.21.0.post1
6,esp32,,1.21.0,2026-01-01,micropython-esp32-stubs,1.21.0.post2
6,esp32,,1.21.0,2026-01-01,micropython-esp32-stubs,1.21.0.post3
23,esp32,,1.21.0,2026-01-01,micropython-esp32-stubs,1.21.0.post4
5,esp32,,,2026-01-01,micropython-esp32-stubs,1.21.0a489
16,esp32,,1.22.0,2026-01-01,micropython-esp32-stubs,1.22.0.post1
5,esp32,,1.23.0,2026-01-01,micropython-esp32-stubs,1.23.0.post1
44,esp32,,1.23.0,2026-01-01,micropython-esp32-stubs,1.23.0.post2
6,esp32,,,2026-01-01,micropython-esp32-stubs,1.23.0a87
13,esp32,,1.24.1,2026-01-01,micropython-esp32-stubs,1.24.1.post1
29,esp32,,1.24.1,2026-01-01,micropython-esp32-stubs,1.24.1.post2
7,esp32,,1.25.0,2026-01-01,micropython-esp32-stubs,1.25.0.post1
11,esp32,,1.25.0,2026-01-01,micropython-esp32-stubs,1.25.0.post2
9,esp32,,1.25.0,2026-01-01,micropython-esp32-stubs,1.25.0.post3
8,esp32,,1.25.0,2026-01-01,micropython-esp32-stubs,1.25.0.post4
25,esp32,,1.25.0,2026-01-01,micropython-esp32-stubs,1.25.0.post5
65,esp32,,1.26.0,2026-01-01,micropython-esp32-stubs,1.26.0.post1
984,esp32,,1.27.0,2026-01-01,micropython-esp32-stubs,1.27.0.post1
6,esp32,um-tinypico,1.19.1,2026-01-01,micropython-esp32-um-tinypico-stubs,1.19.1.post2
6,esp32,um-tinypico,1.19.1,2026-01-01,micropython-esp32-um-tinypico-stubs,1.19.1.post3
6,esp32,um-tinypico,1.19.1,2026-01-01,micropython-esp32-um-tinypico-stubs,1.19.1.post4
5,esp32,um-tinypico,1.19.1,2026-01-01,micropython-esp32-um-tinypico-stubs,1.19.1.post5
5,esp32,um-tinypico,1.19.1,2026-01-01,micropython-esp32-um-tinypico-stubs,1.19.1.post6
5,esp32,um-tinypico,1.19.1,2026-01-01,micropython-esp32-um-tinypico-stubs,1.19.1.post7
30,esp32,um-tinypico,1.19.1,2026-01-01,micropython-esp32-um-tinypico-stubs,1.19.1.post8
7,esp8266,esp8266-generic,1.23.0,2026-01-01,micropython-esp8266-esp8266-generic-stubs,1.23.0.post1
16,esp8266,esp8266-generic,1.23.0,2026-01-01,micropython-esp8266-esp8266-generic-stubs,1.23.0.post2
7,esp8266,esp8266-generic,1.25.0,2026-01-01,micropython-esp8266-esp8266-generic-stubs,1.25.0.post1
6,esp8266,esp8266-generic,1.25.0,2026-01-01,micropython-esp8266-esp8266-generic-stubs,1.25.0.post2
6,esp8266,esp8266-generic,1.25.0,2026-01-01,micropython-esp8266-esp8266-generic-stubs,1.25.0.post3
16,esp8266,esp8266-generic,1.25.0,2026-01-01,micropython-esp8266-esp8266-generic-stubs,1.25.0.post4
21,esp8266,esp8266-generic,1.26.0,2026-01-01,micropython-esp8266-esp8266-generic-stubs,1.26.0.post1
103,esp8266,esp8266-generic,1.27.0,2026-01-01,micropython-esp8266-esp8266-generic-stubs,1.27.0.post1
6,esp8266,,1.17,2026-01-01,micropython-esp8266-stubs,1.17.post1
5,esp8266,,1.17,2026-01-01,micropython-esp8266-stubs,1.17.post2
16,esp8266,,1.17,2026-01-01,micropython-esp8266-stubs,1.17.post3
5,esp8266,,1.18,2026-01-01,micropython-esp8266-stubs,1.18.post1
5,esp8266,,1.18,2026-01-01,micropython-esp8266-stubs,1.18.post2
5,esp8266,,1.18,2026-01-01,micropython-esp8266-stubs,1.18.post3
15,esp8266,,1.18,2026-01-01,micropython-esp8266-stubs,1.18.post4
6,esp8266,,1.19.1,2026-01-01,micropython-esp8266-stubs,1.19.1.post1
6,esp8266,,1.19.1,2026-01-01,micropython-esp8266-stubs,1.19.1.post10
6,esp8266,,1.19.1,2026-01-01,micropython-esp8266-stubs,1.19.1.post11
15,esp8266,,1.19.1,2026-01-01,micropython-esp8266-stubs,1.19.1.post12
5,esp8266,,1.19.1,2026-01-01,micropython-esp8266-stubs,1.19.1.post2
7,esp8266,,1.19.1,2026-01-01,micropython-esp8266-stubs,1.19.1.post3
7,esp8266,,1.19.1,2026-01-01,micropython-esp8266-stubs,1.19.1.post4
6,esp8266,,1.19.1,2026-01-01,micropython-esp8266-stubs,1.19.1.post5
7,esp8266,,1.19.1,2026-01-01,micropython-esp8266-stubs,1.19.1.post6
5,esp8266,,1.19.1,2026-01-01,micropython-esp8266-stubs,1.19.1.post7
5,esp8266,,1.19.1,2026-01-01,micropython-esp8266-stubs,1.19.1.post8
5,esp8266,,1.19.1,2026-01-01,micropython-esp8266-stubs,1.19.1.post9
6,esp8266,,1.23.0,2026-01-01,micropython-esp8266-stubs,1.23.0.post1
16,esp8266,,1.23.0,2026-01-01,micropython-esp8266-stubs,1.23.0.post2
18,esp8266,,1.24.1,2026-01-01,micropython-esp8266-stubs,1.24.1.post1
7,esp8266,,1.25.0,2026-01-01,micropython-esp8266-stubs,1.25.0.post1
6,esp8266,,1.25.0,2026-01-01,micropython-esp8266-stubs,1.25.0.post2
6,esp8266,,1.25.0,2026-01-01,micropython-esp8266-stubs,1.25.0.post3
23,esp8266,,1.25.0,2026-01-01,micropython-esp8266-stubs,1.25.0.post4
25,esp8266,,1.26.0,2026-01-01,micropython-esp8266-stubs,1.26.0.post1
182,esp8266,,1.27.0,2026-01-01,micropython-esp8266-stubs,1.27.0.post1
33,mimxrt,mimxrt1010-evk,1.26.1,2026-01-01,micropython-mimxrt-mimxrt1010-evk-stubs,1.26.1.post1
33,mimxrt,seeed-arch-mix,1.26.1,2026-01-01,micropython-mimxrt-seeed-arch-mix-stubs,1.26.1.post1
34,mimxrt,,1.26.1,2026-01-01,micropython-mimxrt-stubs,1.26.1.post1
17,rp2,arduino-nano-rp2040-connect,1.22.0,2026-01-01,micropython-rp2-arduino-nano-rp2040-connect-stubs,1.22.0.post1
5,rp2,arduino-nano-rp2040-connect,1.22.1,2026-01-01,micropython-rp2-arduino-nano-rp2040-connect-stubs,1.22.1.post1
15,rp2,arduino-nano-rp2040-connect,1.22.1,2026-01-01,micropython-rp2-arduino-nano-rp2040-connect-stubs,1.22.1.post2
6,rp2,arduino-nano-rp2040-connect,1.24.1,2026-01-01,micropython-rp2-arduino-nano-rp2040-connect-stubs,1.24.1.post1
54,rp2,arduino-nano-rp2040-connect,1.24.1,2026-01-01,micropython-rp2-arduino-nano-rp2040-connect-stubs,1.24.1.post2
6,rp2,pico,1.20.0,2026-01-01,micropython-rp2-pico-stubs,1.20.0.post1
5,rp2,pico,1.20.0,2026-01-01,micropython-rp2-pico-stubs,1.20.0.post2
7,rp2,pico,1.20.0,2026-01-01,micropython-rp2-pico-stubs,1.20.0.post3
5,rp2,pico,1.20.0,2026-01-01,micropython-rp2-pico-stubs,1.20.0.post4
305,rp2,pico,1.20.0,2026-01-01,micropython-rp2-pico-stubs,1.20.0.post5
6,rp2,pico-w,1.20.0,2026-01-01,micropython-rp2-pico-w-stubs,1.20.0.post1
5,rp2,pico-w,1.20.0,2026-01-01,micropython-rp2-pico-w-stubs,1.20.0.post2
5,rp2,pico-w,1.20.0,2026-01-01,micropython-rp2-pico-w-stubs,1.20.0.post3
5,rp2,pico-w,1.20.0,2026-01-01,micropython-rp2-pico-w-stubs,1.20.0.post4
145,rp2,pico-w,1.20.0,2026-01-01,micropython-rp2-pico-w-stubs,1.20.0.post5
13,rp2,pimoroni-picolipo-16mb,1.20.0,2026-01-01,micropython-rp2-pimoroni-picolipo-16mb-stubs,1.20.0.post1
11,rp2,pimoroni-picolipo-16mb,1.20.0,2026-01-01,micropython-rp2-pimoroni-picolipo-16mb-stubs,1.20.0.post2
21,rp2,pimoroni-picolipo-16mb,1.20.0,2026-01-01,micropython-rp2-pimoroni-picolipo-16mb-stubs,1.20.0.post3
37,rp2,pimoroni-picolipo-16mb,1.22.0,2026-01-01,micropython-rp2-pimoroni-picolipo-16mb-stubs,1.22.0.post1
27,rp2,pimoroni-picolipo,1.26.0,2026-01-01,micropython-rp2-pimoroni-picolipo-stubs,1.26.0.post1
64,rp2,pimoroni-picolipo,1.27.0,2026-01-01,micropython-rp2-pimoroni-picolipo-stubs,1.27.0.post1
6,rp2,rpi-pico,1.21.0,2026-01-01,micropython-rp2-rpi-pico-stubs,1.21.0.post1
5,rp2,rpi-pico,1.21.0,2026-01-01,micropython-rp2-rpi-pico-stubs,1.21.0.post2
18,rp2,rpi-pico,1.21.0,2026-01-01,micropython-rp2-rpi-pico-stubs,1.21.0.post3
15,rp2,rpi-pico,1.22.0,2026-01-01,micropython-rp2-rpi-pico-stubs,1.22.0.post1
6,rp2,rpi-pico,1.22.1,2026-01-01,micropython-rp2-rpi-pico-stubs,1.22.1.post1
18,rp2,rpi-pico,1.22.1,2026-01-01,micropython-rp2-rpi-pico-stubs,1.22.1.post2
5,rp2,rpi-pico,1.23.0,2026-01-01,micropython-rp2-rpi-pico-stubs,1.23.0.post1
18,rp2,rpi-pico,1.23.0,2026-01-01,micropython-rp2-rpi-pico-stubs,1.23.0.post2
6,rp2,rpi-pico,1.24.1,2026-01-01,micropython-rp2-rpi-pico-stubs,1.24.1.post1
25,rp2,rpi-pico,1.24.1,2026-01-01,micropython-rp2-rpi-pico-stubs,1.24.1.post2
11,rp2,rpi-pico,1.25.0,2026-01-01,micropython-rp2-rpi-pico-stubs,1.25.0.post1
6,rp2,rpi-pico,1.25.0,2026-01-01,micropython-rp2-rpi-pico-stubs,1.25.0.post2
28,rp2,rpi-pico,1.25.0,2026-01-01,micropython-rp2-rpi-pico-stubs,1.25.0.post3
66,rp2,rpi-pico,1.26.0,2026-01-01,micropython-rp2-rpi-pico-stubs,1.26.0.post1
275,rp2,rpi-pico,1.27.0,2026-01-01,micropython-rp2-rpi-pico-stubs,1.27.0.post1
6,rp2,rpi-pico-w,1.21.0,2026-01-01,micropython-rp2-rpi-pico-w-stubs,1.21.0.post1
5,rp2,rpi-pico-w,1.21.0,2026-01-01,micropython-rp2-rpi-pico-w-stubs,1.21.0.post2
17,rp2,rpi-pico-w,1.21.0,2026-01-01,micropython-rp2-rpi-pico-w-stubs,1.21.0.post3
17,rp2,rpi-pico-w,1.22.0,2026-01-01,micropython-rp2-rpi-pico-w-stubs,1.22.0.post1
5,rp2,rpi-pico-w,1.22.1,2026-01-01,micropython-rp2-rpi-pico-w-stubs,1.22.1.post1
17,rp2,rpi-pico-w,1.22.1,2026-01-01,micropython-rp2-rpi-pico-w-stubs,1.22.1.post2
6,rp2,rpi-pico-w,1.23.0,2026-01-01,micropython-rp2-rpi-pico-w-stubs,1.23.0.post1
18,rp2,rpi-pico-w,1.23.0,2026-01-01,micropython-rp2-rpi-pico-w-stubs,1.23.0.post2
6,rp2,rpi-pico-w,1.24.1,2026-01-01,micropython-rp2-rpi-pico-w-stubs,1.24.1.post1
20,rp2,rpi-pico-w,1.24.1,2026-01-01,micropython-rp2-rpi-pico-w-stubs,1.24.1.post2
10,rp2,rpi-pico-w,1.25.0,2026-01-01,micropython-rp2-rpi-pico-w-stubs,1.25.0.post1
6,rp2,rpi-pico-w,1.25.0,2026-01-01,micropython-rp2-rpi-pico-w-stubs,1.25.0.post2
6,rp2,rpi-pico-w,1.25.0,2026-01-01,micropython-rp2-rpi-pico-w-stubs,1.25.0.post3
41,rp2,rpi-pico-w,1.25.0,2026-01-01,micropython-rp2-rpi-pico-w-stubs,1.25.0.post4
253,rp2,rpi-pico-w,1.26.0,2026-01-01,micropython-rp2-rpi-pico-w-stubs,1.26.0.post1
7,rp2,rpi-pico2,1.24.1,2026-01-01,micropython-rp2-rpi-pico2-stubs,1.24.1.post1
18,rp2,rpi-pico2,1.24.1,2026-01-01,micropython-rp2-rpi-pico2-stubs,1.24.1.post2
6,rp2,rpi-pico2,1.25.0,2026-01-01,micropython-rp2-rpi-pico2-stubs,1.25.0.post1
6,rp2,rpi-pico2,1.25.0,2026-01-01,micropython-rp2-rpi-pico2-stubs,1.25.0.post2
19,rp2,rpi-pico2,1.25.0,2026-01-01,micropython-rp2-rpi-pico2-stubs,1.25.0.post3
26,rp2,rpi-pico2,1.26.0,2026-01-01,micropython-rp2-rpi-pico2-stubs,1.26.0.post1
144,rp2,rpi-pico2,1.27.0,2026-01-01,micropython-rp2-rpi-pico2-stubs,1.27.0.post1
7,rp2,rpi-pico2-w,1.25.0,2026-01-01,micropython-rp2-rpi-pico2-w-stubs,1.25.0.post1
7,rp2,rpi-pico2-w,1.25.0,2026-01-01,micropython-rp2-rpi-pico2-w-stubs,1.25.0.post2
6,rp2,rpi-pico2-w,1.25.0,2026-01-01,micropython-rp2-rpi-pico2-w-stubs,1.25.0.post3
28,rp2,rpi-pico2-w,1.25.0,2026-01-01,micropython-rp2-rpi-pico2-w-stubs,1.25.0.post4
78,rp2,rpi-pico2-w,1.26.0,2026-01-01,micropython-rp2-rpi-pico2-w-stubs,1.26.0.post1
242,rp2,rpi-pico2-w,1.27.0,2026-01-01,micropython-rp2-rpi-pico2-w-stubs,1.27.0.post1
6,rp2,,1.17,2026-01-01,micropython-rp2-stubs,1.17.post1
5,rp2,,1.17,2026-01-01,micropython-rp2-stubs,1.17.post2
17,rp2,,1.17,2026-01-01,micropython-rp2-stubs,1.17.post3
6,rp2,,1.18,2026-01-01,micropython-rp2-stubs,1.18.post1
5,rp2,,1.18,2026-01-01,micropython-rp2-stubs,1.18.post2
19,rp2,,1.18,2026-01-01,micropython-rp2-stubs,1.18.post3
5,rp2,,1.19.1,2026-01-01,micropython-rp2-stubs,1.19.1.post10
7,rp2,,1.19.1,2026-01-01,micropython-rp2-stubs,1.19.1.post11
5,rp2,,1.19.1,2026-01-01,micropython-rp2-stubs,1.19.1.post12
5,rp2,,1.19.1,2026-01-01,micropython-rp2-stubs,1.19.1.post13
17,rp2,,1.19.1,2026-01-01,micropython-rp2-stubs,1.19.1.post14
11,rp2,,1.19.1,2026-01-01,micropython-rp2-stubs,1.19.1.post6
5,rp2,,1.19.1,2026-01-01,micropython-rp2-stubs,1.19.1.post7
5,rp2,,1.19.1,2026-01-01,micropython-rp2-stubs,1.19.1.post8
5,rp2,,1.19.1,2026-01-01,micropython-rp2-stubs,1.19.1.post9
5,rp2,,1.20.0,2026-01-01,micropython-rp2-stubs,1.20.0.post1
5,rp2,,1.20.0,2026-01-01,micropython-rp2-stubs,1.20.0.post2
5,rp2,,1.20.0,2026-01-01,micropython-rp2-stubs,1.20.0.post3
5,rp2,,1.20.0,2026-01-01,micropython-rp2-stubs,1.20.0.post4
15,rp2,,1.20.0,2026-01-01,micropython-rp2-stubs,1.20.0.post5
5,rp2,,1.21.0,2026-01-01,micropython-rp2-stubs,1.21.0.post1
16,rp2,,1.21.0,2026-01-01,micropython-rp2-stubs,1.21.0.post2
16,rp2,,1.22.0,2026-01-01,micropython-rp2-stubs,1.22.0.post1
5,rp2,,1.22.1,2026-01-01,micropython-rp2-stubs,1.22.1.post1
15,rp2,,1.22.1,2026-01-01,micropython-rp2-stubs,1.22.1.post2
5,rp2,,1.23.0,2026-01-01,micropython-rp2-stubs,1.23.0.post1
15,rp2,,1.23.0,2026-01-01,micropython-rp2-stubs,1.23.0.post2
6,rp2,,1.24.1,2026-01-01,micropython-rp2-stubs,1.24.1.post1
18,rp2,,1.24.1,2026-01-01,micropython-rp2-stubs,1.24.1.post2
6,rp2,,1.25.0,2026-01-01,micropython-rp2-stubs,1.25.0.post1
6,rp2,,1.25.0,2026-01-01,micropython-rp2-stubs,1.25.0.post2
22,rp2,,1.25.0,2026-01-01,micropython-rp2-stubs,1.25.0.post3
38,rp2,,1.26.0,2026-01-01,micropython-rp2-stubs,1.26.0.post1
275,rp2,,1.27.0,2026-01-01,micropython-rp2-stubs,1.27.0.post1
6,samd,adafruit-feather-m4-express,1.20.0,2026-01-01,micropython-samd-adafruit-feather-m4-express-stubs,1.20.0.post1
5,samd,adafruit-feather-m4-express,1.20.0,2026-01-01,micropython-samd-adafruit-feather-m4-express-stubs,1.20.0.post2
5,samd,adafruit-feather-m4-express,1.20.0,2026-01-01,micropython-samd-adafruit-feather-m4-express-stubs,1.20.0.post3
29,samd,adafruit-feather-m4-express,1.20.0,2026-01-01,micropython-samd-adafruit-feather-m4-express-stubs,1.20.0.post4
6,samd,adafruit-itsybitsy-m4-express,1.20.0,2026-01-01,micropython-samd-adafruit-itsybitsy-m4-express-stubs,1.20.0.post1
5,samd,adafruit-itsybitsy-m4-express,1.20.0,2026-01-01,micropython-samd-adafruit-itsybitsy-m4-express-stubs,1.20.0.post2
5,samd,adafruit-itsybitsy-m4-express,1.20.0,2026-01-01,micropython-samd-adafruit-itsybitsy-m4-express-stubs,1.20.0.post3
28,samd,adafruit-itsybitsy-m4-express,1.20.0,2026-01-01,micropython-samd-adafruit-itsybitsy-m4-express-stubs,1.20.0.post4
8,samd,minisam-m4,1.20.0,2026-01-01,micropython-samd-minisam-m4-stubs,1.20.0.post1
6,samd,minisam-m4,1.20.0,2026-01-01,micropython-samd-minisam-m4-stubs,1.20.0.post2
5,samd,minisam-m4,1.20.0,2026-01-01,micropython-samd-minisam-m4-stubs,1.20.0.post3
30,samd,minisam-m4,1.20.0,2026-01-01,micropython-samd-minisam-m4-stubs,1.20.0.post4
6,samd,seeed-wio-terminal,1.20.0,2026-01-01,micropython-samd-seeed-wio-terminal-stubs,1.20.0.post1
5,samd,seeed-wio-terminal,1.20.0,2026-01-01,micropython-samd-seeed-wio-terminal-stubs,1.20.0.post2
5,samd,seeed-wio-terminal,1.20.0,2026-01-01,micropython-samd-seeed-wio-terminal-stubs,1.20.0.post3
5,samd,seeed-wio-terminal,1.20.0,2026-01-01,micropython-samd-seeed-wio-terminal-stubs,1.20.0.post4
15,samd,seeed-wio-terminal,1.20.0,2026-01-01,micropython-samd-seeed-wio-terminal-stubs,1.20.0.post5
5,samd,seeed-wio-terminal,1.21.0,2026-01-01,micropython-samd-seeed-wio-terminal-stubs,1.21.0.post1
5,samd,seeed-wio-terminal,1.21.0,2026-01-01,micropython-samd-seeed-wio-terminal-stubs,1.21.0.post2
16,samd,seeed-wio-terminal,1.21.0,2026-01-01,micropython-samd-seeed-wio-terminal-stubs,1.21.0.post3
15,samd,seeed-wio-terminal,1.22.0,2026-01-01,micropython-samd-seeed-wio-terminal-stubs,1.22.0.post1
15,samd,seeed-wio-terminal,1.22.1,2026-01-01,micropython-samd-seeed-wio-terminal-stubs,1.22.1.post1
5,samd,seeed-wio-terminal,1.23.0,2026-01-01,micropython-samd-seeed-wio-terminal-stubs,1.23.0.post1
15,samd,seeed-wio-terminal,1.23.0,2026-01-01,micropython-samd-seeed-wio-terminal-stubs,1.23.0.post2
6,samd,seeed-wio-terminal,1.24.1,2026-01-01,micropython-samd-seeed-wio-terminal-stubs,1.24.1.post1
16,samd,seeed-wio-terminal,1.24.1,2026-01-01,micropython-samd-seeed-wio-terminal-stubs,1.24.1.post2
6,samd,seeed-wio-terminal,1.25.0,2026-01-01,micropython-samd-seeed-wio-terminal-stubs,1.25.0.post1
6,samd,seeed-wio-terminal,1.25.0,2026-01-01,micropython-samd-seeed-wio-terminal-stubs,1.25.0.post2
16,samd,seeed-wio-terminal,1.25.0,2026-01-01,micropython-samd-seeed-wio-terminal-stubs,1.25.0.post3
17,samd,seeed-wio-terminal,1.26.0,2026-01-01,micropython-samd-seeed-wio-terminal-stubs,1.26.0.post1
64,samd,seeed-wio-terminal,1.27.0,2026-01-01,micropython-samd-seeed-wio-terminal-stubs,1.27.0.post1
6,samd,,1.20.0,2026-01-01,micropython-samd-stubs,1.20.0.post1
15,samd,,1.20.0,2026-01-01,micropython-samd-stubs,1.20.0.post2
5,samd,,1.21.0,2026-01-01,micropython-samd-stubs,1.21.0.post1
15,samd,,1.21.0,2026-01-01,micropython-samd-stubs,1.21.0.post2
16,samd,,1.22.0,2026-01-01,micropython-samd-stubs,1.22.0.post1
16,samd,,1.22.1,2026-01-01,micropython-samd-stubs,1.22.1.post1
6,samd,,1.23.0,2026-01-01,micropython-samd-stubs,1.23.0.post1
16,samd,,1.23.0,2026-01-01,micropython-samd-stubs,1.23.0.post2
5,samd,,,2026-01-01,micropython-samd-stubs,1.23.0a87
6,samd,,1.24.1,2026-01-01,micropython-samd-stubs,1.24.1.post1
16,samd,,1.24.1,2026-01-01,micropython-samd-stubs,1.24.1.post2
6,samd,,1.25.0,2026-01-01,micropython-samd-stubs,1.25.0.post1
6,samd,,1.25.0,2026-01-01,micropython-samd-stubs,1.25.0.post2
17,samd,,1.25.0,2026-01-01,micropython-samd-stubs,1.25.0.post3
16,samd,,1.26.0,2026-01-01,micropython-samd-stubs,1.26.0.post1
327,samd,,1.27.0,2026-01-01,micropython-samd-stubs,1.27.0.post1
8,stdlib,,,2026-01-01,micropython-stdlib-stubs,0.9.0
7,stdlib,,,2026-01-01,micropython-stdlib-stubs,1.0.0
6,stdlib,,,2026-01-01,micropython-stdlib-stubs,1.0.0rc2
7,stdlib,,,2026-01-01,micropython-stdlib-stubs,1.0.1a0
5,stdlib,,,2026-01-01,micropython-stdlib-stubs,1.0.1a1
5,stdlib,,,2026-01-01,micropython-stdlib-stubs,1.0.1a2
5,stdlib,,,2026-01-01,micropython-stdlib-stubs,1.1.0
5,stdlib,,,2026-01-01,micropython-stdlib-stubs,1.1.1
5,stdlib,,,2026-01-01,micropython-stdlib-stubs,1.1.1a2
6,stdlib,,,2026-01-01,micropython-stdlib-stubs,1.1.2
5,stdlib,,,2026-01-01,micropython-stdlib-stubs,1.1.2a0
27,stdlib,,,2026-01-01,micropython-stdlib-stubs,1.23.0
6,stdlib,,,2026-01-01,micropython-stdlib-stubs,1.24.0
9,stdlib,,,2026-01-01,micropython-stdlib-stubs,1.24.1
42,stdlib,,1.24.1,2026-01-01,micropython-stdlib-stubs,1.24.1.post2
86,stdlib,,,2026-01-01,micropython-stdlib-stubs,1.25.0
4,stdlib,,,2026-01-01,micropython-stdlib-stubs,1.26.0
4,stdlib,,1.26.0,2026-01-01,micropython-stdlib-stubs,1.26.0.post1
4,stdlib,,1.26.0,2026-01-01,micropython-stdlib-stubs,1.26.0.post2
640,stdlib,,1.26.0,2026-01-01,micropython-stdlib-stubs,1.26.0.post3
3708,stdlib,,,2026-01-01,micropython-stdlib-stubs,1.27.0
7,stm32,pybv11,1.20.0,2026-01-01,micropython-stm32-pybv11-stubs,1.20.0.post1
6,stm32,pybv11,1.20.0,2026-01-01,micropython-stm32-pybv11-stubs,1.20.0.post2
6,stm32,pybv11,1.20.0,2026-01-01,micropython-stm32-pybv11-stubs,1.20.0.post3
6,stm32,pybv11,1.20.0,2026-01-01,micropython-stm32-pybv11-stubs,1.20.0.post4
6,stm32,pybv11,1.20.0,2026-01-01,micropython-stm32-pybv11-stubs,1.20.0.post5
16,stm32,pybv11,1.20.0,2026-01-01,micropython-stm32-pybv11-stubs,1.20.0.post6
6,stm32,pybv11,1.21.0,2026-01-01,micropython-stm32-pybv11-stubs,1.21.0.post1
6,stm32,pybv11,1.21.0,2026-01-01,micropython-stm32-pybv11-stubs,1.21.0.post2
17,stm32,pybv11,1.21.0,2026-01-01,micropython-stm32-pybv11-stubs,1.21.0.post3
6,stm32,pybv11,1.22.0,2026-01-01,micropython-stm32-pybv11-stubs,1.22.0.post1
16,stm32,pybv11,1.22.0,2026-01-01,micropython-stm32-pybv11-stubs,1.22.0.post2
7,stm32,pybv11,1.23.0,2026-01-01,micropython-stm32-pybv11-stubs,1.23.0.post1
16,stm32,pybv11,1.23.0,2026-01-01,micropython-stm32-pybv11-stubs,1.23.0.post2
7,stm32,pybv11,1.24.1,2026-01-01,micropython-stm32-pybv11-stubs,1.24.1.post1
17,stm32,pybv11,1.24.1,2026-01-01,micropython-stm32-pybv11-stubs,1.24.1.post2
7,stm32,pybv11,1.25.0,2026-01-01,micropython-stm32-pybv11-stubs,1.25.0.post1
7,stm32,pybv11,1.25.0,2026-01-01,micropython-stm32-pybv11-stubs,1.25.0.post2
17,stm32,pybv11,1.25.0,2026-01-01,micropython-stm32-pybv11-stubs,1.25.0.post3
20,stm32,pybv11,1.26.0,2026-01-01,micropython-stm32-pybv11-stubs,1.26.0.post1
61,stm32,pybv11,1.27.0,2026-01-01,micropython-stm32-pybv11-stubs,1.27.0.post1
6,stm32,,1.17,2026-01-01,micropython-stm32-stubs,1.17.post1
5,stm32,,1.17,2026-01-01,micropython-stm32-stubs,1.17.post2
15,stm32,,1.17,2026-01-01,micropython-stm32-stubs,1.17.post3
5,stm32,,1.18,2026-01-01,micropython-stm32-stubs,1.18.post1
5,stm32,,1.18,2026-01-01,micropython-stm32-stubs,1.18.post2
6,stm32,,1.18,2026-01-01,micropython-stm32-stubs,1.18.post3
16,stm32,,1.18,2026-01-01,micropython-stm32-stubs,1.18.post4
5,stm32,,1.19.1,2026-01-01,micropython-stm32-stubs,1.19.1.post1
5,stm32,,1.19.1,2026-01-01,micropython-stm32-stubs,1.19.1.post10
5,stm32,,1.19.1,2026-01-01,micropython-stm32-stubs,1.19.1.post11
20,stm32,,1.19.1,2026-01-01,micropython-stm32-stubs,1.19.1.post12
5,stm32,,1.19.1,2026-01-01,micropython-stm32-stubs,1.19.1.post2
5,stm32,,1.19.1,2026-01-01,micropython-stm32-stubs,1.19.1.post3
5,stm32,,1.19.1,2026-01-01,micropython-stm32-stubs,1.19.1.post4
5,stm32,,1.19.1,2026-01-01,micropython-stm32-stubs,1.19.1.post5
5,stm32,,1.19.1,2026-01-01,micropython-stm32-stubs,1.19.1.post6
6,stm32,,1.19.1,2026-01-01,micropython-stm32-stubs,1.19.1.post7
6,stm32,,1.19.1,2026-01-01,micropython-stm32-stubs,1.19.1.post8
5,stm32,,1.19.1,2026-01-01,micropython-stm32-stubs,1.19.1.post9
6,stm32,,1.20.0,2026-01-01,micropython-stm32-stubs,1.20.0.post1
5,stm32,,1.20.0,2026-01-01,micropython-stm32-stubs,1.20.0.post2
6,stm32,,1.20.0,2026-01-01,micropython-stm32-stubs,1.20.0.post3
5,stm32,,1.20.0,2026-01-01,micropython-stm32-stubs,1.20.0.post4
15,stm32,,1.20.0,2026-01-01,micropython-stm32-stubs,1.20.0.post5
5,stm32,,1.21.0,2026-01-01,micropython-stm32-stubs,1.21.0.post1
18,stm32,,1.21.0,2026-01-01,micropython-stm32-stubs,1.21.0.post2
16,stm32,,1.22.0,2026-01-01,micropython-stm32-stubs,1.22.0.post1
5,stm32,,1.23.0,2026-01-01,micropython-stm32-stubs,1.23.0.post1
16,stm32,,1.23.0,2026-01-01,micropython-stm32-stubs,1.23.0.post2
6,stm32,,1.24.1,2026-01-01,micropython-stm32-stubs,1.24.1.post1
16,stm32,,1.24.1,2026-01-01,micropython-stm32-stubs,1.24.1.post2
6,stm32,,1.25.0,2026-01-01,micropython-stm32-stubs,1.25.0.post1
6,stm32,,1.25.0,2026-01-01,micropython-stm32-stubs,1.25.0.post2
16,stm32,,1.25.0,2026-01-01,micropython-stm32-stubs,1.25.0.post3
17,stm32,,1.26.0,2026-01-01,micropython-stm32-stubs,1.26.0.post1
375,stm32,,1.27.0,2026-01-01,micropython-stm32-stubs,1.27.0.post1
16,unix,,1.20.0,2026-01-01,micropython-unix-stubs,1.20.0.post1
261,unix,,1.21.0,2026-01-01,micropython-unix-stubs,1.21.0.post1
6,unix,,1.24.1,2026-01-01,micropython-unix-stubs,1.24.1.post1
16,unix,,1.24.1,2026-01-01,micropython-unix-stubs,1.24.1.post2
16,unix,,1.25.0,2026-01-01,micropython-unix-stubs,1.25.0.post1
66,unix,,1.26.0,2026-01-01,micropython-unix-stubs,1.26.0.post1
6,webassembly,,1.21.0,2026-01-01,micropython-webassembly-stubs,1.21.0.post1
15,webassembly,,1.21.0,2026-01-01,micropython-webassembly-stubs,1.21.0.post2
6,webassembly,,1.24.1,2026-01-01,micropython-webassembly-stubs,1.24.1.post1
17,webassembly,,1.24.1,2026-01-01,micropython-webassembly-stubs,1.24.1.post2
7,webassembly,,1.25.0,2026-01-01,micropython-webassembly-stubs,1.25.0.post1
19,webassembly,,1.25.0,2026-01-01,micropython-webassembly-stubs,1.25.0.post2
6,webassembly,,1.26.0,2026-01-01,micropython-webassembly-stubs,1.26.0.post1
44,webassembly,,1.26.0,2026-01-01,micropython-webassembly-stubs,1.26.0.post2
7,windows,,1.20.0,2026-01-01,micropython-windows-stubs,1.20.0.post1
6,windows,,1.21.0,2026-01-01,micropython-windows-stubs,1.21.0.post1
8,windows,,1.24.1,2026-01-01,micropython-windows-stubs,1.24.1.post1
8,windows,,1.24.1,2026-01-01,micropython-windows-stubs,1.24.1.post2
17,windows,,1.24.1,2026-01-01,micropython-windows-stubs,1.24.1.post3
17,windows,,1.25.0,2026-01-01,micropython-windows-stubs,1.25.0.post1
43,windows,,1.26.0,2026-01-01,micropython-windows-stubs,1.26.0.post1
8,esp32,esp32-generic-c3,1.23.0,2026-02-01,micropython-esp32-esp32-generic-c3-stubs,1.23.0.post1
17,esp32,esp32-generic-c3,1.23.0,2026-02-01,micropython-esp32-esp32-generic-c3-stubs,1.23.0.post2
52,esp32,esp32-generic-c3,1.27.0,2026-02-01,micropython-esp32-esp32-generic-c3-stubs,1.27.0.post1
8,esp32,esp32-generic-c6,1.24.1,2026-02-01,micropython-esp32-esp32-generic-c6-stubs,1.24.1.post1
7,esp32,esp32-generic-c6,1.24.1,2026-02-01,micropython-esp32-esp32-generic-c6-stubs,1.24.1.post2
4,esp32,esp32-generic-c6,1.25.0,2026-02-01,micropython-esp32-esp32-generic-c6-stubs,1.25.0.post1
4,esp32,esp32-generic-c6,1.25.0,2026-02-01,micropython-esp32-esp32-generic-c6-stubs,1.25.0.post2
4,esp32,esp32-generic-c6,1.25.0,2026-02-01,micropython-esp32-esp32-generic-c6-stubs,1.25.0.post3
7,esp32,esp32-generic-c6,1.25.0,2026-02-01,micropython-esp32-esp32-generic-c6-stubs,1.25.0.post4
7,esp32,esp32-generic-c6,1.26.0,2026-02-01,micropython-esp32-esp32-generic-c6-stubs,1.26.0.post1
30,esp32,esp32-generic-c6,1.27.0,2026-02-01,micropython-esp32-esp32-generic-c6-stubs,1.27.0.post1
8,esp32,esp32-generic-s2,1.25.0,2026-02-01,micropython-esp32-esp32-generic-s2-stubs,1.25.0.post1
4,esp32,esp32-generic-s2,1.25.0,2026-02-01,micropython-esp32-esp32-generic-s2-stubs,1.25.0.post2
4,esp32,esp32-generic-s2,1.25.0,2026-02-01,micropython-esp32-esp32-generic-s2-stubs,1.25.0.post3
9,esp32,esp32-generic-s2,1.25.0,2026-02-01,micropython-esp32-esp32-generic-s2-stubs,1.25.0.post4
7,esp32,esp32-generic-s2,1.26.0,2026-02-01,micropython-esp32-esp32-generic-s2-stubs,1.26.0.post1
24,esp32,esp32-generic-s2,1.27.0,2026-02-01,micropython-esp32-esp32-generic-s2-stubs,1.27.0.post1
11,esp32,esp32-generic-s3,1.22.0,2026-02-01,micropython-esp32-esp32-generic-s3-stubs,1.22.0.post1
5,esp32,esp32-generic-s3,1.23.0,2026-02-01,micropython-esp32-esp32-generic-s3-stubs,1.23.0.post1
9,esp32,esp32-generic-s3,1.23.0,2026-02-01,micropython-esp32-esp32-generic-s3-stubs,1.23.0.post2
10,esp32,esp32-generic-s3,1.24.1,2026-02-01,micropython-esp32-esp32-generic-s3-stubs,1.24.1.post1
14,esp32,esp32-generic-s3,1.24.1,2026-02-01,micropython-esp32-esp32-generic-s3-stubs,1.24.1.post2
10,esp32,esp32-generic-s3,1.26.0,2026-02-01,micropython-esp32-esp32-generic-s3-stubs,1.26.0.post1
119,esp32,esp32-generic-s3,1.27.0,2026-02-01,micropython-esp32-esp32-generic-s3-stubs,1.27.0.post1
7,esp32,esp32-generic,1.21.0,2026-02-01,micropython-esp32-esp32-generic-stubs,1.21.0.post1
9,esp32,esp32-generic,1.21.0,2026-02-01,micropython-esp32-esp32-generic-stubs,1.21.0.post2
9,esp32,esp32-generic,1.22.0,2026-02-01,micropython-esp32-esp32-generic-stubs,1.22.0.post1
7,esp32,esp32-generic,1.23.0,2026-02-01,micropython-esp32-esp32-generic-stubs,1.23.0.post1
9,esp32,esp32-generic,1.23.0,2026-02-01,micropython-esp32-esp32-generic-stubs,1.23.0.post2
6,esp32,esp32-generic,1.24.1,2026-02-01,micropython-esp32-esp32-generic-stubs,1.24.1.post1
9,esp32,esp32-generic,1.24.1,2026-02-01,micropython-esp32-esp32-generic-stubs,1.24.1.post2
6,esp32,esp32-generic,1.25.0,2026-02-01,micropython-esp32-esp32-generic-stubs,1.25.0.post1
6,esp32,esp32-generic,1.25.0,2026-02-01,micropython-esp32-esp32-generic-stubs,1.25.0.post2
6,esp32,esp32-generic,1.25.0,2026-02-01,micropython-esp32-esp32-generic-stubs,1.25.0.post3
6,esp32,esp32-generic,1.25.0,2026-02-01,micropython-esp32-esp32-generic-stubs,1.25.0.post4
10,esp32,esp32-generic,1.25.0,2026-02-01,micropython-esp32-esp32-generic-stubs,1.25.0.post5
9,esp32,esp32-generic,1.26.0,2026-02-01,micropython-esp32-esp32-generic-stubs,1.26.0.post1
105,esp32,esp32-generic,1.27.0,2026-02-01,micropython-esp32-esp32-generic-stubs,1.27.0.post1
16,esp32,generic-ota,1.20.0,2026-02-01,micropython-esp32-generic-ota-stubs,1.20.0.post1
31,esp32,generic-ota,1.20.0,2026-02-01,micropython-esp32-generic-ota-stubs,1.20.0.post2
9,esp32,generic-s3,1.19.1,2026-02-01,micropython-esp32-generic-s3-stubs,1.19.1.post1
5,esp32,generic-s3,1.20.0,2026-02-01,micropython-esp32-generic-s3-stubs,1.20.0.post1
19,esp32,generic-s3,1.20.0,2026-02-01,micropython-esp32-generic-s3-stubs,1.20.0.post2
20,esp32,generic-spiram,1.19.1,2026-02-01,micropython-esp32-generic-spiram-stubs,1.19.1.post1
6,esp32,ota,1.20.0,2026-02-01,micropython-esp32-ota-stubs,1.20.0.post1
16,esp32,ota,1.20.0,2026-02-01,micropython-esp32-ota-stubs,1.20.0.post2
10,esp32,s3,1.19.1,2026-02-01,micropython-esp32-s3-stubs,1.19.1.post1
33,esp32,s3,1.20.0,2026-02-01,micropython-esp32-s3-stubs,1.20.0.post1
8,esp32,,1.17,2026-02-01,micropython-esp32-stubs,1.17.post1
5,esp32,,1.17,2026-02-01,micropython-esp32-stubs,1.17.post2
7,esp32,,1.17,2026-02-01,micropython-esp32-stubs,1.17.post3
5,esp32,,1.18,2026-02-01,micropython-esp32-stubs,1.18.post1
5,esp32,,1.18,2026-02-01,micropython-esp32-stubs,1.18.post2
11,esp32,,1.18,2026-02-01,micropython-esp32-stubs,1.18.post3
8,esp32,,1.19.1,2026-02-01,micropython-esp32-stubs,1.19.1.post10
8,esp32,,1.19.1,2026-02-01,micropython-esp32-stubs,1.19.1.post11
6,esp32,,1.19.1,2026-02-01,micropython-esp32-stubs,1.19.1.post12
6,esp32,,1.19.1,2026-02-01,micropython-esp32-stubs,1.19.1.post13
7,esp32,,1.19.1,2026-02-01,micropython-esp32-stubs,1.19.1.post14
10,esp32,,1.19.1,2026-02-01,micropython-esp32-stubs,1.19.1.post15
8,esp32,,1.19.1,2026-02-01,micropython-esp32-stubs,1.19.1.post2
6,esp32,,1.19.1,2026-02-01,micropython-esp32-stubs,1.19.1.post3
7,esp32,,1.19.1,2026-02-01,micropython-esp32-stubs,1.19.1.post4
7,esp32,,1.19.1,2026-02-01,micropython-esp32-stubs,1.19.1.post5
10,esp32,,1.19.1,2026-02-01,micropython-esp32-stubs,1.19.1.post6
10,esp32,,1.19.1,2026-02-01,micropython-esp32-stubs,1.19.1.post7
7,esp32,,1.19.1,2026-02-01,micropython-esp32-stubs,1.19.1.post8
7,esp32,,1.19.1,2026-02-01,micropython-esp32-stubs,1.19.1.post9
8,esp32,,1.20.0,2026-02-01,micropython-esp32-stubs,1.20.0.post1
8,esp32,,1.20.0,2026-02-01,micropython-esp32-stubs,1.20.0.post2
8,esp32,,1.20.0,2026-02-01,micropython-esp32-stubs,1.20.0.post3
10,esp32,,1.20.0,2026-02-01,micropython-esp32-stubs,1.20.0.post4
22,esp32,,1.20.0,2026-02-01,micropython-esp32-stubs,1.20.0.post5
7,esp32,,1.21.0,2026-02-01,micropython-esp32-stubs,1.21.0.post1
7,esp32,,1.21.0,2026-02-01,micropython-esp32-stubs,1.21.0.post2
8,esp32,,1.21.0,2026-02-01,micropython-esp32-stubs,1.21.0.post3
12,esp32,,1.21.0,2026-02-01,micropython-esp32-stubs,1.21.0.post4
4,esp32,,,2026-02-01,micropython-esp32-stubs,1.21.0a489
10,esp32,,1.22.0,2026-02-01,micropython-esp32-stubs,1.22.0.post1
6,esp32,,1.23.0,2026-02-01,micropython-esp32-stubs,1.23.0.post1
41,esp32,,1.23.0,2026-02-01,micropython-esp32-stubs,1.23.0.post2
8,esp32,,,2026-02-01,micropython-esp32-stubs,1.23.0a87
6,esp32,,1.24.1,2026-02-01,micropython-esp32-stubs,1.24.1.post1
12,esp32,,1.24.1,2026-02-01,micropython-esp32-stubs,1.24.1.post2
8,esp32,,1.25.0,2026-02-01,micropython-esp32-stubs,1.25.0.post1
18,esp32,,1.25.0,2026-02-01,micropython-esp32-stubs,1.25.0.post2
6,esp32,,1.25.0,2026-02-01,micropython-esp32-stubs,1.25.0.post3
6,esp32,,1.25.0,2026-02-01,micropython-esp32-stubs,1.25.0.post4
11,esp32,,1.25.0,2026-02-01,micropython-esp32-stubs,1.25.0.post5
61,esp32,,1.26.0,2026-02-01,micropython-esp32-stubs,1.26.0.post1
823,esp32,,1.27.0,2026-02-01,micropython-esp32-stubs,1.27.0.post1
15,esp32,um-tinypico,1.19.1,2026-02-01,micropython-esp32-um-tinypico-stubs,1.19.1.post2
11,esp32,um-tinypico,1.19.1,2026-02-01,micropython-esp32-um-tinypico-stubs,1.19.1.post3
14,esp32,um-tinypico,1.19.1,2026-02-01,micropython-esp32-um-tinypico-stubs,1.19.1.post4
13,esp32,um-tinypico,1.19.1,2026-02-01,micropython-esp32-um-tinypico-stubs,1.19.1.post5
12,esp32,um-tinypico,1.19.1,2026-02-01,micropython-esp32-um-tinypico-stubs,1.19.1.post6
12,esp32,um-tinypico,1.19.1,2026-02-01,micropython-esp32-um-tinypico-stubs,1.19.1.post7
23,esp32,um-tinypico,1.19.1,2026-02-01,micropython-esp32-um-tinypico-stubs,1.19.1.post8
14,esp8266,esp8266-generic,1.23.0,2026-02-01,micropython-esp8266-esp8266-generic-stubs,1.23.0.post1
7,esp8266,esp8266-generic,1.23.0,2026-02-01,micropython-esp8266-esp8266-generic-stubs,1.23.0.post2
4,esp8266,esp8266-generic,1.25.0,2026-02-01,micropython-esp8266-esp8266-generic-stubs,1.25.0.post1
5,esp8266,esp8266-generic,1.25.0,2026-02-01,micropython-esp8266-esp8266-generic-stubs,1.25.0.post2
4,esp8266,esp8266-generic,1.25.0,2026-02-01,micropython-esp8266-esp8266-generic-stubs,1.25.0.post3
6,esp8266,esp8266-generic,1.25.0,2026-02-01,micropython-esp8266-esp8266-generic-stubs,1.25.0.post4
6,esp8266,esp8266-generic,1.26.0,2026-02-01,micropython-esp8266-esp8266-generic-stubs,1.26.0.post1
21,esp8266,esp8266-generic,1.27.0,2026-02-01,micropython-esp8266-esp8266-generic-stubs,1.27.0.post1
7,esp8266,,1.17,2026-02-01,micropython-esp8266-stubs,1.17.post1
7,esp8266,,1.17,2026-02-01,micropython-esp8266-stubs,1.17.post2
8,esp8266,,1.17,2026-02-01,micropython-esp8266-stubs,1.17.post3
6,esp8266,,1.18,2026-02-01,micropython-esp8266-stubs,1.18.post1
6,esp8266,,1.18,2026-02-01,micropython-esp8266-stubs,1.18.post2
7,esp8266,,1.18,2026-02-01,micropython-esp8266-stubs,1.18.post3
6,esp8266,,1.18,2026-02-01,micropython-esp8266-stubs,1.18.post4
6,esp8266,,1.19.1,2026-02-01,micropython-esp8266-stubs,1.19.1.post1
5,esp8266,,1.19.1,2026-02-01,micropython-esp8266-stubs,1.19.1.post10
6,esp8266,,1.19.1,2026-02-01,micropython-esp8266-stubs,1.19.1.post11
8,esp8266,,1.19.1,2026-02-01,micropython-esp8266-stubs,1.19.1.post12
5,esp8266,,1.19.1,2026-02-01,micropython-esp8266-stubs,1.19.1.post2
6,esp8266,,1.19.1,2026-02-01,micropython-esp8266-stubs,1.19.1.post3
7,esp8266,,1.19.1,2026-02-01,micropython-esp8266-stubs,1.19.1.post4
6,esp8266,,1.19.1,2026-02-01,micropython-esp8266-stubs,1.19.1.post5
7,esp8266,,1.19.1,2026-02-01,micropython-esp8266-stubs,1.19.1.post6
5,esp8266,,1.19.1,2026-02-01,micropython-esp8266-stubs,1.19.1.post7
5,esp8266,,1.19.1,2026-02-01,micropython-esp8266-stubs,1.19.1.post8
5,esp8266,,1.19.1,2026-02-01,micropython-esp8266-stubs,1.19.1.post9
5,esp8266,,1.23.0,2026-02-01,micropython-esp8266-stubs,1.23.0.post1
7,esp8266,,1.23.0,2026-02-01,micropython-esp8266-stubs,1.23.0.post2
9,esp8266,,1.24.1,2026-02-01,micropython-esp8266-stubs,1.24.1.post1
8,esp8266,,1.25.0,2026-02-01,micropython-esp8266-stubs,1.25.0.post1
6,esp8266,,1.25.0,2026-02-01,micropython-esp8266-stubs,1.25.0.post2
10,esp8266,,1.25.0,2026-02-01,micropython-esp8266-stubs,1.25.0.post3
7,esp8266,,1.25.0,2026-02-01,micropython-esp8266-stubs,1.25.0.post4
17,esp8266,,1.26.0,2026-02-01,micropython-esp8266-stubs,1.26.0.post1
90,esp8266,,1.27.0,2026-02-01,micropython-esp8266-stubs,1.27.0.post1
15,mimxrt,mimxrt1010-evk,1.26.1,2026-02-01,micropython-mimxrt-mimxrt1010-evk-stubs,1.26.1.post1
20,mimxrt,seeed-arch-mix,1.26.1,2026-02-01,micropython-mimxrt-seeed-arch-mix-stubs,1.26.1.post1
20,mimxrt,,1.26.1,2026-02-01,micropython-mimxrt-stubs,1.26.1.post1
14,rp2,arduino-nano-rp2040-connect,1.22.0,2026-02-01,micropython-rp2-arduino-nano-rp2040-connect-stubs,1.22.0.post1
6,rp2,arduino-nano-rp2040-connect,1.22.1,2026-02-01,micropython-rp2-arduino-nano-rp2040-connect-stubs,1.22.1.post1
10,rp2,arduino-nano-rp2040-connect,1.22.1,2026-02-01,micropython-rp2-arduino-nano-rp2040-connect-stubs,1.22.1.post2
6,rp2,arduino-nano-rp2040-connect,1.24.1,2026-02-01,micropython-rp2-arduino-nano-rp2040-connect-stubs,1.24.1.post1
20,rp2,arduino-nano-rp2040-connect,1.24.1,2026-02-01,micropython-rp2-arduino-nano-rp2040-connect-stubs,1.24.1.post2
7,rp2,pico,1.20.0,2026-02-01,micropython-rp2-pico-stubs,1.20.0.post1
8,rp2,pico,1.20.0,2026-02-01,micropython-rp2-pico-stubs,1.20.0.post2
9,rp2,pico,1.20.0,2026-02-01,micropython-rp2-pico-stubs,1.20.0.post3
8,rp2,pico,1.20.0,2026-02-01,micropython-rp2-pico-stubs,1.20.0.post4
1570,rp2,pico,1.20.0,2026-02-01,micropython-rp2-pico-stubs,1.20.0.post5
5,rp2,pico-w,1.20.0,2026-02-01,micropython-rp2-pico-w-stubs,1.20.0.post1
4,rp2,pico-w,1.20.0,2026-02-01,micropython-rp2-pico-w-stubs,1.20.0.post2
4,rp2,pico-w,1.20.0,2026-02-01,micropython-rp2-pico-w-stubs,1.20.0.post3
4,rp2,pico-w,1.20.0,2026-02-01,micropython-rp2-pico-w-stubs,1.20.0.post4
73,rp2,pico-w,1.20.0,2026-02-01,micropython-rp2-pico-w-stubs,1.20.0.post5
10,rp2,pimoroni-picolipo-16mb,1.20.0,2026-02-01,micropython-rp2-pimoroni-picolipo-16mb-stubs,1.20.0.post1
5,rp2,pimoroni-picolipo-16mb,1.20.0,2026-02-01,micropython-rp2-pimoroni-picolipo-16mb-stubs,1.20.0.post2
9,rp2,pimoroni-picolipo-16mb,1.20.0,2026-02-01,micropython-rp2-pimoroni-picolipo-16mb-stubs,1.20.0.post3
14,rp2,pimoroni-picolipo-16mb,1.22.0,2026-02-01,micropython-rp2-pimoroni-picolipo-16mb-stubs,1.22.0.post1
15,rp2,pimoroni-picolipo,1.26.0,2026-02-01,micropython-rp2-pimoroni-picolipo-stubs,1.26.0.post1
20,rp2,pimoroni-picolipo,1.27.0,2026-02-01,micropython-rp2-pimoroni-picolipo-stubs,1.27.0.post1
5,rp2,rpi-pico,1.21.0,2026-02-01,micropython-rp2-rpi-pico-stubs,1.21.0.post1
5,rp2,rpi-pico,1.21.0,2026-02-01,micropython-rp2-rpi-pico-stubs,1.21.0.post2
8,rp2,rpi-pico,1.21.0,2026-02-01,micropython-rp2-rpi-pico-stubs,1.21.0.post3
9,rp2,rpi-pico,1.22.0,2026-02-01,micropython-rp2-rpi-pico-stubs,1.22.0.post1
5,rp2,rpi-pico,1.22.1,2026-02-01,micropython-rp2-rpi-pico-stubs,1.22.1.post1
9,rp2,rpi-pico,1.22.1,2026-02-01,micropython-rp2-rpi-pico-stubs,1.22.1.post2
4,rp2,rpi-pico,1.23.0,2026-02-01,micropython-rp2-rpi-pico-stubs,1.23.0.post1
14,rp2,rpi-pico,1.23.0,2026-02-01,micropython-rp2-rpi-pico-stubs,1.23.0.post2
6,rp2,rpi-pico,1.24.1,2026-02-01,micropython-rp2-rpi-pico-stubs,1.24.1.post1
10,rp2,rpi-pico,1.24.1,2026-02-01,micropython-rp2-rpi-pico-stubs,1.24.1.post2
4,rp2,rpi-pico,1.25.0,2026-02-01,micropython-rp2-rpi-pico-stubs,1.25.0.post1
4,rp2,rpi-pico,1.25.0,2026-02-01,micropython-rp2-rpi-pico-stubs,1.25.0.post2
9,rp2,rpi-pico,1.25.0,2026-02-01,micropython-rp2-rpi-pico-stubs,1.25.0.post3
11,rp2,rpi-pico,1.26.0,2026-02-01,micropython-rp2-rpi-pico-stubs,1.26.0.post1
89,rp2,rpi-pico,1.27.0,2026-02-01,micropython-rp2-rpi-pico-stubs,1.27.0.post1
14,rp2,rpi-pico-w,1.21.0,2026-02-01,micropython-rp2-rpi-pico-w-stubs,1.21.0.post1
4,rp2,rpi-pico-w,1.21.0,2026-02-01,micropython-rp2-rpi-pico-w-stubs,1.21.0.post2
8,rp2,rpi-pico-w,1.21.0,2026-02-01,micropython-rp2-rpi-pico-w-stubs,1.21.0.post3
8,rp2,rpi-pico-w,1.22.0,2026-02-01,micropython-rp2-rpi-pico-w-stubs,1.22.0.post1
4,rp2,rpi-pico-w,1.22.1,2026-02-01,micropython-rp2-rpi-pico-w-stubs,1.22.1.post1
8,rp2,rpi-pico-w,1.22.1,2026-02-01,micropython-rp2-rpi-pico-w-stubs,1.22.1.post2
5,rp2,rpi-pico-w,1.23.0,2026-02-01,micropython-rp2-rpi-pico-w-stubs,1.23.0.post1
9,rp2,rpi-pico-w,1.23.0,2026-02-01,micropython-rp2-rpi-pico-w-stubs,1.23.0.post2
4,rp2,rpi-pico-w,1.24.1,2026-02-01,micropython-rp2-rpi-pico-w-stubs,1.24.1.post1
8,rp2,rpi-pico-w,1.24.1,2026-02-01,micropython-rp2-rpi-pico-w-stubs,1.24.1.post2
4,rp2,rpi-pico-w,1.25.0,2026-02-01,micropython-rp2-rpi-pico-w-stubs,1.25.0.post1
4,rp2,rpi-pico-w,1.25.0,2026-02-01,micropython-rp2-rpi-pico-w-stubs,1.25.0.post2
7,rp2,rpi-pico-w,1.25.0,2026-02-01,micropython-rp2-rpi-pico-w-stubs,1.25.0.post3
22,rp2,rpi-pico-w,1.25.0,2026-02-01,micropython-rp2-rpi-pico-w-stubs,1.25.0.post4
275,rp2,rpi-pico-w,1.26.0,2026-02-01,micropython-rp2-rpi-pico-w-stubs,1.26.0.post1
5,rp2,rpi-pico2,1.24.1,2026-02-01,micropython-rp2-rpi-pico2-stubs,1.24.1.post1
8,rp2,rpi-pico2,1.24.1,2026-02-01,micropython-rp2-rpi-pico2-stubs,1.24.1.post2
4,rp2,rpi-pico2,1.25.0,2026-02-01,micropython-rp2-rpi-pico2-stubs,1.25.0.post1
4,rp2,rpi-pico2,1.25.0,2026-02-01,micropython-rp2-rpi-pico2-stubs,1.25.0.post2
8,rp2,rpi-pico2,1.25.0,2026-02-01,micropython-rp2-rpi-pico2-stubs,1.25.0.post3
8,rp2,rpi-pico2,1.26.0,2026-02-01,micropython-rp2-rpi-pico2-stubs,1.26.0.post1
29,rp2,rpi-pico2,1.27.0,2026-02-01,micropython-rp2-rpi-pico2-stubs,1.27.0.post1
7,rp2,rpi-pico2-w,1.25.0,2026-02-01,micropython-rp2-rpi-pico2-w-stubs,1.25.0.post1
4,rp2,rpi-pico2-w,1.25.0,2026-02-01,micropython-rp2-rpi-pico2-w-stubs,1.25.0.post2
48,rp2,rpi-pico2-w,1.25.0,2026-02-01,micropython-rp2-rpi-pico2-w-stubs,1.25.0.post3
10,rp2,rpi-pico2-w,1.25.0,2026-02-01,micropython-rp2-rpi-pico2-w-stubs,1.25.0.post4
49,rp2,rpi-pico2-w,1.26.0,2026-02-01,micropython-rp2-rpi-pico2-w-stubs,1.26.0.post1
60,rp2,rpi-pico2-w,1.27.0,2026-02-01,micropython-rp2-rpi-pico2-w-stubs,1.27.0.post1
6,rp2,,1.17,2026-02-01,micropython-rp2-stubs,1.17.post1
7,rp2,,1.17,2026-02-01,micropython-rp2-stubs,1.17.post2
8,rp2,,1.17,2026-02-01,micropython-rp2-stubs,1.17.post3
5,rp2,,1.18,2026-02-01,micropython-rp2-stubs,1.18.post1
4,rp2,,1.18,2026-02-01,micropython-rp2-stubs,1.18.post2
9,rp2,,1.18,2026-02-01,micropython-rp2-stubs,1.18.post3
4,rp2,,1.19.1,2026-02-01,micropython-rp2-stubs,1.19.1.post10
6,rp2,,1.19.1,2026-02-01,micropython-rp2-stubs,1.19.1.post11
5,rp2,,1.19.1,2026-02-01,micropython-rp2-stubs,1.19.1.post12
6,rp2,,1.19.1,2026-02-01,micropython-rp2-stubs,1.19.1.post13
9,rp2,,1.19.1,2026-02-01,micropython-rp2-stubs,1.19.1.post14
5,rp2,,1.19.1,2026-02-01,micropython-rp2-stubs,1.19.1.post6
5,rp2,,1.19.1,2026-02-01,micropython-rp2-stubs,1.19.1.post7
5,rp2,,1.19.1,2026-02-01,micropython-rp2-stubs,1.19.1.post8
6,rp2,,1.19.1,2026-02-01,micropython-rp2-stubs,1.19.1.post9
4,rp2,,1.20.0,2026-02-01,micropython-rp2-stubs,1.20.0.post1
4,rp2,,1.20.0,2026-02-01,micropython-rp2-stubs,1.20.0.post2
5,rp2,,1.20.0,2026-02-01,micropython-rp2-stubs,1.20.0.post3
4,rp2,,1.20.0,2026-02-01,micropython-rp2-stubs,1.20.0.post4
10,rp2,,1.20.0,2026-02-01,micropython-rp2-stubs,1.20.0.post5
5,rp2,,1.21.0,2026-02-01,micropython-rp2-stubs,1.21.0.post1
12,rp2,,1.21.0,2026-02-01,micropython-rp2-stubs,1.21.0.post2
9,rp2,,1.22.0,2026-02-01,micropython-rp2-stubs,1.22.0.post1
6,rp2,,1.22.1,2026-02-01,micropython-rp2-stubs,1.22.1.post1
10,rp2,,1.22.1,2026-02-01,micropython-rp2-stubs,1.22.1.post2
5,rp2,,1.23.0,2026-02-01,micropython-rp2-stubs,1.23.0.post1
11,rp2,,1.23.0,2026-02-01,micropython-rp2-stubs,1.23.0.post2
4,rp2,,1.24.1,2026-02-01,micropython-rp2-stubs,1.24.1.post1
9,rp2,,1.24.1,2026-02-01,micropython-rp2-stubs,1.24.1.post2
6,rp2,,1.25.0,2026-02-01,micropython-rp2-stubs,1.25.0.post1
4,rp2,,1.25.0,2026-02-01,micropython-rp2-stubs,1.25.0.post2
8,rp2,,1.25.0,2026-02-01,micropython-rp2-stubs,1.25.0.post3
15,rp2,,1.26.0,2026-02-01,micropython-rp2-stubs,1.26.0.post1
209,rp2,,1.27.0,2026-02-01,micropython-rp2-stubs,1.27.0.post1
14,samd,adafruit-feather-m4-express,1.20.0,2026-02-01,micropython-samd-adafruit-feather-m4-express-stubs,1.20.0.post1
10,samd,adafruit-feather-m4-express,1.20.0,2026-02-01,micropython-samd-adafruit-feather-m4-express-stubs,1.20.0.post2
10,samd,adafruit-feather-m4-express,1.20.0,2026-02-01,micropython-samd-adafruit-feather-m4-express-stubs,1.20.0.post3
18,samd,adafruit-feather-m4-express,1.20.0,2026-02-01,micropython-samd-adafruit-feather-m4-express-stubs,1.20.0.post4
16,samd,adafruit-itsybitsy-m4-express,1.20.0,2026-02-01,micropython-samd-adafruit-itsybitsy-m4-express-stubs,1.20.0.post1
13,samd,adafruit-itsybitsy-m4-express,1.20.0,2026-02-01,micropython-samd-adafruit-itsybitsy-m4-express-stubs,1.20.0.post2
12,samd,adafruit-itsybitsy-m4-express,1.20.0,2026-02-01,micropython-samd-adafruit-itsybitsy-m4-express-stubs,1.20.0.post3
21,samd,adafruit-itsybitsy-m4-express,1.20.0,2026-02-01,micropython-samd-adafruit-itsybitsy-m4-express-stubs,1.20.0.post4
11,samd,minisam-m4,1.20.0,2026-02-01,micropython-samd-minisam-m4-stubs,1.20.0.post1
11,samd,minisam-m4,1.20.0,2026-02-01,micropython-samd-minisam-m4-stubs,1.20.0.post2
10,samd,minisam-m4,1.20.0,2026-02-01,micropython-samd-minisam-m4-stubs,1.20.0.post3
17,samd,minisam-m4,1.20.0,2026-02-01,micropython-samd-minisam-m4-stubs,1.20.0.post4
8,samd,seeed-wio-terminal,1.20.0,2026-02-01,micropython-samd-seeed-wio-terminal-stubs,1.20.0.post1
4,samd,seeed-wio-terminal,1.20.0,2026-02-01,micropython-samd-seeed-wio-terminal-stubs,1.20.0.post2
4,samd,seeed-wio-terminal,1.20.0,2026-02-01,micropython-samd-seeed-wio-terminal-stubs,1.20.0.post3
4,samd,seeed-wio-terminal,1.20.0,2026-02-01,micropython-samd-seeed-wio-terminal-stubs,1.20.0.post4
6,samd,seeed-wio-terminal,1.20.0,2026-02-01,micropython-samd-seeed-wio-terminal-stubs,1.20.0.post5
4,samd,seeed-wio-terminal,1.21.0,2026-02-01,micropython-samd-seeed-wio-terminal-stubs,1.21.0.post1
5,samd,seeed-wio-terminal,1.21.0,2026-02-01,micropython-samd-seeed-wio-terminal-stubs,1.21.0.post2
7,samd,seeed-wio-terminal,1.21.0,2026-02-01,micropython-samd-seeed-wio-terminal-stubs,1.21.0.post3
6,samd,seeed-wio-terminal,1.22.0,2026-02-01,micropython-samd-seeed-wio-terminal-stubs,1.22.0.post1
6,samd,seeed-wio-terminal,1.22.1,2026-02-01,micropython-samd-seeed-wio-terminal-stubs,1.22.1.post1
4,samd,seeed-wio-terminal,1.23.0,2026-02-01,micropython-samd-seeed-wio-terminal-stubs,1.23.0.post1
6,samd,seeed-wio-terminal,1.23.0,2026-02-01,micropython-samd-seeed-wio-terminal-stubs,1.23.0.post2
4,samd,seeed-wio-terminal,1.24.1,2026-02-01,micropython-samd-seeed-wio-terminal-stubs,1.24.1.post1
6,samd,seeed-wio-terminal,1.24.1,2026-02-01,micropython-samd-seeed-wio-terminal-stubs,1.24.1.post2
4,samd,seeed-wio-terminal,1.25.0,2026-02-01,micropython-samd-seeed-wio-terminal-stubs,1.25.0.post1
4,samd,seeed-wio-terminal,1.25.0,2026-02-01,micropython-samd-seeed-wio-terminal-stubs,1.25.0.post2
6,samd,seeed-wio-terminal,1.25.0,2026-02-01,micropython-samd-seeed-wio-terminal-stubs,1.25.0.post3
6,samd,seeed-wio-terminal,1.26.0,2026-02-01,micropython-samd-seeed-wio-terminal-stubs,1.26.0.post1
17,samd,seeed-wio-terminal,1.27.0,2026-02-01,micropython-samd-seeed-wio-terminal-stubs,1.27.0.post1
6,samd,,1.20.0,2026-02-01,micropython-samd-stubs,1.20.0.post1
6,samd,,1.20.0,2026-02-01,micropython-samd-stubs,1.20.0.post2
5,samd,,1.21.0,2026-02-01,micropython-samd-stubs,1.21.0.post1
7,samd,,1.21.0,2026-02-01,micropython-samd-stubs,1.21.0.post2
6,samd,,1.22.0,2026-02-01,micropython-samd-stubs,1.22.0.post1
6,samd,,1.22.1,2026-02-01,micropython-samd-stubs,1.22.1.post1
5,samd,,1.23.0,2026-02-01,micropython-samd-stubs,1.23.0.post1
9,samd,,1.23.0,2026-02-01,micropython-samd-stubs,1.23.0.post2
5,samd,,,2026-02-01,micropython-samd-stubs,1.23.0a87
4,samd,,1.24.1,2026-02-01,micropython-samd-stubs,1.24.1.post1
6,samd,,1.24.1,2026-02-01,micropython-samd-stubs,1.24.1.post2
5,samd,,1.25.0,2026-02-01,micropython-samd-stubs,1.25.0.post1
5,samd,,1.25.0,2026-02-01,micropython-samd-stubs,1.25.0.post2
6,samd,,1.25.0,2026-02-01,micropython-samd-stubs,1.25.0.post3
6,samd,,1.26.0,2026-02-01,micropython-samd-stubs,1.26.0.post1
502,samd,,1.27.0,2026-02-01,micropython-samd-stubs,1.27.0.post1
8,stdlib,,,2026-02-01,micropython-stdlib-stubs,0.9.0
7,stdlib,,,2026-02-01,micropython-stdlib-stubs,1.0.0
7,stdlib,,,2026-02-01,micropython-stdlib-stubs,1.0.0rc2
7,stdlib,,,2026-02-01,micropython-stdlib-stubs,1.0.1a0
7,stdlib,,,2026-02-01,micropython-stdlib-stubs,1.0.1a1
7,stdlib,,,2026-02-01,micropython-stdlib-stubs,1.0.1a2
7,stdlib,,,2026-02-01,micropython-stdlib-stubs,1.1.0
6,stdlib,,,2026-02-01,micropython-stdlib-stubs,1.1.1
7,stdlib,,,2026-02-01,micropython-stdlib-stubs,1.1.1a2
8,stdlib,,,2026-02-01,micropython-stdlib-stubs,1.1.2
7,stdlib,,,2026-02-01,micropython-stdlib-stubs,1.1.2a0
13,stdlib,,,2026-02-01,micropython-stdlib-stubs,1.23.0
5,stdlib,,,2026-02-01,micropython-stdlib-stubs,1.24.0
4,stdlib,,,2026-02-01,micropython-stdlib-stubs,1.24.1
16,stdlib,,1.24.1,2026-02-01,micropython-stdlib-stubs,1.24.1.post2
30,stdlib,,,2026-02-01,micropython-stdlib-stubs,1.25.0
2,stdlib,,,2026-02-01,micropython-stdlib-stubs,1.26.0
2,stdlib,,1.26.0,2026-02-01,micropython-stdlib-stubs,1.26.0.post1
2,stdlib,,1.26.0,2026-02-01,micropython-stdlib-stubs,1.26.0.post2
481,stdlib,,1.26.0,2026-02-01,micropython-stdlib-stubs,1.26.0.post3
2911,stdlib,,,2026-02-01,micropython-stdlib-stubs,1.27.0
1673,stdlib,,1.27.0,2026-02-01,micropython-stdlib-stubs,1.27.0.post1
711,stdlib,,1.27.0,2026-02-01,micropython-stdlib-stubs,1.27.0.post2
5,stm32,pybv11,1.20.0,2026-02-01,micropython-stm32-pybv11-stubs,1.20.0.post1
4,stm32,pybv11,1.20.0,2026-02-01,micropython-stm32-pybv11-stubs,1.20.0.post2
4,stm32,pybv11,1.20.0,2026-02-01,micropython-stm32-pybv11-stubs,1.20.0.post3
4,stm32,pybv11,1.20.0,2026-02-01,micropython-stm32-pybv11-stubs,1.20.0.post4
4,stm32,pybv11,1.20.0,2026-02-01,micropython-stm32-pybv11-stubs,1.20.0.post5
6,stm32,pybv11,1.20.0,2026-02-01,micropython-stm32-pybv11-stubs,1.20.0.post6
4,stm32,pybv11,1.21.0,2026-02-01,micropython-stm32-pybv11-stubs,1.21.0.post1
5,stm32,pybv11,1.21.0,2026-02-01,micropython-stm32-pybv11-stubs,1.21.0.post2
6,stm32,pybv11,1.21.0,2026-02-01,micropython-stm32-pybv11-stubs,1.21.0.post3
5,stm32,pybv11,1.22.0,2026-02-01,micropython-stm32-pybv11-stubs,1.22.0.post1
7,stm32,pybv11,1.22.0,2026-02-01,micropython-stm32-pybv11-stubs,1.22.0.post2
5,stm32,pybv11,1.23.0,2026-02-01,micropython-stm32-pybv11-stubs,1.23.0.post1
6,stm32,pybv11,1.23.0,2026-02-01,micropython-stm32-pybv11-stubs,1.23.0.post2
4,stm32,pybv11,1.24.1,2026-02-01,micropython-stm32-pybv11-stubs,1.24.1.post1
7,stm32,pybv11,1.24.1,2026-02-01,micropython-stm32-pybv11-stubs,1.24.1.post2
5,stm32,pybv11,1.25.0,2026-02-01,micropython-stm32-pybv11-stubs,1.25.0.post1
4,stm32,pybv11,1.25.0,2026-02-01,micropython-stm32-pybv11-stubs,1.25.0.post2
6,stm32,pybv11,1.25.0,2026-02-01,micropython-stm32-pybv11-stubs,1.25.0.post3
7,stm32,pybv11,1.26.0,2026-02-01,micropython-stm32-pybv11-stubs,1.26.0.post1
16,stm32,pybv11,1.27.0,2026-02-01,micropython-stm32-pybv11-stubs,1.27.0.post1
7,stm32,,1.17,2026-02-01,micropython-stm32-stubs,1.17.post1
7,stm32,,1.17,2026-02-01,micropython-stm32-stubs,1.17.post2
8,stm32,,1.17,2026-02-01,micropython-stm32-stubs,1.17.post3
7,stm32,,1.18,2026-02-01,micropython-stm32-stubs,1.18.post1
7,stm32,,1.18,2026-02-01,micropython-stm32-stubs,1.18.post2
8,stm32,,1.18,2026-02-01,micropython-stm32-stubs,1.18.post3
8,stm32,,1.18,2026-02-01,micropython-stm32-stubs,1.18.post4
7,stm32,,1.19.1,2026-02-01,micropython-stm32-stubs,1.19.1.post1
6,stm32,,1.19.1,2026-02-01,micropython-stm32-stubs,1.19.1.post10
7,stm32,,1.19.1,2026-02-01,micropython-stm32-stubs,1.19.1.post11
13,stm32,,1.19.1,2026-02-01,micropython-stm32-stubs,1.19.1.post12
6,stm32,,1.19.1,2026-02-01,micropython-stm32-stubs,1.19.1.post2
6,stm32,,1.19.1,2026-02-01,micropython-stm32-stubs,1.19.1.post3
6,stm32,,1.19.1,2026-02-01,micropython-stm32-stubs,1.19.1.post4
7,stm32,,1.19.1,2026-02-01,micropython-stm32-stubs,1.19.1.post5
8,stm32,,1.19.1,2026-02-01,micropython-stm32-stubs,1.19.1.post6
7,stm32,,1.19.1,2026-02-01,micropython-stm32-stubs,1.19.1.post7
7,stm32,,1.19.1,2026-02-01,micropython-stm32-stubs,1.19.1.post8
6,stm32,,1.19.1,2026-02-01,micropython-stm32-stubs,1.19.1.post9
6,stm32,,1.20.0,2026-02-01,micropython-stm32-stubs,1.20.0.post1
6,stm32,,1.20.0,2026-02-01,micropython-stm32-stubs,1.20.0.post2
8,stm32,,1.20.0,2026-02-01,micropython-stm32-stubs,1.20.0.post3
7,stm32,,1.20.0,2026-02-01,micropython-stm32-stubs,1.20.0.post4
8,stm32,,1.20.0,2026-02-01,micropython-stm32-stubs,1.20.0.post5
6,stm32,,1.21.0,2026-02-01,micropython-stm32-stubs,1.21.0.post1
11,stm32,,1.21.0,2026-02-01,micropython-stm32-stubs,1.21.0.post2
10,stm32,,1.22.0,2026-02-01,micropython-stm32-stubs,1.22.0.post1
6,stm32,,1.23.0,2026-02-01,micropython-stm32-stubs,1.23.0.post1
11,stm32,,1.23.0,2026-02-01,micropython-stm32-stubs,1.23.0.post2
6,stm32,,1.24.1,2026-02-01,micropython-stm32-stubs,1.24.1.post1
9,stm32,,1.24.1,2026-02-01,micropython-stm32-stubs,1.24.1.post2
6,stm32,,1.25.0,2026-02-01,micropython-stm32-stubs,1.25.0.post1
6,stm32,,1.25.0,2026-02-01,micropython-stm32-stubs,1.25.0.post2
9,stm32,,1.25.0,2026-02-01,micropython-stm32-stubs,1.25.0.post3
8,stm32,,1.26.0,2026-02-01,micropython-stm32-stubs,1.26.0.post1
1451,stm32,,1.27.0,2026-02-01,micropython-stm32-stubs,1.27.0.post1
13,unix,,1.20.0,2026-02-01,micropython-unix-stubs,1.20.0.post1
73,unix,,1.21.0,2026-02-01,micropython-unix-stubs,1.21.0.post1
9,unix,,1.24.1,2026-02-01,micropython-unix-stubs,1.24.1.post1
12,unix,,1.24.1,2026-02-01,micropython-unix-stubs,1.24.1.post2
13,unix,,1.25.0,2026-02-01,micropython-unix-stubs,1.25.0.post1
57,unix,,1.26.0,2026-02-01,micropython-unix-stubs,1.26.0.post1
7,webassembly,,1.21.0,2026-02-01,micropython-webassembly-stubs,1.21.0.post1
7,webassembly,,1.21.0,2026-02-01,micropython-webassembly-stubs,1.21.0.post2
4,webassembly,,1.24.1,2026-02-01,micropython-webassembly-stubs,1.24.1.post1
7,webassembly,,1.24.1,2026-02-01,micropython-webassembly-stubs,1.24.1.post2
4,webassembly,,1.25.0,2026-02-01,micropython-webassembly-stubs,1.25.0.post1
9,webassembly,,1.25.0,2026-02-01,micropython-webassembly-stubs,1.25.0.post2
4,webassembly,,1.26.0,2026-02-01,micropython-webassembly-stubs,1.26.0.post1
20,webassembly,,1.26.0,2026-02-01,micropython-webassembly-stubs,1.26.0.post2
7,windows,,1.20.0,2026-02-01,micropython-windows-stubs,1.20.0.post1
6,windows,,1.21.0,2026-02-01,micropython-windows-stubs,1.21.0.post1
6,windows,,1.24.1,2026-02-01,micropython-windows-stubs,1.24.1.post1
5,windows,,1.24.1,2026-02-01,micropython-windows-stubs,1.24.1.post2
6,windows,,1.24.1,2026-02-01,micropython-windows-stubs,1.24.1.post3
6,windows,,1.25.0,2026-02-01,micropython-windows-stubs,1.25.0.post1
22,windows,,1.26.0,2026-02-01,micropython-windows-stubs,1.26.0.post1
4,esp32,esp32-generic-c3,1.23.0,2026-03-01,micropython-esp32-esp32-generic-c3-stubs,1.23.0.post1
9,esp32,esp32-generic-c3,1.23.0,2026-03-01,micropython-esp32-esp32-generic-c3-stubs,1.23.0.post2
57,esp32,esp32-generic-c3,1.27.0,2026-03-01,micropython-esp32-esp32-generic-c3-stubs,1.27.0.post1
3,esp32,esp32-generic-c6,1.24.1,2026-03-01,micropython-esp32-esp32-generic-c6-stubs,1.24.1.post1
3,esp32,esp32-generic-c6,1.24.1,2026-03-01,micropython-esp32-esp32-generic-c6-stubs,1.24.1.post2
3,esp32,esp32-generic-c6,1.25.0,2026-03-01,micropython-esp32-esp32-generic-c6-stubs,1.25.0.post1
3,esp32,esp32-generic-c6,1.25.0,2026-03-01,micropython-esp32-esp32-generic-c6-stubs,1.25.0.post2
4,esp32,esp32-generic-c6,1.25.0,2026-03-01,micropython-esp32-esp32-generic-c6-stubs,1.25.0.post3
4,esp32,esp32-generic-c6,1.25.0,2026-03-01,micropython-esp32-esp32-generic-c6-stubs,1.25.0.post4
3,esp32,esp32-generic-c6,1.26.0,2026-03-01,micropython-esp32-esp32-generic-c6-stubs,1.26.0.post1
34,esp32,esp32-generic-c6,1.27.0,2026-03-01,micropython-esp32-esp32-generic-c6-stubs,1.27.0.post1
3,esp32,esp32-generic-s2,1.25.0,2026-03-01,micropython-esp32-esp32-generic-s2-stubs,1.25.0.post1
4,esp32,esp32-generic-s2,1.25.0,2026-03-01,micropython-esp32-esp32-generic-s2-stubs,1.25.0.post2
4,esp32,esp32-generic-s2,1.25.0,2026-03-01,micropython-esp32-esp32-generic-s2-stubs,1.25.0.post3
4,esp32,esp32-generic-s2,1.25.0,2026-03-01,micropython-esp32-esp32-generic-s2-stubs,1.25.0.post4
4,esp32,esp32-generic-s2,1.26.0,2026-03-01,micropython-esp32-esp32-generic-s2-stubs,1.26.0.post1
31,esp32,esp32-generic-s2,1.27.0,2026-03-01,micropython-esp32-esp32-generic-s2-stubs,1.27.0.post1
5,esp32,esp32-generic-s3,1.22.0,2026-03-01,micropython-esp32-esp32-generic-s3-stubs,1.22.0.post1
3,esp32,esp32-generic-s3,1.23.0,2026-03-01,micropython-esp32-esp32-generic-s3-stubs,1.23.0.post1
4,esp32,esp32-generic-s3,1.23.0,2026-03-01,micropython-esp32-esp32-generic-s3-stubs,1.23.0.post2
3,esp32,esp32-generic-s3,1.24.1,2026-03-01,micropython-esp32-esp32-generic-s3-stubs,1.24.1.post1
5,esp32,esp32-generic-s3,1.24.1,2026-03-01,micropython-esp32-esp32-generic-s3-stubs,1.24.1.post2
11,esp32,esp32-generic-s3,1.26.0,2026-03-01,micropython-esp32-esp32-generic-s3-stubs,1.26.0.post1
728,esp32,esp32-generic-s3,1.27.0,2026-03-01,micropython-esp32-esp32-generic-s3-stubs,1.27.0.post1
4,esp32,esp32-generic,1.21.0,2026-03-01,micropython-esp32-esp32-generic-stubs,1.21.0.post1
4,esp32,esp32-generic,1.21.0,2026-03-01,micropython-esp32-esp32-generic-stubs,1.21.0.post2
3,esp32,esp32-generic,1.22.0,2026-03-01,micropython-esp32-esp32-generic-stubs,1.22.0.post1
3,esp32,esp32-generic,1.23.0,2026-03-01,micropython-esp32-esp32-generic-stubs,1.23.0.post1
4,esp32,esp32-generic,1.23.0,2026-03-01,micropython-esp32-esp32-generic-stubs,1.23.0.post2
4,esp32,esp32-generic,1.24.1,2026-03-01,micropython-esp32-esp32-generic-stubs,1.24.1.post1
8,esp32,esp32-generic,1.24.1,2026-03-01,micropython-esp32-esp32-generic-stubs,1.24.1.post2
3,esp32,esp32-generic,1.25.0,2026-03-01,micropython-esp32-esp32-generic-stubs,1.25.0.post1
4,esp32,esp32-generic,1.25.0,2026-03-01,micropython-esp32-esp32-generic-stubs,1.25.0.post2
4,esp32,esp32-generic,1.25.0,2026-03-01,micropython-esp32-esp32-generic-stubs,1.25.0.post3
4,esp32,esp32-generic,1.25.0,2026-03-01,micropython-esp32-esp32-generic-stubs,1.25.0.post4
8,esp32,esp32-generic,1.25.0,2026-03-01,micropython-esp32-esp32-generic-stubs,1.25.0.post5
8,esp32,esp32-generic,1.26.0,2026-03-01,micropython-esp32-esp32-generic-stubs,1.26.0.post1
101,esp32,esp32-generic,1.27.0,2026-03-01,micropython-esp32-esp32-generic-stubs,1.27.0.post1
51,esp32,generic-ota,1.20.0,2026-03-01,micropython-esp32-generic-ota-stubs,1.20.0.post1
58,esp32,generic-ota,1.20.0,2026-03-01,micropython-esp32-generic-ota-stubs,1.20.0.post2
6,esp32,generic-s3,1.19.1,2026-03-01,micropython-esp32-generic-s3-stubs,1.19.1.post1
4,esp32,generic-s3,1.20.0,2026-03-01,micropython-esp32-generic-s3-stubs,1.20.0.post1
14,esp32,generic-s3,1.20.0,2026-03-01,micropython-esp32-generic-s3-stubs,1.20.0.post2
12,esp32,generic-spiram,1.19.1,2026-03-01,micropython-esp32-generic-spiram-stubs,1.19.1.post1
2,esp32,ota,1.20.0,2026-03-01,micropython-esp32-ota-stubs,1.20.0.post1
155,esp32,ota,1.20.0,2026-03-01,micropython-esp32-ota-stubs,1.20.0.post2
4,esp32,s3,1.19.1,2026-03-01,micropython-esp32-s3-stubs,1.19.1.post1
27,esp32,s3,1.20.0,2026-03-01,micropython-esp32-s3-stubs,1.20.0.post1
2,esp32,,1.17,2026-03-01,micropython-esp32-stubs,1.17.post1
4,esp32,,1.17,2026-03-01,micropython-esp32-stubs,1.17.post2
4,esp32,,1.17,2026-03-01,micropython-esp32-stubs,1.17.post3
3,esp32,,1.18,2026-03-01,micropython-esp32-stubs,1.18.post1
2,esp32,,1.18,2026-03-01,micropython-esp32-stubs,1.18.post2
6,esp32,,1.18,2026-03-01,micropython-esp32-stubs,1.18.post3
2,esp32,,1.19.1,2026-03-01,micropython-esp32-stubs,1.19.1.post10
2,esp32,,1.19.1,2026-03-01,micropython-esp32-stubs,1.19.1.post11
4,esp32,,1.19.1,2026-03-01,micropython-esp32-stubs,1.19.1.post12
3,esp32,,1.19.1,2026-03-01,micropython-esp32-stubs,1.19.1.post13
4,esp32,,1.19.1,2026-03-01,micropython-esp32-stubs,1.19.1.post14
5,esp32,,1.19.1,2026-03-01,micropython-esp32-stubs,1.19.1.post15
2,esp32,,1.19.1,2026-03-01,micropython-esp32-stubs,1.19.1.post2
2,esp32,,1.19.1,2026-03-01,micropython-esp32-stubs,1.19.1.post3
4,esp32,,1.19.1,2026-03-01,micropython-esp32-stubs,1.19.1.post4
2,esp32,,1.19.1,2026-03-01,micropython-esp32-stubs,1.19.1.post5
2,esp32,,1.19.1,2026-03-01,micropython-esp32-stubs,1.19.1.post6
3,esp32,,1.19.1,2026-03-01,micropython-esp32-stubs,1.19.1.post7
3,esp32,,1.19.1,2026-03-01,micropython-esp32-stubs,1.19.1.post8
4,esp32,,1.19.1,2026-03-01,micropython-esp32-stubs,1.19.1.post9
3,esp32,,1.20.0,2026-03-01,micropython-esp32-stubs,1.20.0.post1
2,esp32,,1.20.0,2026-03-01,micropython-esp32-stubs,1.20.0.post2
3,esp32,,1.20.0,2026-03-01,micropython-esp32-stubs,1.20.0.post3
3,esp32,,1.20.0,2026-03-01,micropython-esp32-stubs,1.20.0.post4
11,esp32,,1.20.0,2026-03-01,micropython-esp32-stubs,1.20.0.post5
3,esp32,,1.21.0,2026-03-01,micropython-esp32-stubs,1.21.0.post1
3,esp32,,1.21.0,2026-03-01,micropython-esp32-stubs,1.21.0.post2
3,esp32,,1.21.0,2026-03-01,micropython-esp32-stubs,1.21.0.post3
6,esp32,,1.21.0,2026-03-01,micropython-esp32-stubs,1.21.0.post4
4,esp32,,,2026-03-01,micropython-esp32-stubs,1.21.0a489
13,esp32,,1.22.0,2026-03-01,micropython-esp32-stubs,1.22.0.post1
3,esp32,,1.23.0,2026-03-01,micropython-esp32-stubs,1.23.0.post1
87,esp32,,1.23.0,2026-03-01,micropython-esp32-stubs,1.23.0.post2
8,esp32,,,2026-03-01,micropython-esp32-stubs,1.23.0a87
6,esp32,,1.24.1,2026-03-01,micropython-esp32-stubs,1.24.1.post1
8,esp32,,1.24.1,2026-03-01,micropython-esp32-stubs,1.24.1.post2
6,esp32,,1.25.0,2026-03-01,micropython-esp32-stubs,1.25.0.post1
10,esp32,,1.25.0,2026-03-01,micropython-esp32-stubs,1.25.0.post2
6,esp32,,1.25.0,2026-03-01,micropython-esp32-stubs,1.25.0.post3
6,esp32,,1.25.0,2026-03-01,micropython-esp32-stubs,1.25.0.post4
48,esp32,,1.25.0,2026-03-01,micropython-esp32-stubs,1.25.0.post5
18,esp32,,1.26.0,2026-03-01,micropython-esp32-stubs,1.26.0.post1
1121,esp32,,1.27.0,2026-03-01,micropython-esp32-stubs,1.27.0.post1
6,esp32,um-tinypico,1.19.1,2026-03-01,micropython-esp32-um-tinypico-stubs,1.19.1.post2
5,esp32,um-tinypico,1.19.1,2026-03-01,micropython-esp32-um-tinypico-stubs,1.19.1.post3
5,esp32,um-tinypico,1.19.1,2026-03-01,micropython-esp32-um-tinypico-stubs,1.19.1.post4
5,esp32,um-tinypico,1.19.1,2026-03-01,micropython-esp32-um-tinypico-stubs,1.19.1.post5
7,esp32,um-tinypico,1.19.1,2026-03-01,micropython-esp32-um-tinypico-stubs,1.19.1.post6
7,esp32,um-tinypico,1.19.1,2026-03-01,micropython-esp32-um-tinypico-stubs,1.19.1.post7
16,esp32,um-tinypico,1.19.1,2026-03-01,micropython-esp32-um-tinypico-stubs,1.19.1.post8
3,esp8266,esp8266-generic,1.23.0,2026-03-01,micropython-esp8266-esp8266-generic-stubs,1.23.0.post1
4,esp8266,esp8266-generic,1.23.0,2026-03-01,micropython-esp8266-esp8266-generic-stubs,1.23.0.post2
3,esp8266,esp8266-generic,1.25.0,2026-03-01,micropython-esp8266-esp8266-generic-stubs,1.25.0.post1
4,esp8266,esp8266-generic,1.25.0,2026-03-01,micropython-esp8266-esp8266-generic-stubs,1.25.0.post2
3,esp8266,esp8266-generic,1.25.0,2026-03-01,micropython-esp8266-esp8266-generic-stubs,1.25.0.post3
3,esp8266,esp8266-generic,1.25.0,2026-03-01,micropython-esp8266-esp8266-generic-stubs,1.25.0.post4
5,esp8266,esp8266-generic,1.26.0,2026-03-01,micropython-esp8266-esp8266-generic-stubs,1.26.0.post1
32,esp8266,esp8266-generic,1.27.0,2026-03-01,micropython-esp8266-esp8266-generic-stubs,1.27.0.post1
2,esp8266,,1.17,2026-03-01,micropython-esp8266-stubs,1.17.post1
2,esp8266,,1.17,2026-03-01,micropython-esp8266-stubs,1.17.post2
3,esp8266,,1.17,2026-03-01,micropython-esp8266-stubs,1.17.post3
3,esp8266,,1.18,2026-03-01,micropython-esp8266-stubs,1.18.post1
2,esp8266,,1.18,2026-03-01,micropython-esp8266-stubs,1.18.post2
2,esp8266,,1.18,2026-03-01,micropython-esp8266-stubs,1.18.post3
3,esp8266,,1.18,2026-03-01,micropython-esp8266-stubs,1.18.post4
3,esp8266,,1.19.1,2026-03-01,micropython-esp8266-stubs,1.19.1.post1
3,esp8266,,1.19.1,2026-03-01,micropython-esp8266-stubs,1.19.1.post10
4,esp8266,,1.19.1,2026-03-01,micropython-esp8266-stubs,1.19.1.post11
7,esp8266,,1.19.1,2026-03-01,micropython-esp8266-stubs,1.19.1.post12
3,esp8266,,1.19.1,2026-03-01,micropython-esp8266-stubs,1.19.1.post2
2,esp8266,,1.19.1,2026-03-01,micropython-esp8266-stubs,1.19.1.post3
3,esp8266,,1.19.1,2026-03-01,micropython-esp8266-stubs,1.19.1.post4
3,esp8266,,1.19.1,2026-03-01,micropython-esp8266-stubs,1.19.1.post5
2,esp8266,,1.19.1,2026-03-01,micropython-esp8266-stubs,1.19.1.post6
3,esp8266,,1.19.1,2026-03-01,micropython-esp8266-stubs,1.19.1.post7
2,esp8266,,1.19.1,2026-03-01,micropython-esp8266-stubs,1.19.1.post8
4,esp8266,,1.19.1,2026-03-01,micropython-esp8266-stubs,1.19.1.post9
4,esp8266,,1.23.0,2026-03-01,micropython-esp8266-stubs,1.23.0.post1
4,esp8266,,1.23.0,2026-03-01,micropython-esp8266-stubs,1.23.0.post2
4,esp8266,,1.24.1,2026-03-01,micropython-esp8266-stubs,1.24.1.post1
5,esp8266,,1.25.0,2026-03-01,micropython-esp8266-stubs,1.25.0.post1
4,esp8266,,1.25.0,2026-03-01,micropython-esp8266-stubs,1.25.0.post2
4,esp8266,,1.25.0,2026-03-01,micropython-esp8266-stubs,1.25.0.post3
4,esp8266,,1.25.0,2026-03-01,micropython-esp8266-stubs,1.25.0.post4
4,esp8266,,1.26.0,2026-03-01,micropython-esp8266-stubs,1.26.0.post1
105,esp8266,,1.27.0,2026-03-01,micropython-esp8266-stubs,1.27.0.post1
17,mimxrt,mimxrt1010-evk,1.26.1,2026-03-01,micropython-mimxrt-mimxrt1010-evk-stubs,1.26.1.post1
15,mimxrt,seeed-arch-mix,1.26.1,2026-03-01,micropython-mimxrt-seeed-arch-mix-stubs,1.26.1.post1
16,mimxrt,,1.26.1,2026-03-01,micropython-mimxrt-stubs,1.26.1.post1
6,rp2,arduino-nano-rp2040-connect,1.22.0,2026-03-01,micropython-rp2-arduino-nano-rp2040-connect-stubs,1.22.0.post1
4,rp2,arduino-nano-rp2040-connect,1.22.1,2026-03-01,micropython-rp2-arduino-nano-rp2040-connect-stubs,1.22.1.post1
3,rp2,arduino-nano-rp2040-connect,1.22.1,2026-03-01,micropython-rp2-arduino-nano-rp2040-connect-stubs,1.22.1.post2
3,rp2,arduino-nano-rp2040-connect,1.24.1,2026-03-01,micropython-rp2-arduino-nano-rp2040-connect-stubs,1.24.1.post1
22,rp2,arduino-nano-rp2040-connect,1.24.1,2026-03-01,micropython-rp2-arduino-nano-rp2040-connect-stubs,1.24.1.post2
4,rp2,pico,1.20.0,2026-03-01,micropython-rp2-pico-stubs,1.20.0.post1
10,rp2,pico,1.20.0,2026-03-01,micropython-rp2-pico-stubs,1.20.0.post2
5,rp2,pico,1.20.0,2026-03-01,micropython-rp2-pico-stubs,1.20.0.post3
4,rp2,pico,1.20.0,2026-03-01,micropython-rp2-pico-stubs,1.20.0.post4
1650,rp2,pico,1.20.0,2026-03-01,micropython-rp2-pico-stubs,1.20.0.post5
3,rp2,pico-w,1.20.0,2026-03-01,micropython-rp2-pico-w-stubs,1.20.0.post1
4,rp2,pico-w,1.20.0,2026-03-01,micropython-rp2-pico-w-stubs,1.20.0.post2
5,rp2,pico-w,1.20.0,2026-03-01,micropython-rp2-pico-w-stubs,1.20.0.post3
5,rp2,pico-w,1.20.0,2026-03-01,micropython-rp2-pico-w-stubs,1.20.0.post4
179,rp2,pico-w,1.20.0,2026-03-01,micropython-rp2-pico-w-stubs,1.20.0.post5
3,rp2,pimoroni-picolipo-16mb,1.20.0,2026-03-01,micropython-rp2-pimoroni-picolipo-16mb-stubs,1.20.0.post1
3,rp2,pimoroni-picolipo-16mb,1.20.0,2026-03-01,micropython-rp2-pimoroni-picolipo-16mb-stubs,1.20.0.post2
4,rp2,pimoroni-picolipo-16mb,1.20.0,2026-03-01,micropython-rp2-pimoroni-picolipo-16mb-stubs,1.20.0.post3
8,rp2,pimoroni-picolipo-16mb,1.22.0,2026-03-01,micropython-rp2-pimoroni-picolipo-16mb-stubs,1.22.0.post1
3,rp2,pimoroni-picolipo,1.26.0,2026-03-01,micropython-rp2-pimoroni-picolipo-stubs,1.26.0.post1
23,rp2,pimoroni-picolipo,1.27.0,2026-03-01,micropython-rp2-pimoroni-picolipo-stubs,1.27.0.post1
4,rp2,rpi-pico,1.21.0,2026-03-01,micropython-rp2-rpi-pico-stubs,1.21.0.post1
4,rp2,rpi-pico,1.21.0,2026-03-01,micropython-rp2-rpi-pico-stubs,1.21.0.post2
4,rp2,rpi-pico,1.21.0,2026-03-01,micropython-rp2-rpi-pico-stubs,1.21.0.post3
6,rp2,rpi-pico,1.22.0,2026-03-01,micropython-rp2-rpi-pico-stubs,1.22.0.post1
3,rp2,rpi-pico,1.22.1,2026-03-01,micropython-rp2-rpi-pico-stubs,1.22.1.post1
4,rp2,rpi-pico,1.22.1,2026-03-01,micropython-rp2-rpi-pico-stubs,1.22.1.post2
3,rp2,rpi-pico,1.23.0,2026-03-01,micropython-rp2-rpi-pico-stubs,1.23.0.post1
9,rp2,rpi-pico,1.23.0,2026-03-01,micropython-rp2-rpi-pico-stubs,1.23.0.post2
6,rp2,rpi-pico,1.24.1,2026-03-01,micropython-rp2-rpi-pico-stubs,1.24.1.post1
4,rp2,rpi-pico,1.24.1,2026-03-01,micropython-rp2-rpi-pico-stubs,1.24.1.post2
3,rp2,rpi-pico,1.25.0,2026-03-01,micropython-rp2-rpi-pico-stubs,1.25.0.post1
4,rp2,rpi-pico,1.25.0,2026-03-01,micropython-rp2-rpi-pico-stubs,1.25.0.post2
6,rp2,rpi-pico,1.25.0,2026-03-01,micropython-rp2-rpi-pico-stubs,1.25.0.post3
9,rp2,rpi-pico,1.26.0,2026-03-01,micropython-rp2-rpi-pico-stubs,1.26.0.post1
81,rp2,rpi-pico,1.27.0,2026-03-01,micropython-rp2-rpi-pico-stubs,1.27.0.post1
5,rp2,rpi-pico-w,1.21.0,2026-03-01,micropython-rp2-rpi-pico-w-stubs,1.21.0.post1
5,rp2,rpi-pico-w,1.21.0,2026-03-01,micropython-rp2-rpi-pico-w-stubs,1.21.0.post2
5,rp2,rpi-pico-w,1.21.0,2026-03-01,micropython-rp2-rpi-pico-w-stubs,1.21.0.post3
5,rp2,rpi-pico-w,1.22.0,2026-03-01,micropython-rp2-rpi-pico-w-stubs,1.22.0.post1
5,rp2,rpi-pico-w,1.22.1,2026-03-01,micropython-rp2-rpi-pico-w-stubs,1.22.1.post1
5,rp2,rpi-pico-w,1.22.1,2026-03-01,micropython-rp2-rpi-pico-w-stubs,1.22.1.post2
9,rp2,rpi-pico-w,1.23.0,2026-03-01,micropython-rp2-rpi-pico-w-stubs,1.23.0.post1
7,rp2,rpi-pico-w,1.23.0,2026-03-01,micropython-rp2-rpi-pico-w-stubs,1.23.0.post2
5,rp2,rpi-pico-w,1.24.1,2026-03-01,micropython-rp2-rpi-pico-w-stubs,1.24.1.post1
7,rp2,rpi-pico-w,1.24.1,2026-03-01,micropython-rp2-rpi-pico-w-stubs,1.24.1.post2
5,rp2,rpi-pico-w,1.25.0,2026-03-01,micropython-rp2-rpi-pico-w-stubs,1.25.0.post1
7,rp2,rpi-pico-w,1.25.0,2026-03-01,micropython-rp2-rpi-pico-w-stubs,1.25.0.post2
5,rp2,rpi-pico-w,1.25.0,2026-03-01,micropython-rp2-rpi-pico-w-stubs,1.25.0.post3
19,rp2,rpi-pico-w,1.25.0,2026-03-01,micropython-rp2-rpi-pico-w-stubs,1.25.0.post4
357,rp2,rpi-pico-w,1.26.0,2026-03-01,micropython-rp2-rpi-pico-w-stubs,1.26.0.post1
3,rp2,rpi-pico2,1.24.1,2026-03-01,micropython-rp2-rpi-pico2-stubs,1.24.1.post1
5,rp2,rpi-pico2,1.24.1,2026-03-01,micropython-rp2-rpi-pico2-stubs,1.24.1.post2
3,rp2,rpi-pico2,1.25.0,2026-03-01,micropython-rp2-rpi-pico2-stubs,1.25.0.post1
4,rp2,rpi-pico2,1.25.0,2026-03-01,micropython-rp2-rpi-pico2-stubs,1.25.0.post2
3,rp2,rpi-pico2,1.25.0,2026-03-01,micropython-rp2-rpi-pico2-stubs,1.25.0.post3
46,rp2,rpi-pico2,1.26.0,2026-03-01,micropython-rp2-rpi-pico2-stubs,1.26.0.post1
55,rp2,rpi-pico2,1.27.0,2026-03-01,micropython-rp2-rpi-pico2-stubs,1.27.0.post1
3,rp2,rpi-pico2-w,1.25.0,2026-03-01,micropython-rp2-rpi-pico2-w-stubs,1.25.0.post1
4,rp2,rpi-pico2-w,1.25.0,2026-03-01,micropython-rp2-rpi-pico2-w-stubs,1.25.0.post2
4,rp2,rpi-pico2-w,1.25.0,2026-03-01,micropython-rp2-rpi-pico2-w-stubs,1.25.0.post3
4,rp2,rpi-pico2-w,1.25.0,2026-03-01,micropython-rp2-rpi-pico2-w-stubs,1.25.0.post4
59,rp2,rpi-pico2-w,1.26.0,2026-03-01,micropython-rp2-rpi-pico2-w-stubs,1.26.0.post1
52,rp2,rpi-pico2-w,1.27.0,2026-03-01,micropython-rp2-rpi-pico2-w-stubs,1.27.0.post1
2,rp2,,1.17,2026-03-01,micropython-rp2-stubs,1.17.post1
2,rp2,,1.17,2026-03-01,micropython-rp2-stubs,1.17.post2
2,rp2,,1.17,2026-03-01,micropython-rp2-stubs,1.17.post3
8,rp2,,1.18,2026-03-01,micropython-rp2-stubs,1.18.post1
3,rp2,,1.18,2026-03-01,micropython-rp2-stubs,1.18.post2
2,rp2,,1.18,2026-03-01,micropython-rp2-stubs,1.18.post3
3,rp2,,1.19.1,2026-03-01,micropython-rp2-stubs,1.19.1.post10
4,rp2,,1.19.1,2026-03-01,micropython-rp2-stubs,1.19.1.post11
3,rp2,,1.19.1,2026-03-01,micropython-rp2-stubs,1.19.1.post12
4,rp2,,1.19.1,2026-03-01,micropython-rp2-stubs,1.19.1.post13
3,rp2,,1.19.1,2026-03-01,micropython-rp2-stubs,1.19.1.post14
2,rp2,,1.19.1,2026-03-01,micropython-rp2-stubs,1.19.1.post6
3,rp2,,1.19.1,2026-03-01,micropython-rp2-stubs,1.19.1.post7
2,rp2,,1.19.1,2026-03-01,micropython-rp2-stubs,1.19.1.post8
3,rp2,,1.19.1,2026-03-01,micropython-rp2-stubs,1.19.1.post9
3,rp2,,1.20.0,2026-03-01,micropython-rp2-stubs,1.20.0.post1
2,rp2,,1.20.0,2026-03-01,micropython-rp2-stubs,1.20.0.post2
4,rp2,,1.20.0,2026-03-01,micropython-rp2-stubs,1.20.0.post3
4,rp2,,1.20.0,2026-03-01,micropython-rp2-stubs,1.20.0.post4
5,rp2,,1.20.0,2026-03-01,micropython-rp2-stubs,1.20.0.post5
6,rp2,,1.21.0,2026-03-01,micropython-rp2-stubs,1.21.0.post1
5,rp2,,1.21.0,2026-03-01,micropython-rp2-stubs,1.21.0.post2
4,rp2,,1.22.0,2026-03-01,micropython-rp2-stubs,1.22.0.post1
3,rp2,,1.22.1,2026-03-01,micropython-rp2-stubs,1.22.1.post1
4,rp2,,1.22.1,2026-03-01,micropython-rp2-stubs,1.22.1.post2
6,rp2,,1.23.0,2026-03-01,micropython-rp2-stubs,1.23.0.post1
4,rp2,,1.23.0,2026-03-01,micropython-rp2-stubs,1.23.0.post2
4,rp2,,1.24.1,2026-03-01,micropython-rp2-stubs,1.24.1.post1
4,rp2,,1.24.1,2026-03-01,micropython-rp2-stubs,1.24.1.post2
5,rp2,,1.25.0,2026-03-01,micropython-rp2-stubs,1.25.0.post1
3,rp2,,1.25.0,2026-03-01,micropython-rp2-stubs,1.25.0.post2
4,rp2,,1.25.0,2026-03-01,micropython-rp2-stubs,1.25.0.post3
11,rp2,,1.26.0,2026-03-01,micropython-rp2-stubs,1.26.0.post1
464,rp2,,1.27.0,2026-03-01,micropython-rp2-stubs,1.27.0.post1
4,samd,adafruit-feather-m4-express,1.20.0,2026-03-01,micropython-samd-adafruit-feather-m4-express-stubs,1.20.0.post1
5,samd,adafruit-feather-m4-express,1.20.0,2026-03-01,micropython-samd-adafruit-feather-m4-express-stubs,1.20.0.post2
6,samd,adafruit-feather-m4-express,1.20.0,2026-03-01,micropython-samd-adafruit-feather-m4-express-stubs,1.20.0.post3
10,samd,adafruit-feather-m4-express,1.20.0,2026-03-01,micropython-samd-adafruit-feather-m4-express-stubs,1.20.0.post4
3,samd,adafruit-itsybitsy-m4-express,1.20.0,2026-03-01,micropython-samd-adafruit-itsybitsy-m4-express-stubs,1.20.0.post1
6,samd,adafruit-itsybitsy-m4-express,1.20.0,2026-03-01,micropython-samd-adafruit-itsybitsy-m4-express-stubs,1.20.0.post2
5,samd,adafruit-itsybitsy-m4-express,1.20.0,2026-03-01,micropython-samd-adafruit-itsybitsy-m4-express-stubs,1.20.0.post3
11,samd,adafruit-itsybitsy-m4-express,1.20.0,2026-03-01,micropython-samd-adafruit-itsybitsy-m4-express-stubs,1.20.0.post4
3,samd,minisam-m4,1.20.0,2026-03-01,micropython-samd-minisam-m4-stubs,1.20.0.post1
5,samd,minisam-m4,1.20.0,2026-03-01,micropython-samd-minisam-m4-stubs,1.20.0.post2
4,samd,minisam-m4,1.20.0,2026-03-01,micropython-samd-minisam-m4-stubs,1.20.0.post3
11,samd,minisam-m4,1.20.0,2026-03-01,micropython-samd-minisam-m4-stubs,1.20.0.post4
2,samd,seeed-wio-terminal,1.20.0,2026-03-01,micropython-samd-seeed-wio-terminal-stubs,1.20.0.post1
2,samd,seeed-wio-terminal,1.20.0,2026-03-01,micropython-samd-seeed-wio-terminal-stubs,1.20.0.post2
3,samd,seeed-wio-terminal,1.20.0,2026-03-01,micropython-samd-seeed-wio-terminal-stubs,1.20.0.post3
3,samd,seeed-wio-terminal,1.20.0,2026-03-01,micropython-samd-seeed-wio-terminal-stubs,1.20.0.post4
3,samd,seeed-wio-terminal,1.20.0,2026-03-01,micropython-samd-seeed-wio-terminal-stubs,1.20.0.post5
3,samd,seeed-wio-terminal,1.21.0,2026-03-01,micropython-samd-seeed-wio-terminal-stubs,1.21.0.post1
3,samd,seeed-wio-terminal,1.21.0,2026-03-01,micropython-samd-seeed-wio-terminal-stubs,1.21.0.post2
3,samd,seeed-wio-terminal,1.21.0,2026-03-01,micropython-samd-seeed-wio-terminal-stubs,1.21.0.post3
3,samd,seeed-wio-terminal,1.22.0,2026-03-01,micropython-samd-seeed-wio-terminal-stubs,1.22.0.post1
3,samd,seeed-wio-terminal,1.22.1,2026-03-01,micropython-samd-seeed-wio-terminal-stubs,1.22.1.post1
3,samd,seeed-wio-terminal,1.23.0,2026-03-01,micropython-samd-seeed-wio-terminal-stubs,1.23.0.post1
3,samd,seeed-wio-terminal,1.23.0,2026-03-01,micropython-samd-seeed-wio-terminal-stubs,1.23.0.post2
3,samd,seeed-wio-terminal,1.24.1,2026-03-01,micropython-samd-seeed-wio-terminal-stubs,1.24.1.post1
3,samd,seeed-wio-terminal,1.24.1,2026-03-01,micropython-samd-seeed-wio-terminal-stubs,1.24.1.post2
3,samd,seeed-wio-terminal,1.25.0,2026-03-01,micropython-samd-seeed-wio-terminal-stubs,1.25.0.post1
3,samd,seeed-wio-terminal,1.25.0,2026-03-01,micropython-samd-seeed-wio-terminal-stubs,1.25.0.post2
3,samd,seeed-wio-terminal,1.25.0,2026-03-01,micropython-samd-seeed-wio-terminal-stubs,1.25.0.post3
3,samd,seeed-wio-terminal,1.26.0,2026-03-01,micropython-samd-seeed-wio-terminal-stubs,1.26.0.post1
16,samd,seeed-wio-terminal,1.27.0,2026-03-01,micropython-samd-seeed-wio-terminal-stubs,1.27.0.post1
3,samd,,1.20.0,2026-03-01,micropython-samd-stubs,1.20.0.post1
4,samd,,1.20.0,2026-03-01,micropython-samd-stubs,1.20.0.post2
4,samd,,1.21.0,2026-03-01,micropython-samd-stubs,1.21.0.post1
4,samd,,1.21.0,2026-03-01,micropython-samd-stubs,1.21.0.post2
4,samd,,1.22.0,2026-03-01,micropython-samd-stubs,1.22.0.post1
4,samd,,1.22.1,2026-03-01,micropython-samd-stubs,1.22.1.post1
3,samd,,1.23.0,2026-03-01,micropython-samd-stubs,1.23.0.post1
4,samd,,1.23.0,2026-03-01,micropython-samd-stubs,1.23.0.post2
4,samd,,,2026-03-01,micropython-samd-stubs,1.23.0a87
3,samd,,1.24.1,2026-03-01,micropython-samd-stubs,1.24.1.post1
4,samd,,1.24.1,2026-03-01,micropython-samd-stubs,1.24.1.post2
4,samd,,1.25.0,2026-03-01,micropython-samd-stubs,1.25.0.post1
4,samd,,1.25.0,2026-03-01,micropython-samd-stubs,1.25.0.post2
3,samd,,1.25.0,2026-03-01,micropython-samd-stubs,1.25.0.post3
4,samd,,1.26.0,2026-03-01,micropython-samd-stubs,1.26.0.post1
280,samd,,1.27.0,2026-03-01,micropython-samd-stubs,1.27.0.post1
2,stdlib,,,2026-03-01,micropython-stdlib-stubs,0.9.0
3,stdlib,,,2026-03-01,micropython-stdlib-stubs,1.0.0
3,stdlib,,,2026-03-01,micropython-stdlib-stubs,1.0.0rc2
3,stdlib,,,2026-03-01,micropython-stdlib-stubs,1.0.1a0
4,stdlib,,,2026-03-01,micropython-stdlib-stubs,1.0.1a1
3,stdlib,,,2026-03-01,micropython-stdlib-stubs,1.0.1a2
4,stdlib,,,2026-03-01,micropython-stdlib-stubs,1.1.0
5,stdlib,,,2026-03-01,micropython-stdlib-stubs,1.1.1
3,stdlib,,,2026-03-01,micropython-stdlib-stubs,1.1.1a2
15,stdlib,,,2026-03-01,micropython-stdlib-stubs,1.1.2
3,stdlib,,,2026-03-01,micropython-stdlib-stubs,1.1.2a0
3,stdlib,,,2026-03-01,micropython-stdlib-stubs,1.23.0
5,stdlib,,,2026-03-01,micropython-stdlib-stubs,1.24.0
3,stdlib,,,2026-03-01,micropython-stdlib-stubs,1.24.1
5,stdlib,,1.24.1,2026-03-01,micropython-stdlib-stubs,1.24.1.post2
21,stdlib,,,2026-03-01,micropython-stdlib-stubs,1.25.0
3,stdlib,,,2026-03-01,micropython-stdlib-stubs,1.26.0
2,stdlib,,1.26.0,2026-03-01,micropython-stdlib-stubs,1.26.0.post1
2,stdlib,,1.26.0,2026-03-01,micropython-stdlib-stubs,1.26.0.post2
530,stdlib,,1.26.0,2026-03-01,micropython-stdlib-stubs,1.26.0.post3
844,stdlib,,,2026-03-01,micropython-stdlib-stubs,1.27.0
278,stdlib,,1.27.0,2026-03-01,micropython-stdlib-stubs,1.27.0.post1
4709,stdlib,,1.27.0,2026-03-01,micropython-stdlib-stubs,1.27.0.post2
5,stm32,pybv11,1.20.0,2026-03-01,micropython-stm32-pybv11-stubs,1.20.0.post1
3,stm32,pybv11,1.20.0,2026-03-01,micropython-stm32-pybv11-stubs,1.20.0.post2
4,stm32,pybv11,1.20.0,2026-03-01,micropython-stm32-pybv11-stubs,1.20.0.post3
4,stm32,pybv11,1.20.0,2026-03-01,micropython-stm32-pybv11-stubs,1.20.0.post4
3,stm32,pybv11,1.20.0,2026-03-01,micropython-stm32-pybv11-stubs,1.20.0.post5
5,stm32,pybv11,1.20.0,2026-03-01,micropython-stm32-pybv11-stubs,1.20.0.post6
4,stm32,pybv11,1.21.0,2026-03-01,micropython-stm32-pybv11-stubs,1.21.0.post1
3,stm32,pybv11,1.21.0,2026-03-01,micropython-stm32-pybv11-stubs,1.21.0.post2
3,stm32,pybv11,1.21.0,2026-03-01,micropython-stm32-pybv11-stubs,1.21.0.post3
3,stm32,pybv11,1.22.0,2026-03-01,micropython-stm32-pybv11-stubs,1.22.0.post1
5,stm32,pybv11,1.22.0,2026-03-01,micropython-stm32-pybv11-stubs,1.22.0.post2
4,stm32,pybv11,1.23.0,2026-03-01,micropython-stm32-pybv11-stubs,1.23.0.post1
4,stm32,pybv11,1.23.0,2026-03-01,micropython-stm32-pybv11-stubs,1.23.0.post2
4,stm32,pybv11,1.24.1,2026-03-01,micropython-stm32-pybv11-stubs,1.24.1.post1
4,stm32,pybv11,1.24.1,2026-03-01,micropython-stm32-pybv11-stubs,1.24.1.post2
5,stm32,pybv11,1.25.0,2026-03-01,micropython-stm32-pybv11-stubs,1.25.0.post1
3,stm32,pybv11,1.25.0,2026-03-01,micropython-stm32-pybv11-stubs,1.25.0.post2
4,stm32,pybv11,1.25.0,2026-03-01,micropython-stm32-pybv11-stubs,1.25.0.post3
6,stm32,pybv11,1.26.0,2026-03-01,micropython-stm32-pybv11-stubs,1.26.0.post1
29,stm32,pybv11,1.27.0,2026-03-01,micropython-stm32-pybv11-stubs,1.27.0.post1
2,stm32,,1.17,2026-03-01,micropython-stm32-stubs,1.17.post1
4,stm32,,1.17,2026-03-01,micropython-stm32-stubs,1.17.post2
5,stm32,,1.17,2026-03-01,micropython-stm32-stubs,1.17.post3
3,stm32,,1.18,2026-03-01,micropython-stm32-stubs,1.18.post1
3,stm32,,1.18,2026-03-01,micropython-stm32-stubs,1.18.post2
5,stm32,,1.18,2026-03-01,micropython-stm32-stubs,1.18.post3
2,stm32,,1.18,2026-03-01,micropython-stm32-stubs,1.18.post4
3,stm32,,1.19.1,2026-03-01,micropython-stm32-stubs,1.19.1.post1
6,stm32,,1.19.1,2026-03-01,micropython-stm32-stubs,1.19.1.post10
8,stm32,,1.19.1,2026-03-01,micropython-stm32-stubs,1.19.1.post11
7,stm32,,1.19.1,2026-03-01,micropython-stm32-stubs,1.19.1.post12
5,stm32,,1.19.1,2026-03-01,micropython-stm32-stubs,1.19.1.post2
5,stm32,,1.19.1,2026-03-01,micropython-stm32-stubs,1.19.1.post3
3,stm32,,1.19.1,2026-03-01,micropython-stm32-stubs,1.19.1.post4
4,stm32,,1.19.1,2026-03-01,micropython-stm32-stubs,1.19.1.post5
4,stm32,,1.19.1,2026-03-01,micropython-stm32-stubs,1.19.1.post6
4,stm32,,1.19.1,2026-03-01,micropython-stm32-stubs,1.19.1.post7
6,stm32,,1.19.1,2026-03-01,micropython-stm32-stubs,1.19.1.post8
5,stm32,,1.19.1,2026-03-01,micropython-stm32-stubs,1.19.1.post9
3,stm32,,1.20.0,2026-03-01,micropython-stm32-stubs,1.20.0.post1
4,stm32,,1.20.0,2026-03-01,micropython-stm32-stubs,1.20.0.post2
6,stm32,,1.20.0,2026-03-01,micropython-stm32-stubs,1.20.0.post3
5,stm32,,1.20.0,2026-03-01,micropython-stm32-stubs,1.20.0.post4
7,stm32,,1.20.0,2026-03-01,micropython-stm32-stubs,1.20.0.post5
5,stm32,,1.21.0,2026-03-01,micropython-stm32-stubs,1.21.0.post1
6,stm32,,1.21.0,2026-03-01,micropython-stm32-stubs,1.21.0.post2
6,stm32,,1.22.0,2026-03-01,micropython-stm32-stubs,1.22.0.post1
4,stm32,,1.23.0,2026-03-01,micropython-stm32-stubs,1.23.0.post1
5,stm32,,1.23.0,2026-03-01,micropython-stm32-stubs,1.23.0.post2
4,stm32,,1.24.1,2026-03-01,micropython-stm32-stubs,1.24.1.post1
4,stm32,,1.24.1,2026-03-01,micropython-stm32-stubs,1.24.1.post2
4,stm32,,1.25.0,2026-03-01,micropython-stm32-stubs,1.25.0.post1
3,stm32,,1.25.0,2026-03-01,micropython-stm32-stubs,1.25.0.post2
5,stm32,,1.25.0,2026-03-01,micropython-stm32-stubs,1.25.0.post3
42,stm32,,1.26.0,2026-03-01,micropython-stm32-stubs,1.26.0.post1
798,stm32,,1.27.0,2026-03-01,micropython-stm32-stubs,1.27.0.post1
6,unix,,1.20.0,2026-03-01,micropython-unix-stubs,1.20.0.post1
7,unix,,1.21.0,2026-03-01,micropython-unix-stubs,1.21.0.post1
8,unix,,1.24.1,2026-03-01,micropython-unix-stubs,1.24.1.post1
7,unix,,1.24.1,2026-03-01,micropython-unix-stubs,1.24.1.post2
7,unix,,1.25.0,2026-03-01,micropython-unix-stubs,1.25.0.post1
65,unix,,1.26.0,2026-03-01,micropython-unix-stubs,1.26.0.post1
7,webassembly,,1.21.0,2026-03-01,micropython-webassembly-stubs,1.21.0.post1
8,webassembly,,1.21.0,2026-03-01,micropython-webassembly-stubs,1.21.0.post2
7,webassembly,,1.24.1,2026-03-01,micropython-webassembly-stubs,1.24.1.post1
7,webassembly,,1.24.1,2026-03-01,micropython-webassembly-stubs,1.24.1.post2
8,webassembly,,1.25.0,2026-03-01,micropython-webassembly-stubs,1.25.0.post1
6,webassembly,,1.25.0,2026-03-01,micropython-webassembly-stubs,1.25.0.post2
8,webassembly,,1.26.0,2026-03-01,micropython-webassembly-stubs,1.26.0.post1
17,webassembly,,1.26.0,2026-03-01,micropython-webassembly-stubs,1.26.0.post2
6,windows,,1.20.0,2026-03-01,micropython-windows-stubs,1.20.0.post1
5,windows,,1.21.0,2026-03-01,micropython-windows-stubs,1.21.0.post1
5,windows,,1.24.1,2026-03-01,micropython-windows-stubs,1.24.1.post1
5,windows,,1.24.1,2026-03-01,micropython-windows-stubs,1.24.1.post2
7,windows,,1.24.1,2026-03-01,micropython-windows-stubs,1.24.1.post3
6,windows,,1.25.0,2026-03-01,micropython-windows-stubs,1.25.0.post1
16,windows,,1.26.0,2026-03-01,micropython-windows-stubs,1.26.0.post1
2,esp32,esp32-generic-c3,1.23.0,2026-04-01,micropython-esp32-esp32-generic-c3-stubs,1.23.0.post1
4,esp32,esp32-generic-c3,1.23.0,2026-04-01,micropython-esp32-esp32-generic-c3-stubs,1.23.0.post2
39,esp32,esp32-generic-c3,1.27.0,2026-04-01,micropython-esp32-esp32-generic-c3-stubs,1.27.0.post1
116,esp32,esp32-generic-c3,1.28.0,2026-04-01,micropython-esp32-esp32-generic-c3-stubs,1.28.0.post1
115,esp32,esp32-generic-c3,1.28.0,2026-04-01,micropython-esp32-esp32-generic-c3-stubs,1.28.0.post2
89,esp32,esp32-generic-c3,1.28.0,2026-04-01,micropython-esp32-esp32-generic-c3-stubs,1.28.0.post3
103,esp32,esp32-generic-c5,1.28.0,2026-04-01,micropython-esp32-esp32-generic-c5-stubs,1.28.0.post1
2,esp32,esp32-generic-c6,1.24.1,2026-04-01,micropython-esp32-esp32-generic-c6-stubs,1.24.1.post1
2,esp32,esp32-generic-c6,1.24.1,2026-04-01,micropython-esp32-esp32-generic-c6-stubs,1.24.1.post2
2,esp32,esp32-generic-c6,1.25.0,2026-04-01,micropython-esp32-esp32-generic-c6-stubs,1.25.0.post1
2,esp32,esp32-generic-c6,1.25.0,2026-04-01,micropython-esp32-esp32-generic-c6-stubs,1.25.0.post2
2,esp32,esp32-generic-c6,1.25.0,2026-04-01,micropython-esp32-esp32-generic-c6-stubs,1.25.0.post3
2,esp32,esp32-generic-c6,1.25.0,2026-04-01,micropython-esp32-esp32-generic-c6-stubs,1.25.0.post4
2,esp32,esp32-generic-c6,1.26.0,2026-04-01,micropython-esp32-esp32-generic-c6-stubs,1.26.0.post1
30,esp32,esp32-generic-c6,1.27.0,2026-04-01,micropython-esp32-esp32-generic-c6-stubs,1.27.0.post1
117,esp32,esp32-generic-c6,1.28.0,2026-04-01,micropython-esp32-esp32-generic-c6-stubs,1.28.0.post1
113,esp32,esp32-generic-c6,1.28.0,2026-04-01,micropython-esp32-esp32-generic-c6-stubs,1.28.0.post2
92,esp32,esp32-generic-c6,1.28.0,2026-04-01,micropython-esp32-esp32-generic-c6-stubs,1.28.0.post3
1,esp32,esp32-generic-s2,1.25.0,2026-04-01,micropython-esp32-esp32-generic-s2-stubs,1.25.0.post3
3,esp32,esp32-generic-s2,1.25.0,2026-04-01,micropython-esp32-esp32-generic-s2-stubs,1.25.0.post4
1,esp32,esp32-generic-s2,1.26.0,2026-04-01,micropython-esp32-esp32-generic-s2-stubs,1.26.0.post1
17,esp32,esp32-generic-s2,1.27.0,2026-04-01,micropython-esp32-esp32-generic-s2-stubs,1.27.0.post1
119,esp32,esp32-generic-s2,1.28.0,2026-04-01,micropython-esp32-esp32-generic-s2-stubs,1.28.0.post1
112,esp32,esp32-generic-s2,1.28.0,2026-04-01,micropython-esp32-esp32-generic-s2-stubs,1.28.0.post2
97,esp32,esp32-generic-s2,1.28.0,2026-04-01,micropython-esp32-esp32-generic-s2-stubs,1.28.0.post3
2,esp32,esp32-generic-s3,1.22.0,2026-04-01,micropython-esp32-esp32-generic-s3-stubs,1.22.0.post1
2,esp32,esp32-generic-s3,1.23.0,2026-04-01,micropython-esp32-esp32-generic-s3-stubs,1.23.0.post1
2,esp32,esp32-generic-s3,1.23.0,2026-04-01,micropython-esp32-esp32-generic-s3-stubs,1.23.0.post2
5,esp32,esp32-generic-s3,1.24.1,2026-04-01,micropython-esp32-esp32-generic-s3-stubs,1.24.1.post1
12,esp32,esp32-generic-s3,1.24.1,2026-04-01,micropython-esp32-esp32-generic-s3-stubs,1.24.1.post2
6,esp32,esp32-generic-s3,1.26.0,2026-04-01,micropython-esp32-esp32-generic-s3-stubs,1.26.0.post1
360,esp32,esp32-generic-s3,1.27.0,2026-04-01,micropython-esp32-esp32-generic-s3-stubs,1.27.0.post1
124,esp32,esp32-generic-s3,1.28.0,2026-04-01,micropython-esp32-esp32-generic-s3-stubs,1.28.0.post1
132,esp32,esp32-generic-s3,1.28.0,2026-04-01,micropython-esp32-esp32-generic-s3-stubs,1.28.0.post2
109,esp32,esp32-generic-s3,1.28.0,2026-04-01,micropython-esp32-esp32-generic-s3-stubs,1.28.0.post3
2,esp32,esp32-generic,1.21.0,2026-04-01,micropython-esp32-esp32-generic-stubs,1.21.0.post1
4,esp32,esp32-generic,1.21.0,2026-04-01,micropython-esp32-esp32-generic-stubs,1.21.0.post2
8,esp32,esp32-generic,1.22.0,2026-04-01,micropython-esp32-esp32-generic-stubs,1.22.0.post1
2,esp32,esp32-generic,1.23.0,2026-04-01,micropython-esp32-esp32-generic-stubs,1.23.0.post1
2,esp32,esp32-generic,1.23.0,2026-04-01,micropython-esp32-esp32-generic-stubs,1.23.0.post2
3,esp32,esp32-generic,1.24.1,2026-04-01,micropython-esp32-esp32-generic-stubs,1.24.1.post1
2,esp32,esp32-generic,1.24.1,2026-04-01,micropython-esp32-esp32-generic-stubs,1.24.1.post2
2,esp32,esp32-generic,1.25.0,2026-04-01,micropython-esp32-esp32-generic-stubs,1.25.0.post1
2,esp32,esp32-generic,1.25.0,2026-04-01,micropython-esp32-esp32-generic-stubs,1.25.0.post2
2,esp32,esp32-generic,1.25.0,2026-04-01,micropython-esp32-esp32-generic-stubs,1.25.0.post3
2,esp32,esp32-generic,1.25.0,2026-04-01,micropython-esp32-esp32-generic-stubs,1.25.0.post4
2,esp32,esp32-generic,1.25.0,2026-04-01,micropython-esp32-esp32-generic-stubs,1.25.0.post5
2,esp32,esp32-generic,1.26.0,2026-04-01,micropython-esp32-esp32-generic-stubs,1.26.0.post1
69,esp32,esp32-generic,1.27.0,2026-04-01,micropython-esp32-esp32-generic-stubs,1.27.0.post1
116,esp32,esp32-generic,1.28.0,2026-04-01,micropython-esp32-esp32-generic-stubs,1.28.0.post1
120,esp32,esp32-generic,1.28.0,2026-04-01,micropython-esp32-esp32-generic-stubs,1.28.0.post2
87,esp32,esp32-generic,1.28.0,2026-04-01,micropython-esp32-esp32-generic-stubs,1.28.0.post3
66,esp32,generic-ota,1.20.0,2026-04-01,micropython-esp32-generic-ota-stubs,1.20.0.post1
70,esp32,generic-ota,1.20.0,2026-04-01,micropython-esp32-generic-ota-stubs,1.20.0.post2
1,esp32,generic-s3,1.19.1,2026-04-01,micropython-esp32-generic-s3-stubs,1.19.1.post1
1,esp32,generic-s3,1.20.0,2026-04-01,micropython-esp32-generic-s3-stubs,1.20.0.post1
20,esp32,generic-s3,1.20.0,2026-04-01,micropython-esp32-generic-s3-stubs,1.20.0.post2
7,esp32,generic-spiram,1.19.1,2026-04-01,micropython-esp32-generic-spiram-stubs,1.19.1.post1
2,esp32,ota,1.20.0,2026-04-01,micropython-esp32-ota-stubs,1.20.0.post1
9,esp32,ota,1.20.0,2026-04-01,micropython-esp32-ota-stubs,1.20.0.post2
2,esp32,s3,1.19.1,2026-04-01,micropython-esp32-s3-stubs,1.19.1.post1
32,esp32,s3,1.20.0,2026-04-01,micropython-esp32-s3-stubs,1.20.0.post1
3,esp32,,1.17,2026-04-01,micropython-esp32-stubs,1.17.post1
3,esp32,,1.17,2026-04-01,micropython-esp32-stubs,1.17.post2
3,esp32,,1.17,2026-04-01,micropython-esp32-stubs,1.17.post3
6,esp32,,1.18,2026-04-01,micropython-esp32-stubs,1.18.post1
3,esp32,,1.18,2026-04-01,micropython-esp32-stubs,1.18.post2
7,esp32,,1.18,2026-04-01,micropython-esp32-stubs,1.18.post3
3,esp32,,1.19.1,2026-04-01,micropython-esp32-stubs,1.19.1.post10
4,esp32,,1.19.1,2026-04-01,micropython-esp32-stubs,1.19.1.post11
4,esp32,,1.19.1,2026-04-01,micropython-esp32-stubs,1.19.1.post12
4,esp32,,1.19.1,2026-04-01,micropython-esp32-stubs,1.19.1.post13
2,esp32,,1.19.1,2026-04-01,micropython-esp32-stubs,1.19.1.post14
4,esp32,,1.19.1,2026-04-01,micropython-esp32-stubs,1.19.1.post15
4,esp32,,1.19.1,2026-04-01,micropython-esp32-stubs,1.19.1.post2
3,esp32,,1.19.1,2026-04-01,micropython-esp32-stubs,1.19.1.post3
3,esp32,,1.19.1,2026-04-01,micropython-esp32-stubs,1.19.1.post4
3,esp32,,1.19.1,2026-04-01,micropython-esp32-stubs,1.19.1.post5
3,esp32,,1.19.1,2026-04-01,micropython-esp32-stubs,1.19.1.post6
3,esp32,,1.19.1,2026-04-01,micropython-esp32-stubs,1.19.1.post7
3,esp32,,1.19.1,2026-04-01,micropython-esp32-stubs,1.19.1.post8
3,esp32,,1.19.1,2026-04-01,micropython-esp32-stubs,1.19.1.post9
3,esp32,,1.20.0,2026-04-01,micropython-esp32-stubs,1.20.0.post1
6,esp32,,1.20.0,2026-04-01,micropython-esp32-stubs,1.20.0.post2
2,esp32,,1.20.0,2026-04-01,micropython-esp32-stubs,1.20.0.post3
3,esp32,,1.20.0,2026-04-01,micropython-esp32-stubs,1.20.0.post4
19,esp32,,1.20.0,2026-04-01,micropython-esp32-stubs,1.20.0.post5
2,esp32,,1.21.0,2026-04-01,micropython-esp32-stubs,1.21.0.post1
2,esp32,,1.21.0,2026-04-01,micropython-esp32-stubs,1.21.0.post2
2,esp32,,1.21.0,2026-04-01,micropython-esp32-stubs,1.21.0.post3
2,esp32,,1.21.0,2026-04-01,micropython-esp32-stubs,1.21.0.post4
2,esp32,,,2026-04-01,micropython-esp32-stubs,1.21.0a489
2,esp32,,1.22.0,2026-04-01,micropython-esp32-stubs,1.22.0.post1
2,esp32,,1.23.0,2026-04-01,micropython-esp32-stubs,1.23.0.post1
4,esp32,,1.23.0,2026-04-01,micropython-esp32-stubs,1.23.0.post2
4,esp32,,,2026-04-01,micropython-esp32-stubs,1.23.0a87
5,esp32,,1.24.1,2026-04-01,micropython-esp32-stubs,1.24.1.post1
7,esp32,,1.24.1,2026-04-01,micropython-esp32-stubs,1.24.1.post2
7,esp32,,1.25.0,2026-04-01,micropython-esp32-stubs,1.25.0.post1
9,esp32,,1.25.0,2026-04-01,micropython-esp32-stubs,1.25.0.post2
3,esp32,,1.25.0,2026-04-01,micropython-esp32-stubs,1.25.0.post3
5,esp32,,1.25.0,2026-04-01,micropython-esp32-stubs,1.25.0.post4
7,esp32,,1.25.0,2026-04-01,micropython-esp32-stubs,1.25.0.post5
189,esp32,,1.26.0,2026-04-01,micropython-esp32-stubs,1.26.0.post1
1177,esp32,,1.27.0,2026-04-01,micropython-esp32-stubs,1.27.0.post1
370,esp32,,1.28.0,2026-04-01,micropython-esp32-stubs,1.28.0.post1
531,esp32,,1.28.0,2026-04-01,micropython-esp32-stubs,1.28.0.post2
336,esp32,,1.28.0,2026-04-01,micropython-esp32-stubs,1.28.0.post3
3,esp32,um-tinypico,1.19.1,2026-04-01,micropython-esp32-um-tinypico-stubs,1.19.1.post2
3,esp32,um-tinypico,1.19.1,2026-04-01,micropython-esp32-um-tinypico-stubs,1.19.1.post3
3,esp32,um-tinypico,1.19.1,2026-04-01,micropython-esp32-um-tinypico-stubs,1.19.1.post4
3,esp32,um-tinypico,1.19.1,2026-04-01,micropython-esp32-um-tinypico-stubs,1.19.1.post5
3,esp32,um-tinypico,1.19.1,2026-04-01,micropython-esp32-um-tinypico-stubs,1.19.1.post6
4,esp32,um-tinypico,1.19.1,2026-04-01,micropython-esp32-um-tinypico-stubs,1.19.1.post7
9,esp32,um-tinypico,1.19.1,2026-04-01,micropython-esp32-um-tinypico-stubs,1.19.1.post8
2,esp8266,esp8266-generic,1.23.0,2026-04-01,micropython-esp8266-esp8266-generic-stubs,1.23.0.post1
4,esp8266,esp8266-generic,1.23.0,2026-04-01,micropython-esp8266-esp8266-generic-stubs,1.23.0.post2
2,esp8266,esp8266-generic,1.25.0,2026-04-01,micropython-esp8266-esp8266-generic-stubs,1.25.0.post1
4,esp8266,esp8266-generic,1.25.0,2026-04-01,micropython-esp8266-esp8266-generic-stubs,1.25.0.post2
2,esp8266,esp8266-generic,1.25.0,2026-04-01,micropython-esp8266-esp8266-generic-stubs,1.25.0.post3
5,esp8266,esp8266-generic,1.25.0,2026-04-01,micropython-esp8266-esp8266-generic-stubs,1.25.0.post4
6,esp8266,esp8266-generic,1.26.0,2026-04-01,micropython-esp8266-esp8266-generic-stubs,1.26.0.post1
24,esp8266,esp8266-generic,1.27.0,2026-04-01,micropython-esp8266-esp8266-generic-stubs,1.27.0.post1
119,esp8266,esp8266-generic,1.28.0,2026-04-01,micropython-esp8266-esp8266-generic-stubs,1.28.0.post1
114,esp8266,esp8266-generic,1.28.0,2026-04-01,micropython-esp8266-esp8266-generic-stubs,1.28.0.post2
92,esp8266,esp8266-generic,1.28.0,2026-04-01,micropython-esp8266-esp8266-generic-stubs,1.28.0.post3
3,esp8266,,1.17,2026-04-01,micropython-esp8266-stubs,1.17.post1
4,esp8266,,1.17,2026-04-01,micropython-esp8266-stubs,1.17.post2
6,esp8266,,1.17,2026-04-01,micropython-esp8266-stubs,1.17.post3
4,esp8266,,1.18,2026-04-01,micropython-esp8266-stubs,1.18.post1
4,esp8266,,1.18,2026-04-01,micropython-esp8266-stubs,1.18.post2
3,esp8266,,1.18,2026-04-01,micropython-esp8266-stubs,1.18.post3
8,esp8266,,1.18,2026-04-01,micropython-esp8266-stubs,1.18.post4
3,esp8266,,1.19.1,2026-04-01,micropython-esp8266-stubs,1.19.1.post1
4,esp8266,,1.19.1,2026-04-01,micropython-esp8266-stubs,1.19.1.post10
2,esp8266,,1.19.1,2026-04-01,micropython-esp8266-stubs,1.19.1.post11
5,esp8266,,1.19.1,2026-04-01,micropython-esp8266-stubs,1.19.1.post12
4,esp8266,,1.19.1,2026-04-01,micropython-esp8266-stubs,1.19.1.post2
4,esp8266,,1.19.1,2026-04-01,micropython-esp8266-stubs,1.19.1.post3
4,esp8266,,1.19.1,2026-04-01,micropython-esp8266-stubs,1.19.1.post4
3,esp8266,,1.19.1,2026-04-01,micropython-esp8266-stubs,1.19.1.post5
4,esp8266,,1.19.1,2026-04-01,micropython-esp8266-stubs,1.19.1.post6
5,esp8266,,1.19.1,2026-04-01,micropython-esp8266-stubs,1.19.1.post7
4,esp8266,,1.19.1,2026-04-01,micropython-esp8266-stubs,1.19.1.post8
2,esp8266,,1.19.1,2026-04-01,micropython-esp8266-stubs,1.19.1.post9
1,esp8266,,1.23.0,2026-04-01,micropython-esp8266-stubs,1.23.0.post1
3,esp8266,,1.23.0,2026-04-01,micropython-esp8266-stubs,1.23.0.post2
6,esp8266,,1.24.1,2026-04-01,micropython-esp8266-stubs,1.24.1.post1
3,esp8266,,1.25.0,2026-04-01,micropython-esp8266-stubs,1.25.0.post1
4,esp8266,,1.25.0,2026-04-01,micropython-esp8266-stubs,1.25.0.post2
6,esp8266,,1.25.0,2026-04-01,micropython-esp8266-stubs,1.25.0.post3
6,esp8266,,1.25.0,2026-04-01,micropython-esp8266-stubs,1.25.0.post4
8,esp8266,,1.26.0,2026-04-01,micropython-esp8266-stubs,1.26.0.post1
49,esp8266,,1.27.0,2026-04-01,micropython-esp8266-stubs,1.27.0.post1
121,esp8266,,1.28.0,2026-04-01,micropython-esp8266-stubs,1.28.0.post1
137,esp8266,,1.28.0,2026-04-01,micropython-esp8266-stubs,1.28.0.post2
97,esp8266,,1.28.0,2026-04-01,micropython-esp8266-stubs,1.28.0.post3
12,mimxrt,mimxrt1010-evk,1.26.1,2026-04-01,micropython-mimxrt-mimxrt1010-evk-stubs,1.26.1.post1
12,mimxrt,seeed-arch-mix,1.26.1,2026-04-01,micropython-mimxrt-seeed-arch-mix-stubs,1.26.1.post1
10,mimxrt,,1.26.1,2026-04-01,micropython-mimxrt-stubs,1.26.1.post1
4,rp2,arduino-nano-rp2040-connect,1.22.0,2026-04-01,micropython-rp2-arduino-nano-rp2040-connect-stubs,1.22.0.post1
3,rp2,arduino-nano-rp2040-connect,1.22.1,2026-04-01,micropython-rp2-arduino-nano-rp2040-connect-stubs,1.22.1.post1
3,rp2,arduino-nano-rp2040-connect,1.22.1,2026-04-01,micropython-rp2-arduino-nano-rp2040-connect-stubs,1.22.1.post2
3,rp2,arduino-nano-rp2040-connect,1.24.1,2026-04-01,micropython-rp2-arduino-nano-rp2040-connect-stubs,1.24.1.post1
16,rp2,arduino-nano-rp2040-connect,1.24.1,2026-04-01,micropython-rp2-arduino-nano-rp2040-connect-stubs,1.24.1.post2
120,rp2,arduino-nano-rp2040-connect,1.28.0,2026-04-01,micropython-rp2-arduino-nano-rp2040-connect-stubs,1.28.0.post1
112,rp2,arduino-nano-rp2040-connect,1.28.0,2026-04-01,micropython-rp2-arduino-nano-rp2040-connect-stubs,1.28.0.post2
97,rp2,arduino-nano-rp2040-connect,1.28.0,2026-04-01,micropython-rp2-arduino-nano-rp2040-connect-stubs,1.28.0.post3
4,rp2,pico,1.20.0,2026-04-01,micropython-rp2-pico-stubs,1.20.0.post1
4,rp2,pico,1.20.0,2026-04-01,micropython-rp2-pico-stubs,1.20.0.post2
2,rp2,pico,1.20.0,2026-04-01,micropython-rp2-pico-stubs,1.20.0.post3
2,rp2,pico,1.20.0,2026-04-01,micropython-rp2-pico-stubs,1.20.0.post4
480,rp2,pico,1.20.0,2026-04-01,micropython-rp2-pico-stubs,1.20.0.post5
3,rp2,pico-w,1.20.0,2026-04-01,micropython-rp2-pico-w-stubs,1.20.0.post1
3,rp2,pico-w,1.20.0,2026-04-01,micropython-rp2-pico-w-stubs,1.20.0.post2
1,rp2,pico-w,1.20.0,2026-04-01,micropython-rp2-pico-w-stubs,1.20.0.post3
1,rp2,pico-w,1.20.0,2026-04-01,micropython-rp2-pico-w-stubs,1.20.0.post4
93,rp2,pico-w,1.20.0,2026-04-01,micropython-rp2-pico-w-stubs,1.20.0.post5
4,rp2,pimoroni-picolipo-16mb,1.20.0,2026-04-01,micropython-rp2-pimoroni-picolipo-16mb-stubs,1.20.0.post1
5,rp2,pimoroni-picolipo-16mb,1.20.0,2026-04-01,micropython-rp2-pimoroni-picolipo-16mb-stubs,1.20.0.post2
5,rp2,pimoroni-picolipo-16mb,1.20.0,2026-04-01,micropython-rp2-pimoroni-picolipo-16mb-stubs,1.20.0.post3
12,rp2,pimoroni-picolipo-16mb,1.22.0,2026-04-01,micropython-rp2-pimoroni-picolipo-16mb-stubs,1.22.0.post1
3,rp2,pimoroni-picolipo,1.26.0,2026-04-01,micropython-rp2-pimoroni-picolipo-stubs,1.26.0.post1
18,rp2,pimoroni-picolipo,1.27.0,2026-04-01,micropython-rp2-pimoroni-picolipo-stubs,1.27.0.post1
4,rp2,rpi-pico,1.21.0,2026-04-01,micropython-rp2-rpi-pico-stubs,1.21.0.post1
5,rp2,rpi-pico,1.21.0,2026-04-01,micropython-rp2-rpi-pico-stubs,1.21.0.post2
4,rp2,rpi-pico,1.21.0,2026-04-01,micropython-rp2-rpi-pico-stubs,1.21.0.post3
5,rp2,rpi-pico,1.22.0,2026-04-01,micropython-rp2-rpi-pico-stubs,1.22.0.post1
3,rp2,rpi-pico,1.22.1,2026-04-01,micropython-rp2-rpi-pico-stubs,1.22.1.post1
6,rp2,rpi-pico,1.22.1,2026-04-01,micropython-rp2-rpi-pico-stubs,1.22.1.post2
2,rp2,rpi-pico,1.23.0,2026-04-01,micropython-rp2-rpi-pico-stubs,1.23.0.post1
11,rp2,rpi-pico,1.23.0,2026-04-01,micropython-rp2-rpi-pico-stubs,1.23.0.post2
7,rp2,rpi-pico,1.24.1,2026-04-01,micropython-rp2-rpi-pico-stubs,1.24.1.post1
7,rp2,rpi-pico,1.24.1,2026-04-01,micropython-rp2-rpi-pico-stubs,1.24.1.post2
5,rp2,rpi-pico,1.25.0,2026-04-01,micropython-rp2-rpi-pico-stubs,1.25.0.post1
4,rp2,rpi-pico,1.25.0,2026-04-01,micropython-rp2-rpi-pico-stubs,1.25.0.post2
13,rp2,rpi-pico,1.25.0,2026-04-01,micropython-rp2-rpi-pico-stubs,1.25.0.post3
6,rp2,rpi-pico,1.26.0,2026-04-01,micropython-rp2-rpi-pico-stubs,1.26.0.post1
62,rp2,rpi-pico,1.27.0,2026-04-01,micropython-rp2-rpi-pico-stubs,1.27.0.post1
121,rp2,rpi-pico,1.28.0,2026-04-01,micropython-rp2-rpi-pico-stubs,1.28.0.post1
113,rp2,rpi-pico,1.28.0,2026-04-01,micropython-rp2-rpi-pico-stubs,1.28.0.post2
99,rp2,rpi-pico,1.28.0,2026-04-01,micropython-rp2-rpi-pico-stubs,1.28.0.post3
2,rp2,rpi-pico-w,1.21.0,2026-04-01,micropython-rp2-rpi-pico-w-stubs,1.21.0.post1
2,rp2,rpi-pico-w,1.21.0,2026-04-01,micropython-rp2-rpi-pico-w-stubs,1.21.0.post2
4,rp2,rpi-pico-w,1.21.0,2026-04-01,micropython-rp2-rpi-pico-w-stubs,1.21.0.post3
7,rp2,rpi-pico-w,1.22.0,2026-04-01,micropython-rp2-rpi-pico-w-stubs,1.22.0.post1
2,rp2,rpi-pico-w,1.22.1,2026-04-01,micropython-rp2-rpi-pico-w-stubs,1.22.1.post1
6,rp2,rpi-pico-w,1.22.1,2026-04-01,micropython-rp2-rpi-pico-w-stubs,1.22.1.post2
3,rp2,rpi-pico-w,1.23.0,2026-04-01,micropython-rp2-rpi-pico-w-stubs,1.23.0.post1
6,rp2,rpi-pico-w,1.23.0,2026-04-01,micropython-rp2-rpi-pico-w-stubs,1.23.0.post2
3,rp2,rpi-pico-w,1.24.1,2026-04-01,micropython-rp2-rpi-pico-w-stubs,1.24.1.post1
4,rp2,rpi-pico-w,1.24.1,2026-04-01,micropython-rp2-rpi-pico-w-stubs,1.24.1.post2
3,rp2,rpi-pico-w,1.25.0,2026-04-01,micropython-rp2-rpi-pico-w-stubs,1.25.0.post1
2,rp2,rpi-pico-w,1.25.0,2026-04-01,micropython-rp2-rpi-pico-w-stubs,1.25.0.post2
2,rp2,rpi-pico-w,1.25.0,2026-04-01,micropython-rp2-rpi-pico-w-stubs,1.25.0.post3
12,rp2,rpi-pico-w,1.25.0,2026-04-01,micropython-rp2-rpi-pico-w-stubs,1.25.0.post4
151,rp2,rpi-pico-w,1.26.0,2026-04-01,micropython-rp2-rpi-pico-w-stubs,1.26.0.post1
155,rp2,rpi-pico-w,1.28.0,2026-04-01,micropython-rp2-rpi-pico-w-stubs,1.28.0.post1
163,rp2,rpi-pico-w,1.28.0,2026-04-01,micropython-rp2-rpi-pico-w-stubs,1.28.0.post2
98,rp2,rpi-pico-w,1.28.0,2026-04-01,micropython-rp2-rpi-pico-w-stubs,1.28.0.post3
2,rp2,rpi-pico2,1.24.1,2026-04-01,micropython-rp2-rpi-pico2-stubs,1.24.1.post1
6,rp2,rpi-pico2,1.24.1,2026-04-01,micropython-rp2-rpi-pico2-stubs,1.24.1.post2
2,rp2,rpi-pico2,1.25.0,2026-04-01,micropython-rp2-rpi-pico2-stubs,1.25.0.post1
2,rp2,rpi-pico2,1.25.0,2026-04-01,micropython-rp2-rpi-pico2-stubs,1.25.0.post2
6,rp2,rpi-pico2,1.25.0,2026-04-01,micropython-rp2-rpi-pico2-stubs,1.25.0.post3
16,rp2,rpi-pico2,1.26.0,2026-04-01,micropython-rp2-rpi-pico2-stubs,1.26.0.post1
24,rp2,rpi-pico2,1.27.0,2026-04-01,micropython-rp2-rpi-pico2-stubs,1.27.0.post1
117,rp2,rpi-pico2,1.28.0,2026-04-01,micropython-rp2-rpi-pico2-stubs,1.28.0.post1
104,rp2,rpi-pico2,1.28.0,2026-04-01,micropython-rp2-rpi-pico2-stubs,1.28.0.post2
94,rp2,rpi-pico2,1.28.0,2026-04-01,micropython-rp2-rpi-pico2-stubs,1.28.0.post3
2,rp2,rpi-pico2-w,1.25.0,2026-04-01,micropython-rp2-rpi-pico2-w-stubs,1.25.0.post1
2,rp2,rpi-pico2-w,1.25.0,2026-04-01,micropython-rp2-rpi-pico2-w-stubs,1.25.0.post2
15,rp2,rpi-pico2-w,1.25.0,2026-04-01,micropython-rp2-rpi-pico2-w-stubs,1.25.0.post3
8,rp2,rpi-pico2-w,1.25.0,2026-04-01,micropython-rp2-rpi-pico2-w-stubs,1.25.0.post4
79,rp2,rpi-pico2-w,1.26.0,2026-04-01,micropython-rp2-rpi-pico2-w-stubs,1.26.0.post1
32,rp2,rpi-pico2-w,1.27.0,2026-04-01,micropython-rp2-rpi-pico2-w-stubs,1.27.0.post1
114,rp2,rpi-pico2-w,1.28.0,2026-04-01,micropython-rp2-rpi-pico2-w-stubs,1.28.0.post1
108,rp2,rpi-pico2-w,1.28.0,2026-04-01,micropython-rp2-rpi-pico2-w-stubs,1.28.0.post2
94,rp2,rpi-pico2-w,1.28.0,2026-04-01,micropython-rp2-rpi-pico2-w-stubs,1.28.0.post3
3,rp2,,1.17,2026-04-01,micropython-rp2-stubs,1.17.post1
4,rp2,,1.17,2026-04-01,micropython-rp2-stubs,1.17.post2
4,rp2,,1.17,2026-04-01,micropython-rp2-stubs,1.17.post3
3,rp2,,1.18,2026-04-01,micropython-rp2-stubs,1.18.post1
3,rp2,,1.18,2026-04-01,micropython-rp2-stubs,1.18.post2
3,rp2,,1.18,2026-04-01,micropython-rp2-stubs,1.18.post3
3,rp2,,1.19.1,2026-04-01,micropython-rp2-stubs,1.19.1.post10
3,rp2,,1.19.1,2026-04-01,micropython-rp2-stubs,1.19.1.post11
3,rp2,,1.19.1,2026-04-01,micropython-rp2-stubs,1.19.1.post12
2,rp2,,1.19.1,2026-04-01,micropython-rp2-stubs,1.19.1.post13
4,rp2,,1.19.1,2026-04-01,micropython-rp2-stubs,1.19.1.post14
5,rp2,,1.19.1,2026-04-01,micropython-rp2-stubs,1.19.1.post6
4,rp2,,1.19.1,2026-04-01,micropython-rp2-stubs,1.19.1.post7
4,rp2,,1.19.1,2026-04-01,micropython-rp2-stubs,1.19.1.post8
4,rp2,,1.19.1,2026-04-01,micropython-rp2-stubs,1.19.1.post9
3,rp2,,1.20.0,2026-04-01,micropython-rp2-stubs,1.20.0.post1
3,rp2,,1.20.0,2026-04-01,micropython-rp2-stubs,1.20.0.post2
2,rp2,,1.20.0,2026-04-01,micropython-rp2-stubs,1.20.0.post3
3,rp2,,1.20.0,2026-04-01,micropython-rp2-stubs,1.20.0.post4
4,rp2,,1.20.0,2026-04-01,micropython-rp2-stubs,1.20.0.post5
2,rp2,,1.21.0,2026-04-01,micropython-rp2-stubs,1.21.0.post1
3,rp2,,1.21.0,2026-04-01,micropython-rp2-stubs,1.21.0.post2
3,rp2,,1.22.0,2026-04-01,micropython-rp2-stubs,1.22.0.post1
3,rp2,,1.22.1,2026-04-01,micropython-rp2-stubs,1.22.1.post1
4,rp2,,1.22.1,2026-04-01,micropython-rp2-stubs,1.22.1.post2
2,rp2,,1.24.1,2026-04-01,micropython-rp2-stubs,1.24.1.post1
2,rp2,,1.24.1,2026-04-01,micropython-rp2-stubs,1.24.1.post2
3,rp2,,1.25.0,2026-04-01,micropython-rp2-stubs,1.25.0.post1
2,rp2,,1.25.0,2026-04-01,micropython-rp2-stubs,1.25.0.post2
2,rp2,,1.25.0,2026-04-01,micropython-rp2-stubs,1.25.0.post3
7,rp2,,1.26.0,2026-04-01,micropython-rp2-stubs,1.26.0.post1
243,rp2,,1.27.0,2026-04-01,micropython-rp2-stubs,1.27.0.post1
168,rp2,,1.28.0,2026-04-01,micropython-rp2-stubs,1.28.0.post1
204,rp2,,1.28.0,2026-04-01,micropython-rp2-stubs,1.28.0.post2
214,rp2,,1.28.0,2026-04-01,micropython-rp2-stubs,1.28.0.post3
122,rp2,waveshare-rp2040-zero,1.28.0,2026-04-01,micropython-rp2-waveshare-rp2040-zero-stubs,1.28.0.post1
121,rp2,waveshare-rp2040-zero,1.28.0,2026-04-01,micropython-rp2-waveshare-rp2040-zero-stubs,1.28.0.post2
86,rp2,waveshare-rp2040-zero,1.28.0,2026-04-01,micropython-rp2-waveshare-rp2040-zero-stubs,1.28.0.post3
3,samd,adafruit-feather-m4-express,1.20.0,2026-04-01,micropython-samd-adafruit-feather-m4-express-stubs,1.20.0.post1
1,samd,adafruit-feather-m4-express,1.20.0,2026-04-01,micropython-samd-adafruit-feather-m4-express-stubs,1.20.0.post2
1,samd,adafruit-feather-m4-express,1.20.0,2026-04-01,micropython-samd-adafruit-feather-m4-express-stubs,1.20.0.post3
42,samd,adafruit-feather-m4-express,1.20.0,2026-04-01,micropython-samd-adafruit-feather-m4-express-stubs,1.20.0.post4
4,samd,adafruit-itsybitsy-m4-express,1.20.0,2026-04-01,micropython-samd-adafruit-itsybitsy-m4-express-stubs,1.20.0.post1
7,samd,adafruit-itsybitsy-m4-express,1.20.0,2026-04-01,micropython-samd-adafruit-itsybitsy-m4-express-stubs,1.20.0.post2
2,samd,adafruit-itsybitsy-m4-express,1.20.0,2026-04-01,micropython-samd-adafruit-itsybitsy-m4-express-stubs,1.20.0.post3
34,samd,adafruit-itsybitsy-m4-express,1.20.0,2026-04-01,micropython-samd-adafruit-itsybitsy-m4-express-stubs,1.20.0.post4
4,samd,minisam-m4,1.20.0,2026-04-01,micropython-samd-minisam-m4-stubs,1.20.0.post1
1,samd,minisam-m4,1.20.0,2026-04-01,micropython-samd-minisam-m4-stubs,1.20.0.post2
2,samd,minisam-m4,1.20.0,2026-04-01,micropython-samd-minisam-m4-stubs,1.20.0.post3
7,samd,minisam-m4,1.20.0,2026-04-01,micropython-samd-minisam-m4-stubs,1.20.0.post4
5,samd,seeed-wio-terminal,1.20.0,2026-04-01,micropython-samd-seeed-wio-terminal-stubs,1.20.0.post1
4,samd,seeed-wio-terminal,1.20.0,2026-04-01,micropython-samd-seeed-wio-terminal-stubs,1.20.0.post2
2,samd,seeed-wio-terminal,1.20.0,2026-04-01,micropython-samd-seeed-wio-terminal-stubs,1.20.0.post3
2,samd,seeed-wio-terminal,1.20.0,2026-04-01,micropython-samd-seeed-wio-terminal-stubs,1.20.0.post4
2,samd,seeed-wio-terminal,1.20.0,2026-04-01,micropython-samd-seeed-wio-terminal-stubs,1.20.0.post5
2,samd,seeed-wio-terminal,1.21.0,2026-04-01,micropython-samd-seeed-wio-terminal-stubs,1.21.0.post1
2,samd,seeed-wio-terminal,1.21.0,2026-04-01,micropython-samd-seeed-wio-terminal-stubs,1.21.0.post2
2,samd,seeed-wio-terminal,1.21.0,2026-04-01,micropython-samd-seeed-wio-terminal-stubs,1.21.0.post3
2,samd,seeed-wio-terminal,1.22.0,2026-04-01,micropython-samd-seeed-wio-terminal-stubs,1.22.0.post1
2,samd,seeed-wio-terminal,1.22.1,2026-04-01,micropython-samd-seeed-wio-terminal-stubs,1.22.1.post1
2,samd,seeed-wio-terminal,1.23.0,2026-04-01,micropython-samd-seeed-wio-terminal-stubs,1.23.0.post1
2,samd,seeed-wio-terminal,1.23.0,2026-04-01,micropython-samd-seeed-wio-terminal-stubs,1.23.0.post2
2,samd,seeed-wio-terminal,1.24.1,2026-04-01,micropython-samd-seeed-wio-terminal-stubs,1.24.1.post1
2,samd,seeed-wio-terminal,1.24.1,2026-04-01,micropython-samd-seeed-wio-terminal-stubs,1.24.1.post2
2,samd,seeed-wio-terminal,1.25.0,2026-04-01,micropython-samd-seeed-wio-terminal-stubs,1.25.0.post1
2,samd,seeed-wio-terminal,1.25.0,2026-04-01,micropython-samd-seeed-wio-terminal-stubs,1.25.0.post2
2,samd,seeed-wio-terminal,1.25.0,2026-04-01,micropython-samd-seeed-wio-terminal-stubs,1.25.0.post3
2,samd,seeed-wio-terminal,1.26.0,2026-04-01,micropython-samd-seeed-wio-terminal-stubs,1.26.0.post1
13,samd,seeed-wio-terminal,1.27.0,2026-04-01,micropython-samd-seeed-wio-terminal-stubs,1.27.0.post1
115,samd,seeed-wio-terminal,1.28.0,2026-04-01,micropython-samd-seeed-wio-terminal-stubs,1.28.0.post1
110,samd,seeed-wio-terminal,1.28.0,2026-04-01,micropython-samd-seeed-wio-terminal-stubs,1.28.0.post2
89,samd,seeed-wio-terminal,1.28.0,2026-04-01,micropython-samd-seeed-wio-terminal-stubs,1.28.0.post3
3,samd,,1.20.0,2026-04-01,micropython-samd-stubs,1.20.0.post1
3,samd,,1.20.0,2026-04-01,micropython-samd-stubs,1.20.0.post2
2,samd,,1.21.0,2026-04-01,micropython-samd-stubs,1.21.0.post1
4,samd,,1.21.0,2026-04-01,micropython-samd-stubs,1.21.0.post2
4,samd,,1.22.0,2026-04-01,micropython-samd-stubs,1.22.0.post1
3,samd,,1.22.1,2026-04-01,micropython-samd-stubs,1.22.1.post1
2,samd,,1.23.0,2026-04-01,micropython-samd-stubs,1.23.0.post1
3,samd,,1.23.0,2026-04-01,micropython-samd-stubs,1.23.0.post2
3,samd,,,2026-04-01,micropython-samd-stubs,1.23.0a87
3,samd,,1.24.1,2026-04-01,micropython-samd-stubs,1.24.1.post1
2,samd,,1.24.1,2026-04-01,micropython-samd-stubs,1.24.1.post2
2,samd,,1.25.0,2026-04-01,micropython-samd-stubs,1.25.0.post1
4,samd,,1.25.0,2026-04-01,micropython-samd-stubs,1.25.0.post2
3,samd,,1.25.0,2026-04-01,micropython-samd-stubs,1.25.0.post3
4,samd,,1.26.0,2026-04-01,micropython-samd-stubs,1.26.0.post1
215,samd,,1.27.0,2026-04-01,micropython-samd-stubs,1.27.0.post1
224,samd,,1.28.0,2026-04-01,micropython-samd-stubs,1.28.0.post1
197,samd,,1.28.0,2026-04-01,micropython-samd-stubs,1.28.0.post2
206,samd,,1.28.0,2026-04-01,micropython-samd-stubs,1.28.0.post3
6,stdlib,,,2026-04-01,micropython-stdlib-stubs,0.9.0
4,stdlib,,,2026-04-01,micropython-stdlib-stubs,1.0.0
3,stdlib,,,2026-04-01,micropython-stdlib-stubs,1.1.0
4,stdlib,,,2026-04-01,micropython-stdlib-stubs,1.1.1
8,stdlib,,,2026-04-01,micropython-stdlib-stubs,1.1.2
1,stdlib,,,2026-04-01,micropython-stdlib-stubs,1.1.2a0
8,stdlib,,,2026-04-01,micropython-stdlib-stubs,1.23.0
4,stdlib,,,2026-04-01,micropython-stdlib-stubs,1.24.1
14,stdlib,,1.24.1,2026-04-01,micropython-stdlib-stubs,1.24.1.post2
39,stdlib,,,2026-04-01,micropython-stdlib-stubs,1.25.0
1,stdlib,,1.26.0,2026-04-01,micropython-stdlib-stubs,1.26.0.post1
480,stdlib,,1.26.0,2026-04-01,micropython-stdlib-stubs,1.26.0.post3
253,stdlib,,,2026-04-01,micropython-stdlib-stubs,1.27.0
12,stdlib,,1.27.0,2026-04-01,micropython-stdlib-stubs,1.27.0.post1
2629,stdlib,,1.27.0,2026-04-01,micropython-stdlib-stubs,1.27.0.post2
201,stdlib,,1.28.0,2026-04-01,micropython-stdlib-stubs,1.28.0.post1
2080,stdlib,,1.28.0,2026-04-01,micropython-stdlib-stubs,1.28.0.post2
956,stdlib,,1.28.0,2026-04-01,micropython-stdlib-stubs,1.28.0.post4
4,stm32,pybv11,1.20.0,2026-04-01,micropython-stm32-pybv11-stubs,1.20.0.post1
3,stm32,pybv11,1.20.0,2026-04-01,micropython-stm32-pybv11-stubs,1.20.0.post2
2,stm32,pybv11,1.20.0,2026-04-01,micropython-stm32-pybv11-stubs,1.20.0.post3
4,stm32,pybv11,1.20.0,2026-04-01,micropython-stm32-pybv11-stubs,1.20.0.post4
2,stm32,pybv11,1.20.0,2026-04-01,micropython-stm32-pybv11-stubs,1.20.0.post5
4,stm32,pybv11,1.20.0,2026-04-01,micropython-stm32-pybv11-stubs,1.20.0.post6
2,stm32,pybv11,1.21.0,2026-04-01,micropython-stm32-pybv11-stubs,1.21.0.post1
2,stm32,pybv11,1.21.0,2026-04-01,micropython-stm32-pybv11-stubs,1.21.0.post2
6,stm32,pybv11,1.21.0,2026-04-01,micropython-stm32-pybv11-stubs,1.21.0.post3
3,stm32,pybv11,1.22.0,2026-04-01,micropython-stm32-pybv11-stubs,1.22.0.post1
5,stm32,pybv11,1.22.0,2026-04-01,micropython-stm32-pybv11-stubs,1.22.0.post2
3,stm32,pybv11,1.23.0,2026-04-01,micropython-stm32-pybv11-stubs,1.23.0.post1
4,stm32,pybv11,1.23.0,2026-04-01,micropython-stm32-pybv11-stubs,1.23.0.post2
2,stm32,pybv11,1.24.1,2026-04-01,micropython-stm32-pybv11-stubs,1.24.1.post1
4,stm32,pybv11,1.24.1,2026-04-01,micropython-stm32-pybv11-stubs,1.24.1.post2
3,stm32,pybv11,1.25.0,2026-04-01,micropython-stm32-pybv11-stubs,1.25.0.post1
2,stm32,pybv11,1.25.0,2026-04-01,micropython-stm32-pybv11-stubs,1.25.0.post2
4,stm32,pybv11,1.25.0,2026-04-01,micropython-stm32-pybv11-stubs,1.25.0.post3
5,stm32,pybv11,1.26.0,2026-04-01,micropython-stm32-pybv11-stubs,1.26.0.post1
16,stm32,pybv11,1.27.0,2026-04-01,micropython-stm32-pybv11-stubs,1.27.0.post1
119,stm32,pybv11,1.28.0,2026-04-01,micropython-stm32-pybv11-stubs,1.28.0.post1
109,stm32,pybv11,1.28.0,2026-04-01,micropython-stm32-pybv11-stubs,1.28.0.post2
94,stm32,pybv11,1.28.0,2026-04-01,micropython-stm32-pybv11-stubs,1.28.0.post3
103,stm32,pybv11,1.28.0,2026-04-01,micropython-stm32-pybv11-stubs,1.28.0.post4
3,stm32,,1.17,2026-04-01,micropython-stm32-stubs,1.17.post1
4,stm32,,1.17,2026-04-01,micropython-stm32-stubs,1.17.post2
13,stm32,,1.17,2026-04-01,micropython-stm32-stubs,1.17.post3
2,stm32,,1.18,2026-04-01,micropython-stm32-stubs,1.18.post1
1,stm32,,1.18,2026-04-01,micropython-stm32-stubs,1.18.post2
1,stm32,,1.18,2026-04-01,micropython-stm32-stubs,1.18.post3
5,stm32,,1.18,2026-04-01,micropython-stm32-stubs,1.18.post4
2,stm32,,1.19.1,2026-04-01,micropython-stm32-stubs,1.19.1.post1
3,stm32,,1.19.1,2026-04-01,micropython-stm32-stubs,1.19.1.post10
2,stm32,,1.19.1,2026-04-01,micropython-stm32-stubs,1.19.1.post11
12,stm32,,1.19.1,2026-04-01,micropython-stm32-stubs,1.19.1.post12
1,stm32,,1.19.1,2026-04-01,micropython-stm32-stubs,1.19.1.post2
1,stm32,,1.19.1,2026-04-01,micropython-stm32-stubs,1.19.1.post3
1,stm32,,1.19.1,2026-04-01,micropython-stm32-stubs,1.19.1.post4
1,stm32,,1.19.1,2026-04-01,micropython-stm32-stubs,1.19.1.post5
1,stm32,,1.19.1,2026-04-01,micropython-stm32-stubs,1.19.1.post6
3,stm32,,1.19.1,2026-04-01,micropython-stm32-stubs,1.19.1.post7
5,stm32,,1.19.1,2026-04-01,micropython-stm32-stubs,1.19.1.post8
3,stm32,,1.19.1,2026-04-01,micropython-stm32-stubs,1.19.1.post9
3,stm32,,1.20.0,2026-04-01,micropython-stm32-stubs,1.20.0.post1
3,stm32,,1.20.0,2026-04-01,micropython-stm32-stubs,1.20.0.post2
4,stm32,,1.20.0,2026-04-01,micropython-stm32-stubs,1.20.0.post3
2,stm32,,1.20.0,2026-04-01,micropython-stm32-stubs,1.20.0.post4
4,stm32,,1.20.0,2026-04-01,micropython-stm32-stubs,1.20.0.post5
2,stm32,,1.21.0,2026-04-01,micropython-stm32-stubs,1.21.0.post1
4,stm32,,1.21.0,2026-04-01,micropython-stm32-stubs,1.21.0.post2
5,stm32,,1.22.0,2026-04-01,micropython-stm32-stubs,1.22.0.post1
4,stm32,,1.23.0,2026-04-01,micropython-stm32-stubs,1.23.0.post1
4,stm32,,1.23.0,2026-04-01,micropython-stm32-stubs,1.23.0.post2
2,stm32,,1.24.1,2026-04-01,micropython-stm32-stubs,1.24.1.post1
6,stm32,,1.24.1,2026-04-01,micropython-stm32-stubs,1.24.1.post2
2,stm32,,1.25.0,2026-04-01,micropython-stm32-stubs,1.25.0.post1
3,stm32,,1.25.0,2026-04-01,micropython-stm32-stubs,1.25.0.post2
6,stm32,,1.25.0,2026-04-01,micropython-stm32-stubs,1.25.0.post3
4,stm32,,1.26.0,2026-04-01,micropython-stm32-stubs,1.26.0.post1
230,stm32,,1.27.0,2026-04-01,micropython-stm32-stubs,1.27.0.post1
168,stm32,,1.28.0,2026-04-01,micropython-stm32-stubs,1.28.0.post1
162,stm32,,1.28.0,2026-04-01,micropython-stm32-stubs,1.28.0.post2
140,stm32,,1.28.0,2026-04-01,micropython-stm32-stubs,1.28.0.post3
211,stm32,,1.28.0,2026-04-01,micropython-stm32-stubs,1.28.0.post4
2,unix,,1.20.0,2026-04-01,micropython-unix-stubs,1.20.0.post1
108,unix,,1.21.0,2026-04-01,micropython-unix-stubs,1.21.0.post1
1,unix,,1.24.1,2026-04-01,micropython-unix-stubs,1.24.1.post1
1,unix,,1.24.1,2026-04-01,micropython-unix-stubs,1.24.1.post2
1,unix,,1.25.0,2026-04-01,micropython-unix-stubs,1.25.0.post1
77,unix,,1.26.0,2026-04-01,micropython-unix-stubs,1.26.0.post1
2,webassembly,,1.21.0,2026-04-01,micropython-webassembly-stubs,1.21.0.post1
2,webassembly,,1.21.0,2026-04-01,micropython-webassembly-stubs,1.21.0.post2
2,webassembly,,1.24.1,2026-04-01,micropython-webassembly-stubs,1.24.1.post1
2,webassembly,,1.24.1,2026-04-01,micropython-webassembly-stubs,1.24.1.post2
1,webassembly,,1.25.0,2026-04-01,micropython-webassembly-stubs,1.25.0.post1
2,webassembly,,1.25.0,2026-04-01,micropython-webassembly-stubs,1.25.0.post2
3,webassembly,,1.26.0,2026-04-01,micropython-webassembly-stubs,1.26.0.post1
10,webassembly,,1.26.0,2026-04-01,micropython-webassembly-stubs,1.26.0.post2
1,windows,,1.24.1,2026-04-01,micropython-windows-stubs,1.24.1.post2
1,windows,,1.24.1,2026-04-01,micropython-windows-stubs,1.24.1.post3
2,windows,,1.25.0,2026-04-01,micropython-windows-stubs,1.25.0.post1
10,windows,,1.26.0,2026-04-01,micropython-windows-stubs,1.26.0.post1
3,esp32,esp32-generic-c3,1.23.0,2026-05-01,micropython-esp32-esp32-generic-c3-stubs,1.23.0.post1
11,esp32,esp32-generic-c3,1.23.0,2026-05-01,micropython-esp32-esp32-generic-c3-stubs,1.23.0.post2
11,esp32,esp32-generic-c3,1.27.0,2026-05-01,micropython-esp32-esp32-generic-c3-stubs,1.27.0.post1
13,esp32,esp32-generic-c3,1.28.0,2026-05-01,micropython-esp32-esp32-generic-c3-stubs,1.28.0.post1
15,esp32,esp32-generic-c3,1.28.0,2026-05-01,micropython-esp32-esp32-generic-c3-stubs,1.28.0.post2
300,esp32,esp32-generic-c3,1.28.0,2026-05-01,micropython-esp32-esp32-generic-c3-stubs,1.28.0.post3
105,esp32,esp32-generic-c3,1.28.0,2026-05-01,micropython-esp32-esp32-generic-c3-stubs,1.28.0.post4
49,esp32,esp32-generic-c5,1.28.0,2026-05-01,micropython-esp32-esp32-generic-c5-stubs,1.28.0.post1
92,esp32,esp32-generic-c5,1.28.0,2026-05-01,micropython-esp32-esp32-generic-c5-stubs,1.28.0.post2
2,esp32,esp32-generic-c6,1.24.1,2026-05-01,micropython-esp32-esp32-generic-c6-stubs,1.24.1.post1
7,esp32,esp32-generic-c6,1.24.1,2026-05-01,micropython-esp32-esp32-generic-c6-stubs,1.24.1.post2
2,esp32,esp32-generic-c6,1.25.0,2026-05-01,micropython-esp32-esp32-generic-c6-stubs,1.25.0.post1
2,esp32,esp32-generic-c6,1.25.0,2026-05-01,micropython-esp32-esp32-generic-c6-stubs,1.25.0.post2
2,esp32,esp32-generic-c6,1.25.0,2026-05-01,micropython-esp32-esp32-generic-c6-stubs,1.25.0.post3
4,esp32,esp32-generic-c6,1.25.0,2026-05-01,micropython-esp32-esp32-generic-c6-stubs,1.25.0.post4
4,esp32,esp32-generic-c6,1.26.0,2026-05-01,micropython-esp32-esp32-generic-c6-stubs,1.26.0.post1
12,esp32,esp32-generic-c6,1.27.0,2026-05-01,micropython-esp32-esp32-generic-c6-stubs,1.27.0.post1
13,esp32,esp32-generic-c6,1.28.0,2026-05-01,micropython-esp32-esp32-generic-c6-stubs,1.28.0.post1
20,esp32,esp32-generic-c6,1.28.0,2026-05-01,micropython-esp32-esp32-generic-c6-stubs,1.28.0.post2
293,esp32,esp32-generic-c6,1.28.0,2026-05-01,micropython-esp32-esp32-generic-c6-stubs,1.28.0.post3
125,esp32,esp32-generic-c6,1.28.0,2026-05-01,micropython-esp32-esp32-generic-c6-stubs,1.28.0.post4
2,esp32,esp32-generic-s2,1.25.0,2026-05-01,micropython-esp32-esp32-generic-s2-stubs,1.25.0.post1
5,esp32,esp32-generic-s2,1.25.0,2026-05-01,micropython-esp32-esp32-generic-s2-stubs,1.25.0.post2
2,esp32,esp32-generic-s2,1.25.0,2026-05-01,micropython-esp32-esp32-generic-s2-stubs,1.25.0.post3
4,esp32,esp32-generic-s2,1.25.0,2026-05-01,micropython-esp32-esp32-generic-s2-stubs,1.25.0.post4
4,esp32,esp32-generic-s2,1.26.0,2026-05-01,micropython-esp32-esp32-generic-s2-stubs,1.26.0.post1
7,esp32,esp32-generic-s2,1.27.0,2026-05-01,micropython-esp32-esp32-generic-s2-stubs,1.27.0.post1
12,esp32,esp32-generic-s2,1.28.0,2026-05-01,micropython-esp32-esp32-generic-s2-stubs,1.28.0.post1
15,esp32,esp32-generic-s2,1.28.0,2026-05-01,micropython-esp32-esp32-generic-s2-stubs,1.28.0.post2
47,esp32,esp32-generic-s2,1.28.0,2026-05-01,micropython-esp32-esp32-generic-s2-stubs,1.28.0.post3
118,esp32,esp32-generic-s2,1.28.0,2026-05-01,micropython-esp32-esp32-generic-s2-stubs,1.28.0.post4
7,esp32,esp32-generic-s3,1.22.0,2026-05-01,micropython-esp32-esp32-generic-s3-stubs,1.22.0.post1
3,esp32,esp32-generic-s3,1.23.0,2026-05-01,micropython-esp32-esp32-generic-s3-stubs,1.23.0.post1
4,esp32,esp32-generic-s3,1.23.0,2026-05-01,micropython-esp32-esp32-generic-s3-stubs,1.23.0.post2
2,esp32,esp32-generic-s3,1.24.1,2026-05-01,micropython-esp32-esp32-generic-s3-stubs,1.24.1.post1
5,esp32,esp32-generic-s3,1.24.1,2026-05-01,micropython-esp32-esp32-generic-s3-stubs,1.24.1.post2
5,esp32,esp32-generic-s3,1.26.0,2026-05-01,micropython-esp32-esp32-generic-s3-stubs,1.26.0.post1
401,esp32,esp32-generic-s3,1.27.0,2026-05-01,micropython-esp32-esp32-generic-s3-stubs,1.27.0.post1
14,esp32,esp32-generic-s3,1.28.0,2026-05-01,micropython-esp32-esp32-generic-s3-stubs,1.28.0.post1
18,esp32,esp32-generic-s3,1.28.0,2026-05-01,micropython-esp32-esp32-generic-s3-stubs,1.28.0.post2
104,esp32,esp32-generic-s3,1.28.0,2026-05-01,micropython-esp32-esp32-generic-s3-stubs,1.28.0.post3
158,esp32,esp32-generic-s3,1.28.0,2026-05-01,micropython-esp32-esp32-generic-s3-stubs,1.28.0.post4
2,esp32,esp32-generic,1.21.0,2026-05-01,micropython-esp32-esp32-generic-stubs,1.21.0.post1
4,esp32,esp32-generic,1.21.0,2026-05-01,micropython-esp32-esp32-generic-stubs,1.21.0.post2
4,esp32,esp32-generic,1.22.0,2026-05-01,micropython-esp32-esp32-generic-stubs,1.22.0.post1
2,esp32,esp32-generic,1.23.0,2026-05-01,micropython-esp32-esp32-generic-stubs,1.23.0.post1
4,esp32,esp32-generic,1.23.0,2026-05-01,micropython-esp32-esp32-generic-stubs,1.23.0.post2
3,esp32,esp32-generic,1.24.1,2026-05-01,micropython-esp32-esp32-generic-stubs,1.24.1.post1
4,esp32,esp32-generic,1.24.1,2026-05-01,micropython-esp32-esp32-generic-stubs,1.24.1.post2
2,esp32,esp32-generic,1.25.0,2026-05-01,micropython-esp32-esp32-generic-stubs,1.25.0.post1
3,esp32,esp32-generic,1.25.0,2026-05-01,micropython-esp32-esp32-generic-stubs,1.25.0.post2
2,esp32,esp32-generic,1.25.0,2026-05-01,micropython-esp32-esp32-generic-stubs,1.25.0.post3
3,esp32,esp32-generic,1.25.0,2026-05-01,micropython-esp32-esp32-generic-stubs,1.25.0.post4
8,esp32,esp32-generic,1.25.0,2026-05-01,micropython-esp32-esp32-generic-stubs,1.25.0.post5
6,esp32,esp32-generic,1.26.0,2026-05-01,micropython-esp32-esp32-generic-stubs,1.26.0.post1
15,esp32,esp32-generic,1.27.0,2026-05-01,micropython-esp32-esp32-generic-stubs,1.27.0.post1
12,esp32,esp32-generic,1.28.0,2026-05-01,micropython-esp32-esp32-generic-stubs,1.28.0.post1
17,esp32,esp32-generic,1.28.0,2026-05-01,micropython-esp32-esp32-generic-stubs,1.28.0.post2
64,esp32,esp32-generic,1.28.0,2026-05-01,micropython-esp32-esp32-generic-stubs,1.28.0.post3
133,esp32,esp32-generic,1.28.0,2026-05-01,micropython-esp32-esp32-generic-stubs,1.28.0.post4
3,esp32,generic-ota,1.20.0,2026-05-01,micropython-esp32-generic-ota-stubs,1.20.0.post1
22,esp32,generic-ota,1.20.0,2026-05-01,micropython-esp32-generic-ota-stubs,1.20.0.post2
8,esp32,generic-s3,1.19.1,2026-05-01,micropython-esp32-generic-s3-stubs,1.19.1.post1
3,esp32,generic-s3,1.20.0,2026-05-01,micropython-esp32-generic-s3-stubs,1.20.0.post1
20,esp32,generic-s3,1.20.0,2026-05-01,micropython-esp32-generic-s3-stubs,1.20.0.post2
24,esp32,generic-spiram,1.19.1,2026-05-01,micropython-esp32-generic-spiram-stubs,1.19.1.post1
3,esp32,ota,1.20.0,2026-05-01,micropython-esp32-ota-stubs,1.20.0.post1
16,esp32,ota,1.20.0,2026-05-01,micropython-esp32-ota-stubs,1.20.0.post2
5,esp32,s3,1.19.1,2026-05-01,micropython-esp32-s3-stubs,1.19.1.post1
37,esp32,s3,1.20.0,2026-05-01,micropython-esp32-s3-stubs,1.20.0.post1
4,esp32,,1.17,2026-05-01,micropython-esp32-stubs,1.17.post1
2,esp32,,1.17,2026-05-01,micropython-esp32-stubs,1.17.post2
2,esp32,,1.17,2026-05-01,micropython-esp32-stubs,1.17.post3
2,esp32,,1.18,2026-05-01,micropython-esp32-stubs,1.18.post1
2,esp32,,1.18,2026-05-01,micropython-esp32-stubs,1.18.post2
2,esp32,,1.18,2026-05-01,micropython-esp32-stubs,1.18.post3
3,esp32,,1.19.1,2026-05-01,micropython-esp32-stubs,1.19.1.post10
2,esp32,,1.19.1,2026-05-01,micropython-esp32-stubs,1.19.1.post11
3,esp32,,1.19.1,2026-05-01,micropython-esp32-stubs,1.19.1.post12
2,esp32,,1.19.1,2026-05-01,micropython-esp32-stubs,1.19.1.post13
3,esp32,,1.19.1,2026-05-01,micropython-esp32-stubs,1.19.1.post14
4,esp32,,1.19.1,2026-05-01,micropython-esp32-stubs,1.19.1.post15
4,esp32,,1.19.1,2026-05-01,micropython-esp32-stubs,1.19.1.post2
2,esp32,,1.19.1,2026-05-01,micropython-esp32-stubs,1.19.1.post3
2,esp32,,1.19.1,2026-05-01,micropython-esp32-stubs,1.19.1.post4
2,esp32,,1.19.1,2026-05-01,micropython-esp32-stubs,1.19.1.post5
2,esp32,,1.19.1,2026-05-01,micropython-esp32-stubs,1.19.1.post6
2,esp32,,1.19.1,2026-05-01,micropython-esp32-stubs,1.19.1.post7
2,esp32,,1.19.1,2026-05-01,micropython-esp32-stubs,1.19.1.post8
2,esp32,,1.19.1,2026-05-01,micropython-esp32-stubs,1.19.1.post9
2,esp32,,1.20.0,2026-05-01,micropython-esp32-stubs,1.20.0.post1
2,esp32,,1.20.0,2026-05-01,micropython-esp32-stubs,1.20.0.post2
2,esp32,,1.20.0,2026-05-01,micropython-esp32-stubs,1.20.0.post3
2,esp32,,1.20.0,2026-05-01,micropython-esp32-stubs,1.20.0.post4
8,esp32,,1.20.0,2026-05-01,micropython-esp32-stubs,1.20.0.post5
2,esp32,,1.21.0,2026-05-01,micropython-esp32-stubs,1.21.0.post1
2,esp32,,1.21.0,2026-05-01,micropython-esp32-stubs,1.21.0.post2
2,esp32,,1.21.0,2026-05-01,micropython-esp32-stubs,1.21.0.post3
5,esp32,,1.21.0,2026-05-01,micropython-esp32-stubs,1.21.0.post4
2,esp32,,,2026-05-01,micropython-esp32-stubs,1.21.0a489
6,esp32,,1.22.0,2026-05-01,micropython-esp32-stubs,1.22.0.post1
2,esp32,,1.23.0,2026-05-01,micropython-esp32-stubs,1.23.0.post1
53,esp32,,1.23.0,2026-05-01,micropython-esp32-stubs,1.23.0.post2
2,esp32,,,2026-05-01,micropython-esp32-stubs,1.23.0a87
3,esp32,,1.24.1,2026-05-01,micropython-esp32-stubs,1.24.1.post1
5,esp32,,1.24.1,2026-05-01,micropython-esp32-stubs,1.24.1.post2
2,esp32,,1.25.0,2026-05-01,micropython-esp32-stubs,1.25.0.post1
11,esp32,,1.25.0,2026-05-01,micropython-esp32-stubs,1.25.0.post2
2,esp32,,1.25.0,2026-05-01,micropython-esp32-stubs,1.25.0.post3
2,esp32,,1.25.0,2026-05-01,micropython-esp32-stubs,1.25.0.post4
12,esp32,,1.25.0,2026-05-01,micropython-esp32-stubs,1.25.0.post5
22,esp32,,1.26.0,2026-05-01,micropython-esp32-stubs,1.26.0.post1
37,esp32,,1.27.0,2026-05-01,micropython-esp32-stubs,1.27.0.post1
14,esp32,,1.28.0,2026-05-01,micropython-esp32-stubs,1.28.0.post1
18,esp32,,1.28.0,2026-05-01,micropython-esp32-stubs,1.28.0.post2
906,esp32,,1.28.0,2026-05-01,micropython-esp32-stubs,1.28.0.post3
617,esp32,,1.28.0,2026-05-01,micropython-esp32-stubs,1.28.0.post4
2,esp32,um-tinypico,1.19.1,2026-05-01,micropython-esp32-um-tinypico-stubs,1.19.1.post2
2,esp32,um-tinypico,1.19.1,2026-05-01,micropython-esp32-um-tinypico-stubs,1.19.1.post3
5,esp32,um-tinypico,1.19.1,2026-05-01,micropython-esp32-um-tinypico-stubs,1.19.1.post4
4,esp32,um-tinypico,1.19.1,2026-05-01,micropython-esp32-um-tinypico-stubs,1.19.1.post5
4,esp32,um-tinypico,1.19.1,2026-05-01,micropython-esp32-um-tinypico-stubs,1.19.1.post6
5,esp32,um-tinypico,1.19.1,2026-05-01,micropython-esp32-um-tinypico-stubs,1.19.1.post7
17,esp32,um-tinypico,1.19.1,2026-05-01,micropython-esp32-um-tinypico-stubs,1.19.1.post8
4,esp8266,esp8266-generic,1.23.0,2026-05-01,micropython-esp8266-esp8266-generic-stubs,1.23.0.post1
5,esp8266,esp8266-generic,1.23.0,2026-05-01,micropython-esp8266-esp8266-generic-stubs,1.23.0.post2
3,esp8266,esp8266-generic,1.25.0,2026-05-01,micropython-esp8266-esp8266-generic-stubs,1.25.0.post1
2,esp8266,esp8266-generic,1.25.0,2026-05-01,micropython-esp8266-esp8266-generic-stubs,1.25.0.post2
2,esp8266,esp8266-generic,1.25.0,2026-05-01,micropython-esp8266-esp8266-generic-stubs,1.25.0.post3
4,esp8266,esp8266-generic,1.25.0,2026-05-01,micropython-esp8266-esp8266-generic-stubs,1.25.0.post4
5,esp8266,esp8266-generic,1.26.0,2026-05-01,micropython-esp8266-esp8266-generic-stubs,1.26.0.post1
10,esp8266,esp8266-generic,1.27.0,2026-05-01,micropython-esp8266-esp8266-generic-stubs,1.27.0.post1
11,esp8266,esp8266-generic,1.28.0,2026-05-01,micropython-esp8266-esp8266-generic-stubs,1.28.0.post1
17,esp8266,esp8266-generic,1.28.0,2026-05-01,micropython-esp8266-esp8266-generic-stubs,1.28.0.post2
51,esp8266,esp8266-generic,1.28.0,2026-05-01,micropython-esp8266-esp8266-generic-stubs,1.28.0.post3
128,esp8266,esp8266-generic,1.28.0,2026-05-01,micropython-esp8266-esp8266-generic-stubs,1.28.0.post4
2,esp8266,,1.17,2026-05-01,micropython-esp8266-stubs,1.17.post1
2,esp8266,,1.17,2026-05-01,micropython-esp8266-stubs,1.17.post2
3,esp8266,,1.17,2026-05-01,micropython-esp8266-stubs,1.17.post3
2,esp8266,,1.18,2026-05-01,micropython-esp8266-stubs,1.18.post1
2,esp8266,,1.18,2026-05-01,micropython-esp8266-stubs,1.18.post2
3,esp8266,,1.18,2026-05-01,micropython-esp8266-stubs,1.18.post3
2,esp8266,,1.18,2026-05-01,micropython-esp8266-stubs,1.18.post4
2,esp8266,,1.19.1,2026-05-01,micropython-esp8266-stubs,1.19.1.post1
3,esp8266,,1.19.1,2026-05-01,micropython-esp8266-stubs,1.19.1.post10
3,esp8266,,1.19.1,2026-05-01,micropython-esp8266-stubs,1.19.1.post11
6,esp8266,,1.19.1,2026-05-01,micropython-esp8266-stubs,1.19.1.post12
4,esp8266,,1.19.1,2026-05-01,micropython-esp8266-stubs,1.19.1.post2
2,esp8266,,1.19.1,2026-05-01,micropython-esp8266-stubs,1.19.1.post3
3,esp8266,,1.19.1,2026-05-01,micropython-esp8266-stubs,1.19.1.post4
5,esp8266,,1.19.1,2026-05-01,micropython-esp8266-stubs,1.19.1.post5
4,esp8266,,1.19.1,2026-05-01,micropython-esp8266-stubs,1.19.1.post6
3,esp8266,,1.19.1,2026-05-01,micropython-esp8266-stubs,1.19.1.post7
2,esp8266,,1.19.1,2026-05-01,micropython-esp8266-stubs,1.19.1.post8
3,esp8266,,1.19.1,2026-05-01,micropython-esp8266-stubs,1.19.1.post9
2,esp8266,,1.23.0,2026-05-01,micropython-esp8266-stubs,1.23.0.post1
6,esp8266,,1.23.0,2026-05-01,micropython-esp8266-stubs,1.23.0.post2
6,esp8266,,1.24.1,2026-05-01,micropython-esp8266-stubs,1.24.1.post1
4,esp8266,,1.25.0,2026-05-01,micropython-esp8266-stubs,1.25.0.post1
2,esp8266,,1.25.0,2026-05-01,micropython-esp8266-stubs,1.25.0.post2
2,esp8266,,1.25.0,2026-05-01,micropython-esp8266-stubs,1.25.0.post3
4,esp8266,,1.25.0,2026-05-01,micropython-esp8266-stubs,1.25.0.post4
8,esp8266,,1.26.0,2026-05-01,micropython-esp8266-stubs,1.26.0.post1
14,esp8266,,1.27.0,2026-05-01,micropython-esp8266-stubs,1.27.0.post1
13,esp8266,,1.28.0,2026-05-01,micropython-esp8266-stubs,1.28.0.post1
15,esp8266,,1.28.0,2026-05-01,micropython-esp8266-stubs,1.28.0.post2
101,esp8266,,1.28.0,2026-05-01,micropython-esp8266-stubs,1.28.0.post3
151,esp8266,,1.28.0,2026-05-01,micropython-esp8266-stubs,1.28.0.post4
24,mimxrt,mimxrt1010-evk,1.26.1,2026-05-01,micropython-mimxrt-mimxrt1010-evk-stubs,1.26.1.post1
24,mimxrt,seeed-arch-mix,1.26.1,2026-05-01,micropython-mimxrt-seeed-arch-mix-stubs,1.26.1.post1
25,mimxrt,,1.26.1,2026-05-01,micropython-mimxrt-stubs,1.26.1.post1
2,rp2,arduino-nano-rp2040-connect,1.22.0,2026-05-01,micropython-rp2-arduino-nano-rp2040-connect-stubs,1.22.0.post1
2,rp2,arduino-nano-rp2040-connect,1.22.1,2026-05-01,micropython-rp2-arduino-nano-rp2040-connect-stubs,1.22.1.post1
4,rp2,arduino-nano-rp2040-connect,1.22.1,2026-05-01,micropython-rp2-arduino-nano-rp2040-connect-stubs,1.22.1.post2
2,rp2,arduino-nano-rp2040-connect,1.24.1,2026-05-01,micropython-rp2-arduino-nano-rp2040-connect-stubs,1.24.1.post1
6,rp2,arduino-nano-rp2040-connect,1.24.1,2026-05-01,micropython-rp2-arduino-nano-rp2040-connect-stubs,1.24.1.post2
12,rp2,arduino-nano-rp2040-connect,1.28.0,2026-05-01,micropython-rp2-arduino-nano-rp2040-connect-stubs,1.28.0.post1
15,rp2,arduino-nano-rp2040-connect,1.28.0,2026-05-01,micropython-rp2-arduino-nano-rp2040-connect-stubs,1.28.0.post2
47,rp2,arduino-nano-rp2040-connect,1.28.0,2026-05-01,micropython-rp2-arduino-nano-rp2040-connect-stubs,1.28.0.post3
120,rp2,arduino-nano-rp2040-connect,1.28.0,2026-05-01,micropython-rp2-arduino-nano-rp2040-connect-stubs,1.28.0.post4
2,rp2,pico,1.20.0,2026-05-01,micropython-rp2-pico-stubs,1.20.0.post1
4,rp2,pico,1.20.0,2026-05-01,micropython-rp2-pico-stubs,1.20.0.post2
3,rp2,pico,1.20.0,2026-05-01,micropython-rp2-pico-stubs,1.20.0.post3
3,rp2,pico,1.20.0,2026-05-01,micropython-rp2-pico-stubs,1.20.0.post4
157,rp2,pico,1.20.0,2026-05-01,micropython-rp2-pico-stubs,1.20.0.post5
2,rp2,pico-w,1.20.0,2026-05-01,micropython-rp2-pico-w-stubs,1.20.0.post1
2,rp2,pico-w,1.20.0,2026-05-01,micropython-rp2-pico-w-stubs,1.20.0.post2
3,rp2,pico-w,1.20.0,2026-05-01,micropython-rp2-pico-w-stubs,1.20.0.post3
3,rp2,pico-w,1.20.0,2026-05-01,micropython-rp2-pico-w-stubs,1.20.0.post4
145,rp2,pico-w,1.20.0,2026-05-01,micropython-rp2-pico-w-stubs,1.20.0.post5
3,rp2,pimoroni-picolipo-16mb,1.20.0,2026-05-01,micropython-rp2-pimoroni-picolipo-16mb-stubs,1.20.0.post1
3,rp2,pimoroni-picolipo-16mb,1.20.0,2026-05-01,micropython-rp2-pimoroni-picolipo-16mb-stubs,1.20.0.post2
5,rp2,pimoroni-picolipo-16mb,1.20.0,2026-05-01,micropython-rp2-pimoroni-picolipo-16mb-stubs,1.20.0.post3
16,rp2,pimoroni-picolipo-16mb,1.22.0,2026-05-01,micropython-rp2-pimoroni-picolipo-16mb-stubs,1.22.0.post1
3,rp2,pimoroni-picolipo,1.26.0,2026-05-01,micropython-rp2-pimoroni-picolipo-stubs,1.26.0.post1
23,rp2,pimoroni-picolipo,1.27.0,2026-05-01,micropython-rp2-pimoroni-picolipo-stubs,1.27.0.post1
4,rp2,rpi-pico,1.21.0,2026-05-01,micropython-rp2-rpi-pico-stubs,1.21.0.post1
2,rp2,rpi-pico,1.21.0,2026-05-01,micropython-rp2-rpi-pico-stubs,1.21.0.post2
2,rp2,rpi-pico,1.21.0,2026-05-01,micropython-rp2-rpi-pico-stubs,1.21.0.post3
5,rp2,rpi-pico,1.22.0,2026-05-01,micropython-rp2-rpi-pico-stubs,1.22.0.post1
2,rp2,rpi-pico,1.22.1,2026-05-01,micropython-rp2-rpi-pico-stubs,1.22.1.post1
3,rp2,rpi-pico,1.22.1,2026-05-01,micropython-rp2-rpi-pico-stubs,1.22.1.post2
3,rp2,rpi-pico,1.23.0,2026-05-01,micropython-rp2-rpi-pico-stubs,1.23.0.post1
2,rp2,rpi-pico,1.23.0,2026-05-01,micropython-rp2-rpi-pico-stubs,1.23.0.post2
3,rp2,rpi-pico,1.24.1,2026-05-01,micropython-rp2-rpi-pico-stubs,1.24.1.post1
4,rp2,rpi-pico,1.24.1,2026-05-01,micropython-rp2-rpi-pico-stubs,1.24.1.post2
2,rp2,rpi-pico,1.25.0,2026-05-01,micropython-rp2-rpi-pico-stubs,1.25.0.post1
4,rp2,rpi-pico,1.25.0,2026-05-01,micropython-rp2-rpi-pico-stubs,1.25.0.post2
4,rp2,rpi-pico,1.25.0,2026-05-01,micropython-rp2-rpi-pico-stubs,1.25.0.post3
7,rp2,rpi-pico,1.26.0,2026-05-01,micropython-rp2-rpi-pico-stubs,1.26.0.post1
14,rp2,rpi-pico,1.27.0,2026-05-01,micropython-rp2-rpi-pico-stubs,1.27.0.post1
14,rp2,rpi-pico,1.28.0,2026-05-01,micropython-rp2-rpi-pico-stubs,1.28.0.post1
16,rp2,rpi-pico,1.28.0,2026-05-01,micropython-rp2-rpi-pico-stubs,1.28.0.post2
91,rp2,rpi-pico,1.28.0,2026-05-01,micropython-rp2-rpi-pico-stubs,1.28.0.post3
143,rp2,rpi-pico,1.28.0,2026-05-01,micropython-rp2-rpi-pico-stubs,1.28.0.post4
3,rp2,rpi-pico-w,1.21.0,2026-05-01,micropython-rp2-rpi-pico-w-stubs,1.21.0.post1
2,rp2,rpi-pico-w,1.21.0,2026-05-01,micropython-rp2-rpi-pico-w-stubs,1.21.0.post2
2,rp2,rpi-pico-w,1.21.0,2026-05-01,micropython-rp2-rpi-pico-w-stubs,1.21.0.post3
2,rp2,rpi-pico-w,1.22.0,2026-05-01,micropython-rp2-rpi-pico-w-stubs,1.22.0.post1
2,rp2,rpi-pico-w,1.22.1,2026-05-01,micropython-rp2-rpi-pico-w-stubs,1.22.1.post1
2,rp2,rpi-pico-w,1.22.1,2026-05-01,micropython-rp2-rpi-pico-w-stubs,1.22.1.post2
2,rp2,rpi-pico-w,1.23.0,2026-05-01,micropython-rp2-rpi-pico-w-stubs,1.23.0.post1
4,rp2,rpi-pico-w,1.23.0,2026-05-01,micropython-rp2-rpi-pico-w-stubs,1.23.0.post2
2,rp2,rpi-pico-w,1.24.1,2026-05-01,micropython-rp2-rpi-pico-w-stubs,1.24.1.post1
7,rp2,rpi-pico-w,1.24.1,2026-05-01,micropython-rp2-rpi-pico-w-stubs,1.24.1.post2
2,rp2,rpi-pico-w,1.25.0,2026-05-01,micropython-rp2-rpi-pico-w-stubs,1.25.0.post1
3,rp2,rpi-pico-w,1.25.0,2026-05-01,micropython-rp2-rpi-pico-w-stubs,1.25.0.post2
2,rp2,rpi-pico-w,1.25.0,2026-05-01,micropython-rp2-rpi-pico-w-stubs,1.25.0.post3
3,rp2,rpi-pico-w,1.25.0,2026-05-01,micropython-rp2-rpi-pico-w-stubs,1.25.0.post4
8,rp2,rpi-pico-w,1.26.0,2026-05-01,micropython-rp2-rpi-pico-w-stubs,1.26.0.post1
16,rp2,rpi-pico-w,1.28.0,2026-05-01,micropython-rp2-rpi-pico-w-stubs,1.28.0.post1
29,rp2,rpi-pico-w,1.28.0,2026-05-01,micropython-rp2-rpi-pico-w-stubs,1.28.0.post2
157,rp2,rpi-pico-w,1.28.0,2026-05-01,micropython-rp2-rpi-pico-w-stubs,1.28.0.post3
176,rp2,rpi-pico-w,1.28.0,2026-05-01,micropython-rp2-rpi-pico-w-stubs,1.28.0.post4
4,rp2,rpi-pico2,1.24.1,2026-05-01,micropython-rp2-rpi-pico2-stubs,1.24.1.post1
2,rp2,rpi-pico2,1.24.1,2026-05-01,micropython-rp2-rpi-pico2-stubs,1.24.1.post2
2,rp2,rpi-pico2,1.25.0,2026-05-01,micropython-rp2-rpi-pico2-stubs,1.25.0.post1
4,rp2,rpi-pico2,1.25.0,2026-05-01,micropython-rp2-rpi-pico2-stubs,1.25.0.post2
3,rp2,rpi-pico2,1.25.0,2026-05-01,micropython-rp2-rpi-pico2-stubs,1.25.0.post3
2,rp2,rpi-pico2,1.26.0,2026-05-01,micropython-rp2-rpi-pico2-stubs,1.26.0.post1
13,rp2,rpi-pico2,1.27.0,2026-05-01,micropython-rp2-rpi-pico2-stubs,1.27.0.post1
12,rp2,rpi-pico2,1.28.0,2026-05-01,micropython-rp2-rpi-pico2-stubs,1.28.0.post1
17,rp2,rpi-pico2,1.28.0,2026-05-01,micropython-rp2-rpi-pico2-stubs,1.28.0.post2
47,rp2,rpi-pico2,1.28.0,2026-05-01,micropython-rp2-rpi-pico2-stubs,1.28.0.post3
125,rp2,rpi-pico2,1.28.0,2026-05-01,micropython-rp2-rpi-pico2-stubs,1.28.0.post4
2,rp2,rpi-pico2-w,1.25.0,2026-05-01,micropython-rp2-rpi-pico2-w-stubs,1.25.0.post1
6,rp2,rpi-pico2-w,1.25.0,2026-05-01,micropython-rp2-rpi-pico2-w-stubs,1.25.0.post2
5,rp2,rpi-pico2-w,1.25.0,2026-05-01,micropython-rp2-rpi-pico2-w-stubs,1.25.0.post3
7,rp2,rpi-pico2-w,1.25.0,2026-05-01,micropython-rp2-rpi-pico2-w-stubs,1.25.0.post4
44,rp2,rpi-pico2-w,1.26.0,2026-05-01,micropython-rp2-rpi-pico2-w-stubs,1.26.0.post1
12,rp2,rpi-pico2-w,1.27.0,2026-05-01,micropython-rp2-rpi-pico2-w-stubs,1.27.0.post1
12,rp2,rpi-pico2-w,1.28.0,2026-05-01,micropython-rp2-rpi-pico2-w-stubs,1.28.0.post1
19,rp2,rpi-pico2-w,1.28.0,2026-05-01,micropython-rp2-rpi-pico2-w-stubs,1.28.0.post2
168,rp2,rpi-pico2-w,1.28.0,2026-05-01,micropython-rp2-rpi-pico2-w-stubs,1.28.0.post3
127,rp2,rpi-pico2-w,1.28.0,2026-05-01,micropython-rp2-rpi-pico2-w-stubs,1.28.0.post4
2,rp2,,1.17,2026-05-01,micropython-rp2-stubs,1.17.post1
2,rp2,,1.17,2026-05-01,micropython-rp2-stubs,1.17.post2
5,rp2,,1.17,2026-05-01,micropython-rp2-stubs,1.17.post3
8,rp2,,1.18,2026-05-01,micropython-rp2-stubs,1.18.post1
2,rp2,,1.18,2026-05-01,micropython-rp2-stubs,1.18.post2
2,rp2,,1.18,2026-05-01,micropython-rp2-stubs,1.18.post3
3,rp2,,1.19.1,2026-05-01,micropython-rp2-stubs,1.19.1.post10
3,rp2,,1.19.1,2026-05-01,micropython-rp2-stubs,1.19.1.post11
2,rp2,,1.19.1,2026-05-01,micropython-rp2-stubs,1.19.1.post12
3,rp2,,1.19.1,2026-05-01,micropython-rp2-stubs,1.19.1.post13
5,rp2,,1.19.1,2026-05-01,micropython-rp2-stubs,1.19.1.post14
4,rp2,,1.19.1,2026-05-01,micropython-rp2-stubs,1.19.1.post6
3,rp2,,1.19.1,2026-05-01,micropython-rp2-stubs,1.19.1.post7
2,rp2,,1.19.1,2026-05-01,micropython-rp2-stubs,1.19.1.post8
3,rp2,,1.19.1,2026-05-01,micropython-rp2-stubs,1.19.1.post9
2,rp2,,1.20.0,2026-05-01,micropython-rp2-stubs,1.20.0.post1
2,rp2,,1.20.0,2026-05-01,micropython-rp2-stubs,1.20.0.post2
3,rp2,,1.20.0,2026-05-01,micropython-rp2-stubs,1.20.0.post3
3,rp2,,1.20.0,2026-05-01,micropython-rp2-stubs,1.20.0.post4
5,rp2,,1.20.0,2026-05-01,micropython-rp2-stubs,1.20.0.post5
3,rp2,,1.21.0,2026-05-01,micropython-rp2-stubs,1.21.0.post1
5,rp2,,1.21.0,2026-05-01,micropython-rp2-stubs,1.21.0.post2
2,rp2,,1.22.0,2026-05-01,micropython-rp2-stubs,1.22.0.post1
2,rp2,,1.22.1,2026-05-01,micropython-rp2-stubs,1.22.1.post1
7,rp2,,1.22.1,2026-05-01,micropython-rp2-stubs,1.22.1.post2
3,rp2,,1.23.0,2026-05-01,micropython-rp2-stubs,1.23.0.post1
4,rp2,,1.23.0,2026-05-01,micropython-rp2-stubs,1.23.0.post2
3,rp2,,1.24.1,2026-05-01,micropython-rp2-stubs,1.24.1.post1
5,rp2,,1.24.1,2026-05-01,micropython-rp2-stubs,1.24.1.post2
4,rp2,,1.25.0,2026-05-01,micropython-rp2-stubs,1.25.0.post1
3,rp2,,1.25.0,2026-05-01,micropython-rp2-stubs,1.25.0.post2
5,rp2,,1.25.0,2026-05-01,micropython-rp2-stubs,1.25.0.post3
6,rp2,,1.26.0,2026-05-01,micropython-rp2-stubs,1.26.0.post1
18,rp2,,1.27.0,2026-05-01,micropython-rp2-stubs,1.27.0.post1
13,rp2,,1.28.0,2026-05-01,micropython-rp2-stubs,1.28.0.post1
19,rp2,,1.28.0,2026-05-01,micropython-rp2-stubs,1.28.0.post2
406,rp2,,1.28.0,2026-05-01,micropython-rp2-stubs,1.28.0.post3
261,rp2,,1.28.0,2026-05-01,micropython-rp2-stubs,1.28.0.post4
18,rp2,waveshare-rp2040-zero,1.28.0,2026-05-01,micropython-rp2-waveshare-rp2040-zero-stubs,1.28.0.post1
22,rp2,waveshare-rp2040-zero,1.28.0,2026-05-01,micropython-rp2-waveshare-rp2040-zero-stubs,1.28.0.post2
48,rp2,waveshare-rp2040-zero,1.28.0,2026-05-01,micropython-rp2-waveshare-rp2040-zero-stubs,1.28.0.post3
124,rp2,waveshare-rp2040-zero,1.28.0,2026-05-01,micropython-rp2-waveshare-rp2040-zero-stubs,1.28.0.post4
12,samd,adafruit-feather-m4-express,1.20.0,2026-05-01,micropython-samd-adafruit-feather-m4-express-stubs,1.20.0.post1
13,samd,adafruit-feather-m4-express,1.20.0,2026-05-01,micropython-samd-adafruit-feather-m4-express-stubs,1.20.0.post2
18,samd,adafruit-feather-m4-express,1.20.0,2026-05-01,micropython-samd-adafruit-feather-m4-express-stubs,1.20.0.post3
38,samd,adafruit-feather-m4-express,1.20.0,2026-05-01,micropython-samd-adafruit-feather-m4-express-stubs,1.20.0.post4
10,samd,adafruit-itsybitsy-m4-express,1.20.0,2026-05-01,micropython-samd-adafruit-itsybitsy-m4-express-stubs,1.20.0.post1
10,samd,adafruit-itsybitsy-m4-express,1.20.0,2026-05-01,micropython-samd-adafruit-itsybitsy-m4-express-stubs,1.20.0.post2
17,samd,adafruit-itsybitsy-m4-express,1.20.0,2026-05-01,micropython-samd-adafruit-itsybitsy-m4-express-stubs,1.20.0.post3
41,samd,adafruit-itsybitsy-m4-express,1.20.0,2026-05-01,micropython-samd-adafruit-itsybitsy-m4-express-stubs,1.20.0.post4
16,samd,minisam-m4,1.20.0,2026-05-01,micropython-samd-minisam-m4-stubs,1.20.0.post1
19,samd,minisam-m4,1.20.0,2026-05-01,micropython-samd-minisam-m4-stubs,1.20.0.post2
26,samd,minisam-m4,1.20.0,2026-05-01,micropython-samd-minisam-m4-stubs,1.20.0.post3
51,samd,minisam-m4,1.20.0,2026-05-01,micropython-samd-minisam-m4-stubs,1.20.0.post4
2,samd,seeed-wio-terminal,1.20.0,2026-05-01,micropython-samd-seeed-wio-terminal-stubs,1.20.0.post1
2,samd,seeed-wio-terminal,1.20.0,2026-05-01,micropython-samd-seeed-wio-terminal-stubs,1.20.0.post2
2,samd,seeed-wio-terminal,1.20.0,2026-05-01,micropython-samd-seeed-wio-terminal-stubs,1.20.0.post3
2,samd,seeed-wio-terminal,1.20.0,2026-05-01,micropython-samd-seeed-wio-terminal-stubs,1.20.0.post4
4,samd,seeed-wio-terminal,1.20.0,2026-05-01,micropython-samd-seeed-wio-terminal-stubs,1.20.0.post5
2,samd,seeed-wio-terminal,1.21.0,2026-05-01,micropython-samd-seeed-wio-terminal-stubs,1.21.0.post1
2,samd,seeed-wio-terminal,1.21.0,2026-05-01,micropython-samd-seeed-wio-terminal-stubs,1.21.0.post2
5,samd,seeed-wio-terminal,1.21.0,2026-05-01,micropython-samd-seeed-wio-terminal-stubs,1.21.0.post3
2,samd,seeed-wio-terminal,1.22.0,2026-05-01,micropython-samd-seeed-wio-terminal-stubs,1.22.0.post1
4,samd,seeed-wio-terminal,1.22.1,2026-05-01,micropython-samd-seeed-wio-terminal-stubs,1.22.1.post1
2,samd,seeed-wio-terminal,1.23.0,2026-05-01,micropython-samd-seeed-wio-terminal-stubs,1.23.0.post1
4,samd,seeed-wio-terminal,1.23.0,2026-05-01,micropython-samd-seeed-wio-terminal-stubs,1.23.0.post2
2,samd,seeed-wio-terminal,1.24.1,2026-05-01,micropython-samd-seeed-wio-terminal-stubs,1.24.1.post1
4,samd,seeed-wio-terminal,1.24.1,2026-05-01,micropython-samd-seeed-wio-terminal-stubs,1.24.1.post2
2,samd,seeed-wio-terminal,1.25.0,2026-05-01,micropython-samd-seeed-wio-terminal-stubs,1.25.0.post1
2,samd,seeed-wio-terminal,1.25.0,2026-05-01,micropython-samd-seeed-wio-terminal-stubs,1.25.0.post2
4,samd,seeed-wio-terminal,1.25.0,2026-05-01,micropython-samd-seeed-wio-terminal-stubs,1.25.0.post3
11,samd,seeed-wio-terminal,1.26.0,2026-05-01,micropython-samd-seeed-wio-terminal-stubs,1.26.0.post1
16,samd,seeed-wio-terminal,1.27.0,2026-05-01,micropython-samd-seeed-wio-terminal-stubs,1.27.0.post1
21,samd,seeed-wio-terminal,1.28.0,2026-05-01,micropython-samd-seeed-wio-terminal-stubs,1.28.0.post1
30,samd,seeed-wio-terminal,1.28.0,2026-05-01,micropython-samd-seeed-wio-terminal-stubs,1.28.0.post2
60,samd,seeed-wio-terminal,1.28.0,2026-05-01,micropython-samd-seeed-wio-terminal-stubs,1.28.0.post3
122,samd,seeed-wio-terminal,1.28.0,2026-05-01,micropython-samd-seeed-wio-terminal-stubs,1.28.0.post4
2,samd,,1.20.0,2026-05-01,micropython-samd-stubs,1.20.0.post1
4,samd,,1.20.0,2026-05-01,micropython-samd-stubs,1.20.0.post2
2,samd,,1.21.0,2026-05-01,micropython-samd-stubs,1.21.0.post1
4,samd,,1.21.0,2026-05-01,micropython-samd-stubs,1.21.0.post2
2,samd,,1.22.0,2026-05-01,micropython-samd-stubs,1.22.0.post1
6,samd,,1.22.1,2026-05-01,micropython-samd-stubs,1.22.1.post1
2,samd,,1.23.0,2026-05-01,micropython-samd-stubs,1.23.0.post1
5,samd,,1.23.0,2026-05-01,micropython-samd-stubs,1.23.0.post2
2,samd,,,2026-05-01,micropython-samd-stubs,1.23.0a87
2,samd,,1.24.1,2026-05-01,micropython-samd-stubs,1.24.1.post1
4,samd,,1.24.1,2026-05-01,micropython-samd-stubs,1.24.1.post2
3,samd,,1.25.0,2026-05-01,micropython-samd-stubs,1.25.0.post1
2,samd,,1.25.0,2026-05-01,micropython-samd-stubs,1.25.0.post2
4,samd,,1.25.0,2026-05-01,micropython-samd-stubs,1.25.0.post3
11,samd,,1.26.0,2026-05-01,micropython-samd-stubs,1.26.0.post1
16,samd,,1.27.0,2026-05-01,micropython-samd-stubs,1.27.0.post1
20,samd,,1.28.0,2026-05-01,micropython-samd-stubs,1.28.0.post1
28,samd,,1.28.0,2026-05-01,micropython-samd-stubs,1.28.0.post2
492,samd,,1.28.0,2026-05-01,micropython-samd-stubs,1.28.0.post3
152,samd,,1.28.0,2026-05-01,micropython-samd-stubs,1.28.0.post4
2,stdlib,,,2026-05-01,micropython-stdlib-stubs,0.9.0
2,stdlib,,,2026-05-01,micropython-stdlib-stubs,1.0.0
3,stdlib,,,2026-05-01,micropython-stdlib-stubs,1.0.0rc2
2,stdlib,,,2026-05-01,micropython-stdlib-stubs,1.0.1a0
2,stdlib,,,2026-05-01,micropython-stdlib-stubs,1.0.1a1
2,stdlib,,,2026-05-01,micropython-stdlib-stubs,1.0.1a2
2,stdlib,,,2026-05-01,micropython-stdlib-stubs,1.1.0
2,stdlib,,,2026-05-01,micropython-stdlib-stubs,1.1.1
2,stdlib,,,2026-05-01,micropython-stdlib-stubs,1.1.1a2
8,stdlib,,,2026-05-01,micropython-stdlib-stubs,1.1.2
2,stdlib,,,2026-05-01,micropython-stdlib-stubs,1.1.2a0
9,stdlib,,,2026-05-01,micropython-stdlib-stubs,1.23.0
2,stdlib,,,2026-05-01,micropython-stdlib-stubs,1.24.0
5,stdlib,,,2026-05-01,micropython-stdlib-stubs,1.24.1
3,stdlib,,1.24.1,2026-05-01,micropython-stdlib-stubs,1.24.1.post2
25,stdlib,,,2026-05-01,micropython-stdlib-stubs,1.25.0
2,stdlib,,,2026-05-01,micropython-stdlib-stubs,1.26.0
1,stdlib,,1.26.0,2026-05-01,micropython-stdlib-stubs,1.26.0.post1
1,stdlib,,1.26.0,2026-05-01,micropython-stdlib-stubs,1.26.0.post2
153,stdlib,,1.26.0,2026-05-01,micropython-stdlib-stubs,1.26.0.post3
27,stdlib,,,2026-05-01,micropython-stdlib-stubs,1.27.0
11,stdlib,,1.27.0,2026-05-01,micropython-stdlib-stubs,1.27.0.post1
488,stdlib,,1.27.0,2026-05-01,micropython-stdlib-stubs,1.27.0.post2
11,stdlib,,1.28.0,2026-05-01,micropython-stdlib-stubs,1.28.0.post1
22,stdlib,,1.28.0,2026-05-01,micropython-stdlib-stubs,1.28.0.post2
3045,stdlib,,1.28.0,2026-05-01,micropython-stdlib-stubs,1.28.0.post4
1574,stdlib,,1.28.0,2026-05-01,micropython-stdlib-stubs,1.28.0.post5
2,stm32,pybv11,1.20.0,2026-05-01,micropython-stm32-pybv11-stubs,1.20.0.post1
3,stm32,pybv11,1.20.0,2026-05-01,micropython-stm32-pybv11-stubs,1.20.0.post2
2,stm32,pybv11,1.20.0,2026-05-01,micropython-stm32-pybv11-stubs,1.20.0.post3
3,stm32,pybv11,1.20.0,2026-05-01,micropython-stm32-pybv11-stubs,1.20.0.post4
2,stm32,pybv11,1.20.0,2026-05-01,micropython-stm32-pybv11-stubs,1.20.0.post5
5,stm32,pybv11,1.20.0,2026-05-01,micropython-stm32-pybv11-stubs,1.20.0.post6
2,stm32,pybv11,1.21.0,2026-05-01,micropython-stm32-pybv11-stubs,1.21.0.post1
2,stm32,pybv11,1.21.0,2026-05-01,micropython-stm32-pybv11-stubs,1.21.0.post2
4,stm32,pybv11,1.21.0,2026-05-01,micropython-stm32-pybv11-stubs,1.21.0.post3
2,stm32,pybv11,1.22.0,2026-05-01,micropython-stm32-pybv11-stubs,1.22.0.post1
4,stm32,pybv11,1.22.0,2026-05-01,micropython-stm32-pybv11-stubs,1.22.0.post2
3,stm32,pybv11,1.23.0,2026-05-01,micropython-stm32-pybv11-stubs,1.23.0.post1
5,stm32,pybv11,1.23.0,2026-05-01,micropython-stm32-pybv11-stubs,1.23.0.post2
3,stm32,pybv11,1.24.1,2026-05-01,micropython-stm32-pybv11-stubs,1.24.1.post1
4,stm32,pybv11,1.24.1,2026-05-01,micropython-stm32-pybv11-stubs,1.24.1.post2
3,stm32,pybv11,1.25.0,2026-05-01,micropython-stm32-pybv11-stubs,1.25.0.post1
2,stm32,pybv11,1.25.0,2026-05-01,micropython-stm32-pybv11-stubs,1.25.0.post2
4,stm32,pybv11,1.25.0,2026-05-01,micropython-stm32-pybv11-stubs,1.25.0.post3
4,stm32,pybv11,1.26.0,2026-05-01,micropython-stm32-pybv11-stubs,1.26.0.post1
11,stm32,pybv11,1.27.0,2026-05-01,micropython-stm32-pybv11-stubs,1.27.0.post1
13,stm32,pybv11,1.28.0,2026-05-01,micropython-stm32-pybv11-stubs,1.28.0.post1
17,stm32,pybv11,1.28.0,2026-05-01,micropython-stm32-pybv11-stubs,1.28.0.post2
25,stm32,pybv11,1.28.0,2026-05-01,micropython-stm32-pybv11-stubs,1.28.0.post3
42,stm32,pybv11,1.28.0,2026-05-01,micropython-stm32-pybv11-stubs,1.28.0.post4
117,stm32,pybv11,1.28.0,2026-05-01,micropython-stm32-pybv11-stubs,1.28.0.post5
2,stm32,,1.17,2026-05-01,micropython-stm32-stubs,1.17.post1
2,stm32,,1.17,2026-05-01,micropython-stm32-stubs,1.17.post2
2,stm32,,1.17,2026-05-01,micropython-stm32-stubs,1.17.post3
2,stm32,,1.18,2026-05-01,micropython-stm32-stubs,1.18.post1
3,stm32,,1.18,2026-05-01,micropython-stm32-stubs,1.18.post2
4,stm32,,1.18,2026-05-01,micropython-stm32-stubs,1.18.post3
2,stm32,,1.18,2026-05-01,micropython-stm32-stubs,1.18.post4
3,stm32,,1.19.1,2026-05-01,micropython-stm32-stubs,1.19.1.post1
2,stm32,,1.19.1,2026-05-01,micropython-stm32-stubs,1.19.1.post10
3,stm32,,1.19.1,2026-05-01,micropython-stm32-stubs,1.19.1.post11
8,stm32,,1.19.1,2026-05-01,micropython-stm32-stubs,1.19.1.post12
3,stm32,,1.19.1,2026-05-01,micropython-stm32-stubs,1.19.1.post2
4,stm32,,1.19.1,2026-05-01,micropython-stm32-stubs,1.19.1.post3
2,stm32,,1.19.1,2026-05-01,micropython-stm32-stubs,1.19.1.post4
3,stm32,,1.19.1,2026-05-01,micropython-stm32-stubs,1.19.1.post5
2,stm32,,1.19.1,2026-05-01,micropython-stm32-stubs,1.19.1.post6
3,stm32,,1.19.1,2026-05-01,micropython-stm32-stubs,1.19.1.post7
3,stm32,,1.19.1,2026-05-01,micropython-stm32-stubs,1.19.1.post8
2,stm32,,1.19.1,2026-05-01,micropython-stm32-stubs,1.19.1.post9
2,stm32,,1.20.0,2026-05-01,micropython-stm32-stubs,1.20.0.post1
2,stm32,,1.20.0,2026-05-01,micropython-stm32-stubs,1.20.0.post2
4,stm32,,1.20.0,2026-05-01,micropython-stm32-stubs,1.20.0.post3
2,stm32,,1.20.0,2026-05-01,micropython-stm32-stubs,1.20.0.post4
5,stm32,,1.20.0,2026-05-01,micropython-stm32-stubs,1.20.0.post5
2,stm32,,1.21.0,2026-05-01,micropython-stm32-stubs,1.21.0.post1
5,stm32,,1.21.0,2026-05-01,micropython-stm32-stubs,1.21.0.post2
5,stm32,,1.22.0,2026-05-01,micropython-stm32-stubs,1.22.0.post1
2,stm32,,1.23.0,2026-05-01,micropython-stm32-stubs,1.23.0.post1
5,stm32,,1.23.0,2026-05-01,micropython-stm32-stubs,1.23.0.post2
2,stm32,,1.24.1,2026-05-01,micropython-stm32-stubs,1.24.1.post1
4,stm32,,1.24.1,2026-05-01,micropython-stm32-stubs,1.24.1.post2
2,stm32,,1.25.0,2026-05-01,micropython-stm32-stubs,1.25.0.post1
2,stm32,,1.25.0,2026-05-01,micropython-stm32-stubs,1.25.0.post2
6,stm32,,1.25.0,2026-05-01,micropython-stm32-stubs,1.25.0.post3
5,stm32,,1.26.0,2026-05-01,micropython-stm32-stubs,1.26.0.post1
14,stm32,,1.27.0,2026-05-01,micropython-stm32-stubs,1.27.0.post1
10,stm32,,1.28.0,2026-05-01,micropython-stm32-stubs,1.28.0.post1
17,stm32,,1.28.0,2026-05-01,micropython-stm32-stubs,1.28.0.post2
22,stm32,,1.28.0,2026-05-01,micropython-stm32-stubs,1.28.0.post3
218,stm32,,1.28.0,2026-05-01,micropython-stm32-stubs,1.28.0.post4
162,stm32,,1.28.0,2026-05-01,micropython-stm32-stubs,1.28.0.post5
4,unix,,1.20.0,2026-05-01,micropython-unix-stubs,1.20.0.post1
20,unix,,1.21.0,2026-05-01,micropython-unix-stubs,1.21.0.post1
3,unix,,1.24.1,2026-05-01,micropython-unix-stubs,1.24.1.post1
4,unix,,1.24.1,2026-05-01,micropython-unix-stubs,1.24.1.post2
6,unix,,1.25.0,2026-05-01,micropython-unix-stubs,1.25.0.post1
51,unix,,1.26.0,2026-05-01,micropython-unix-stubs,1.26.0.post1
133,unix,,1.28.0,2026-05-01,micropython-unix-stubs,1.28.0.post1
2,webassembly,,1.21.0,2026-05-01,micropython-webassembly-stubs,1.21.0.post1
4,webassembly,,1.21.0,2026-05-01,micropython-webassembly-stubs,1.21.0.post2
2,webassembly,,1.24.1,2026-05-01,micropython-webassembly-stubs,1.24.1.post1
4,webassembly,,1.24.1,2026-05-01,micropython-webassembly-stubs,1.24.1.post2
5,webassembly,,1.25.0,2026-05-01,micropython-webassembly-stubs,1.25.0.post1
8,webassembly,,1.25.0,2026-05-01,micropython-webassembly-stubs,1.25.0.post2
5,webassembly,,1.26.0,2026-05-01,micropython-webassembly-stubs,1.26.0.post1
33,webassembly,,1.26.0,2026-05-01,micropython-webassembly-stubs,1.26.0.post2
2,windows,,1.20.0,2026-05-01,micropython-windows-stubs,1.20.0.post1
2,windows,,1.21.0,2026-05-01,micropython-windows-stubs,1.21.0.post1
2,windows,,1.24.1,2026-05-01,micropython-windows-stubs,1.24.1.post1
2,windows,,1.24.1,2026-05-01,micropython-windows-stubs,1.24.1.post2
4,windows,,1.24.1,2026-05-01,micropython-windows-stubs,1.24.1.post3
5,windows,,1.25.0,2026-05-01,micropython-windows-stubs,1.25.0.post1
29,windows,,1.26.0,2026-05-01,micropython-windows-stubs,1.26.0.post1
110,windows,,1.28.0,2026-05-01,micropython-windows-stubs,1.28.0.post1
16,esp32,esp32-generic-c3,1.23.0,2026-06-01,micropython-esp32-esp32-generic-c3-stubs,1.23.0.post1
22,esp32,esp32-generic-c3,1.23.0,2026-06-01,micropython-esp32-esp32-generic-c3-stubs,1.23.0.post2
10,esp32,esp32-generic-c3,1.27.0,2026-06-01,micropython-esp32-esp32-generic-c3-stubs,1.27.0.post1
16,esp32,esp32-generic-c3,1.28.0,2026-06-01,micropython-esp32-esp32-generic-c3-stubs,1.28.0.post1
24,esp32,esp32-generic-c3,1.28.0,2026-06-01,micropython-esp32-esp32-generic-c3-stubs,1.28.0.post2
120,esp32,esp32-generic-c3,1.28.0,2026-06-01,micropython-esp32-esp32-generic-c3-stubs,1.28.0.post3
127,esp32,esp32-generic-c3,1.28.0,2026-06-01,micropython-esp32-esp32-generic-c3-stubs,1.28.0.post4
49,esp32,esp32-generic-c5,1.28.0,2026-06-01,micropython-esp32-esp32-generic-c5-stubs,1.28.0.post1
98,esp32,esp32-generic-c5,1.28.0,2026-06-01,micropython-esp32-esp32-generic-c5-stubs,1.28.0.post2
17,esp32,esp32-generic-c6,1.24.1,2026-06-01,micropython-esp32-esp32-generic-c6-stubs,1.24.1.post1
13,esp32,esp32-generic-c6,1.24.1,2026-06-01,micropython-esp32-esp32-generic-c6-stubs,1.24.1.post2
9,esp32,esp32-generic-c6,1.25.0,2026-06-01,micropython-esp32-esp32-generic-c6-stubs,1.25.0.post1
8,esp32,esp32-generic-c6,1.25.0,2026-06-01,micropython-esp32-esp32-generic-c6-stubs,1.25.0.post2
9,esp32,esp32-generic-c6,1.25.0,2026-06-01,micropython-esp32-esp32-generic-c6-stubs,1.25.0.post3
8,esp32,esp32-generic-c6,1.25.0,2026-06-01,micropython-esp32-esp32-generic-c6-stubs,1.25.0.post4
10,esp32,esp32-generic-c6,1.26.0,2026-06-01,micropython-esp32-esp32-generic-c6-stubs,1.26.0.post1
13,esp32,esp32-generic-c6,1.27.0,2026-06-01,micropython-esp32-esp32-generic-c6-stubs,1.27.0.post1
21,esp32,esp32-generic-c6,1.28.0,2026-06-01,micropython-esp32-esp32-generic-c6-stubs,1.28.0.post1
28,esp32,esp32-generic-c6,1.28.0,2026-06-01,micropython-esp32-esp32-generic-c6-stubs,1.28.0.post2
120,esp32,esp32-generic-c6,1.28.0,2026-06-01,micropython-esp32-esp32-generic-c6-stubs,1.28.0.post3
121,esp32,esp32-generic-c6,1.28.0,2026-06-01,micropython-esp32-esp32-generic-c6-stubs,1.28.0.post4
17,esp32,esp32-generic-s2,1.25.0,2026-06-01,micropython-esp32-esp32-generic-s2-stubs,1.25.0.post1
12,esp32,esp32-generic-s2,1.25.0,2026-06-01,micropython-esp32-esp32-generic-s2-stubs,1.25.0.post2
10,esp32,esp32-generic-s2,1.25.0,2026-06-01,micropython-esp32-esp32-generic-s2-stubs,1.25.0.post3
10,esp32,esp32-generic-s2,1.25.0,2026-06-01,micropython-esp32-esp32-generic-s2-stubs,1.25.0.post4
9,esp32,esp32-generic-s2,1.26.0,2026-06-01,micropython-esp32-esp32-generic-s2-stubs,1.26.0.post1
11,esp32,esp32-generic-s2,1.27.0,2026-06-01,micropython-esp32-esp32-generic-s2-stubs,1.27.0.post1
18,esp32,esp32-generic-s2,1.28.0,2026-06-01,micropython-esp32-esp32-generic-s2-stubs,1.28.0.post1
28,esp32,esp32-generic-s2,1.28.0,2026-06-01,micropython-esp32-esp32-generic-s2-stubs,1.28.0.post2
46,esp32,esp32-generic-s2,1.28.0,2026-06-01,micropython-esp32-esp32-generic-s2-stubs,1.28.0.post3
103,esp32,esp32-generic-s2,1.28.0,2026-06-01,micropython-esp32-esp32-generic-s2-stubs,1.28.0.post4
17,esp32,esp32-generic-s3,1.22.0,2026-06-01,micropython-esp32-esp32-generic-s3-stubs,1.22.0.post1
10,esp32,esp32-generic-s3,1.23.0,2026-06-01,micropython-esp32-esp32-generic-s3-stubs,1.23.0.post1
9,esp32,esp32-generic-s3,1.23.0,2026-06-01,micropython-esp32-esp32-generic-s3-stubs,1.23.0.post2
7,esp32,esp32-generic-s3,1.24.1,2026-06-01,micropython-esp32-esp32-generic-s3-stubs,1.24.1.post1
11,esp32,esp32-generic-s3,1.24.1,2026-06-01,micropython-esp32-esp32-generic-s3-stubs,1.24.1.post2
16,esp32,esp32-generic-s3,1.26.0,2026-06-01,micropython-esp32-esp32-generic-s3-stubs,1.26.0.post1
52,esp32,esp32-generic-s3,1.27.0,2026-06-01,micropython-esp32-esp32-generic-s3-stubs,1.27.0.post1
19,esp32,esp32-generic-s3,1.28.0,2026-06-01,micropython-esp32-esp32-generic-s3-stubs,1.28.0.post1
24,esp32,esp32-generic-s3,1.28.0,2026-06-01,micropython-esp32-esp32-generic-s3-stubs,1.28.0.post2
51,esp32,esp32-generic-s3,1.28.0,2026-06-01,micropython-esp32-esp32-generic-s3-stubs,1.28.0.post3
1137,esp32,esp32-generic-s3,1.28.0,2026-06-01,micropython-esp32-esp32-generic-s3-stubs,1.28.0.post4
16,esp32,esp32-generic,1.21.0,2026-06-01,micropython-esp32-esp32-generic-stubs,1.21.0.post1
10,esp32,esp32-generic,1.21.0,2026-06-01,micropython-esp32-esp32-generic-stubs,1.21.0.post2
8,esp32,esp32-generic,1.22.0,2026-06-01,micropython-esp32-esp32-generic-stubs,1.22.0.post1
7,esp32,esp32-generic,1.23.0,2026-06-01,micropython-esp32-esp32-generic-stubs,1.23.0.post1
6,esp32,esp32-generic,1.23.0,2026-06-01,micropython-esp32-esp32-generic-stubs,1.23.0.post2
6,esp32,esp32-generic,1.24.1,2026-06-01,micropython-esp32-esp32-generic-stubs,1.24.1.post1
6,esp32,esp32-generic,1.24.1,2026-06-01,micropython-esp32-esp32-generic-stubs,1.24.1.post2
8,esp32,esp32-generic,1.25.0,2026-06-01,micropython-esp32-esp32-generic-stubs,1.25.0.post1
7,esp32,esp32-generic,1.25.0,2026-06-01,micropython-esp32-esp32-generic-stubs,1.25.0.post2
8,esp32,esp32-generic,1.25.0,2026-06-01,micropython-esp32-esp32-generic-stubs,1.25.0.post3
7,esp32,esp32-generic,1.25.0,2026-06-01,micropython-esp32-esp32-generic-stubs,1.25.0.post4
6,esp32,esp32-generic,1.25.0,2026-06-01,micropython-esp32-esp32-generic-stubs,1.25.0.post5
7,esp32,esp32-generic,1.26.0,2026-06-01,micropython-esp32-esp32-generic-stubs,1.26.0.post1
11,esp32,esp32-generic,1.27.0,2026-06-01,micropython-esp32-esp32-generic-stubs,1.27.0.post1
17,esp32,esp32-generic,1.28.0,2026-06-01,micropython-esp32-esp32-generic-stubs,1.28.0.post1
24,esp32,esp32-generic,1.28.0,2026-06-01,micropython-esp32-esp32-generic-stubs,1.28.0.post2
45,esp32,esp32-generic,1.28.0,2026-06-01,micropython-esp32-esp32-generic-stubs,1.28.0.post3
195,esp32,esp32-generic,1.28.0,2026-06-01,micropython-esp32-esp32-generic-stubs,1.28.0.post4
71,esp32,generic-ota,1.20.0,2026-06-01,micropython-esp32-generic-ota-stubs,1.20.0.post1
114,esp32,generic-ota,1.20.0,2026-06-01,micropython-esp32-generic-ota-stubs,1.20.0.post2
36,esp32,generic-s3,1.19.1,2026-06-01,micropython-esp32-generic-s3-stubs,1.19.1.post1
48,esp32,generic-s3,1.20.0,2026-06-01,micropython-esp32-generic-s3-stubs,1.20.0.post1
95,esp32,generic-s3,1.20.0,2026-06-01,micropython-esp32-generic-s3-stubs,1.20.0.post2
97,esp32,generic-spiram,1.19.1,2026-06-01,micropython-esp32-generic-spiram-stubs,1.19.1.post1
28,esp32,ota,1.20.0,2026-06-01,micropython-esp32-ota-stubs,1.20.0.post1
69,esp32,ota,1.20.0,2026-06-01,micropython-esp32-ota-stubs,1.20.0.post2
27,esp32,s3,1.19.1,2026-06-01,micropython-esp32-s3-stubs,1.19.1.post1
84,esp32,s3,1.20.0,2026-06-01,micropython-esp32-s3-stubs,1.20.0.post1
7,esp32,,1.17,2026-06-01,micropython-esp32-stubs,1.17.post1
4,esp32,,1.18,2026-06-01,micropython-esp32-stubs,1.18.post1
1,esp32,,1.18,2026-06-01,micropython-esp32-stubs,1.18.post2
1,esp32,,1.18,2026-06-01,micropython-esp32-stubs,1.18.post3
2,esp32,,1.19.1,2026-06-01,micropython-esp32-stubs,1.19.1.post10
3,esp32,,1.19.1,2026-06-01,micropython-esp32-stubs,1.19.1.post11
1,esp32,,1.19.1,2026-06-01,micropython-esp32-stubs,1.19.1.post12
11,esp32,,1.19.1,2026-06-01,micropython-esp32-stubs,1.19.1.post15
1,esp32,,1.19.1,2026-06-01,micropython-esp32-stubs,1.19.1.post2
1,esp32,,1.19.1,2026-06-01,micropython-esp32-stubs,1.19.1.post4
1,esp32,,1.19.1,2026-06-01,micropython-esp32-stubs,1.19.1.post5
1,esp32,,1.19.1,2026-06-01,micropython-esp32-stubs,1.19.1.post6
1,esp32,,1.19.1,2026-06-01,micropython-esp32-stubs,1.19.1.post7
1,esp32,,1.19.1,2026-06-01,micropython-esp32-stubs,1.19.1.post8
3,esp32,,1.20.0,2026-06-01,micropython-esp32-stubs,1.20.0.post1
3,esp32,,1.20.0,2026-06-01,micropython-esp32-stubs,1.20.0.post2
2,esp32,,1.20.0,2026-06-01,micropython-esp32-stubs,1.20.0.post4
19,esp32,,1.20.0,2026-06-01,micropython-esp32-stubs,1.20.0.post5
1,esp32,,1.21.0,2026-06-01,micropython-esp32-stubs,1.21.0.post2
12,esp32,,1.21.0,2026-06-01,micropython-esp32-stubs,1.21.0.post4
3,esp32,,1.23.0,2026-06-01,micropython-esp32-stubs,1.23.0.post1
21,esp32,,1.24.1,2026-06-01,micropython-esp32-stubs,1.24.1.post1
5,esp32,,1.24.1,2026-06-01,micropython-esp32-stubs,1.24.1.post2
2,esp32,,1.25.0,2026-06-01,micropython-esp32-stubs,1.25.0.post1
12,esp32,,1.25.0,2026-06-01,micropython-esp32-stubs,1.25.0.post2
1,esp32,,1.25.0,2026-06-01,micropython-esp32-stubs,1.25.0.post3
2,esp32,,1.25.0,2026-06-01,micropython-esp32-stubs,1.25.0.post5
33,esp32,,1.26.0,2026-06-01,micropython-esp32-stubs,1.26.0.post1
22,esp32,,1.27.0,2026-06-01,micropython-esp32-stubs,1.27.0.post1
12,esp32,,1.28.0,2026-06-01,micropython-esp32-stubs,1.28.0.post1
11,esp32,,1.28.0,2026-06-01,micropython-esp32-stubs,1.28.0.post2
63,esp32,,1.28.0,2026-06-01,micropython-esp32-stubs,1.28.0.post3
1431,esp32,,1.28.0,2026-06-01,micropython-esp32-stubs,1.28.0.post4
6,esp32,um-tinypico,1.19.1,2026-06-01,micropython-esp32-um-tinypico-stubs,1.19.1.post2
3,esp32,um-tinypico,1.19.1,2026-06-01,micropython-esp32-um-tinypico-stubs,1.19.1.post3
2,esp32,um-tinypico,1.19.1,2026-06-01,micropython-esp32-um-tinypico-stubs,1.19.1.post4
7,esp32,um-tinypico,1.19.1,2026-06-01,micropython-esp32-um-tinypico-stubs,1.19.1.post5
11,esp32,um-tinypico,1.19.1,2026-06-01,micropython-esp32-um-tinypico-stubs,1.19.1.post6
25,esp32,um-tinypico,1.19.1,2026-06-01,micropython-esp32-um-tinypico-stubs,1.19.1.post7
64,esp32,um-tinypico,1.19.1,2026-06-01,micropython-esp32-um-tinypico-stubs,1.19.1.post8
15,esp8266,esp8266-generic,1.23.0,2026-06-01,micropython-esp8266-esp8266-generic-stubs,1.23.0.post1
10,esp8266,esp8266-generic,1.23.0,2026-06-01,micropython-esp8266-esp8266-generic-stubs,1.23.0.post2
7,esp8266,esp8266-generic,1.25.0,2026-06-01,micropython-esp8266-esp8266-generic-stubs,1.25.0.post1
6,esp8266,esp8266-generic,1.25.0,2026-06-01,micropython-esp8266-esp8266-generic-stubs,1.25.0.post2
7,esp8266,esp8266-generic,1.25.0,2026-06-01,micropython-esp8266-esp8266-generic-stubs,1.25.0.post3
6,esp8266,esp8266-generic,1.25.0,2026-06-01,micropython-esp8266-esp8266-generic-stubs,1.25.0.post4
10,esp8266,esp8266-generic,1.26.0,2026-06-01,micropython-esp8266-esp8266-generic-stubs,1.26.0.post1
11,esp8266,esp8266-generic,1.27.0,2026-06-01,micropython-esp8266-esp8266-generic-stubs,1.27.0.post1
16,esp8266,esp8266-generic,1.28.0,2026-06-01,micropython-esp8266-esp8266-generic-stubs,1.28.0.post1
25,esp8266,esp8266-generic,1.28.0,2026-06-01,micropython-esp8266-esp8266-generic-stubs,1.28.0.post2
45,esp8266,esp8266-generic,1.28.0,2026-06-01,micropython-esp8266-esp8266-generic-stubs,1.28.0.post3
113,esp8266,esp8266-generic,1.28.0,2026-06-01,micropython-esp8266-esp8266-generic-stubs,1.28.0.post4
6,esp8266,,1.17,2026-06-01,micropython-esp8266-stubs,1.17.post1
3,esp8266,,1.18,2026-06-01,micropython-esp8266-stubs,1.18.post1
1,esp8266,,1.18,2026-06-01,micropython-esp8266-stubs,1.18.post2
1,esp8266,,1.18,2026-06-01,micropython-esp8266-stubs,1.18.post4
2,esp8266,,1.19.1,2026-06-01,micropython-esp8266-stubs,1.19.1.post10
1,esp8266,,1.19.1,2026-06-01,micropython-esp8266-stubs,1.19.1.post11
11,esp8266,,1.19.1,2026-06-01,micropython-esp8266-stubs,1.19.1.post12
2,esp8266,,1.24.1,2026-06-01,micropython-esp8266-stubs,1.24.1.post1
2,esp8266,,1.25.0,2026-06-01,micropython-esp8266-stubs,1.25.0.post1
2,esp8266,,1.25.0,2026-06-01,micropython-esp8266-stubs,1.25.0.post2
1,esp8266,,1.25.0,2026-06-01,micropython-esp8266-stubs,1.25.0.post3
1,esp8266,,1.26.0,2026-06-01,micropython-esp8266-stubs,1.26.0.post1
9,esp8266,,1.27.0,2026-06-01,micropython-esp8266-stubs,1.27.0.post1
11,esp8266,,1.28.0,2026-06-01,micropython-esp8266-stubs,1.28.0.post1
14,esp8266,,1.28.0,2026-06-01,micropython-esp8266-stubs,1.28.0.post2
29,esp8266,,1.28.0,2026-06-01,micropython-esp8266-stubs,1.28.0.post3
110,esp8266,,1.28.0,2026-06-01,micropython-esp8266-stubs,1.28.0.post4
59,mimxrt,mimxrt1010-evk,1.26.1,2026-06-01,micropython-mimxrt-mimxrt1010-evk-stubs,1.26.1.post1
63,mimxrt,seeed-arch-mix,1.26.1,2026-06-01,micropython-mimxrt-seeed-arch-mix-stubs,1.26.1.post1
63,mimxrt,,1.26.1,2026-06-01,micropython-mimxrt-stubs,1.26.1.post1
7,rp2,arduino-nano-rp2040-connect,1.22.0,2026-06-01,micropython-rp2-arduino-nano-rp2040-connect-stubs,1.22.0.post1
3,rp2,arduino-nano-rp2040-connect,1.22.1,2026-06-01,micropython-rp2-arduino-nano-rp2040-connect-stubs,1.22.1.post1
1,rp2,arduino-nano-rp2040-connect,1.22.1,2026-06-01,micropython-rp2-arduino-nano-rp2040-connect-stubs,1.22.1.post2
1,rp2,arduino-nano-rp2040-connect,1.24.1,2026-06-01,micropython-rp2-arduino-nano-rp2040-connect-stubs,1.24.1.post1
3,rp2,arduino-nano-rp2040-connect,1.24.1,2026-06-01,micropython-rp2-arduino-nano-rp2040-connect-stubs,1.24.1.post2
5,rp2,arduino-nano-rp2040-connect,1.28.0,2026-06-01,micropython-rp2-arduino-nano-rp2040-connect-stubs,1.28.0.post1
13,rp2,arduino-nano-rp2040-connect,1.28.0,2026-06-01,micropython-rp2-arduino-nano-rp2040-connect-stubs,1.28.0.post2
24,rp2,arduino-nano-rp2040-connect,1.28.0,2026-06-01,micropython-rp2-arduino-nano-rp2040-connect-stubs,1.28.0.post3
95,rp2,arduino-nano-rp2040-connect,1.28.0,2026-06-01,micropython-rp2-arduino-nano-rp2040-connect-stubs,1.28.0.post4
6,rp2,pico,1.20.0,2026-06-01,micropython-rp2-pico-stubs,1.20.0.post1
7,rp2,pico,1.20.0,2026-06-01,micropython-rp2-pico-stubs,1.20.0.post2
10,rp2,pico,1.20.0,2026-06-01,micropython-rp2-pico-stubs,1.20.0.post3
20,rp2,pico,1.20.0,2026-06-01,micropython-rp2-pico-stubs,1.20.0.post4
290,rp2,pico,1.20.0,2026-06-01,micropython-rp2-pico-stubs,1.20.0.post5
7,rp2,pico-w,1.20.0,2026-06-01,micropython-rp2-pico-w-stubs,1.20.0.post1
9,rp2,pico-w,1.20.0,2026-06-01,micropython-rp2-pico-w-stubs,1.20.0.post2
10,rp2,pico-w,1.20.0,2026-06-01,micropython-rp2-pico-w-stubs,1.20.0.post3
20,rp2,pico-w,1.20.0,2026-06-01,micropython-rp2-pico-w-stubs,1.20.0.post4
135,rp2,pico-w,1.20.0,2026-06-01,micropython-rp2-pico-w-stubs,1.20.0.post5
11,rp2,pimoroni-picolipo-16mb,1.20.0,2026-06-01,micropython-rp2-pimoroni-picolipo-16mb-stubs,1.20.0.post1
14,rp2,pimoroni-picolipo-16mb,1.20.0,2026-06-01,micropython-rp2-pimoroni-picolipo-16mb-stubs,1.20.0.post2
40,rp2,pimoroni-picolipo-16mb,1.20.0,2026-06-01,micropython-rp2-pimoroni-picolipo-16mb-stubs,1.20.0.post3
63,rp2,pimoroni-picolipo-16mb,1.22.0,2026-06-01,micropython-rp2-pimoroni-picolipo-16mb-stubs,1.22.0.post1
25,rp2,pimoroni-picolipo,1.26.0,2026-06-01,micropython-rp2-pimoroni-picolipo-stubs,1.26.0.post1
66,rp2,pimoroni-picolipo,1.27.0,2026-06-01,micropython-rp2-pimoroni-picolipo-stubs,1.27.0.post1
6,rp2,rpi-pico,1.21.0,2026-06-01,micropython-rp2-rpi-pico-stubs,1.21.0.post1
3,rp2,rpi-pico,1.21.0,2026-06-01,micropython-rp2-rpi-pico-stubs,1.21.0.post2
11,rp2,rpi-pico,1.21.0,2026-06-01,micropython-rp2-rpi-pico-stubs,1.21.0.post3
1,rp2,rpi-pico,1.22.1,2026-06-01,micropython-rp2-rpi-pico-stubs,1.22.1.post2
3,rp2,rpi-pico,1.24.1,2026-06-01,micropython-rp2-rpi-pico-stubs,1.24.1.post2
3,rp2,rpi-pico,1.26.0,2026-06-01,micropython-rp2-rpi-pico-stubs,1.26.0.post1
3,rp2,rpi-pico,1.27.0,2026-06-01,micropython-rp2-rpi-pico-stubs,1.27.0.post1
6,rp2,rpi-pico,1.28.0,2026-06-01,micropython-rp2-rpi-pico-stubs,1.28.0.post1
12,rp2,rpi-pico,1.28.0,2026-06-01,micropython-rp2-rpi-pico-stubs,1.28.0.post2
24,rp2,rpi-pico,1.28.0,2026-06-01,micropython-rp2-rpi-pico-stubs,1.28.0.post3
110,rp2,rpi-pico,1.28.0,2026-06-01,micropython-rp2-rpi-pico-stubs,1.28.0.post4
6,rp2,rpi-pico-w,1.21.0,2026-06-01,micropython-rp2-rpi-pico-w-stubs,1.21.0.post1
3,rp2,rpi-pico-w,1.21.0,2026-06-01,micropython-rp2-rpi-pico-w-stubs,1.21.0.post2
11,rp2,rpi-pico-w,1.21.0,2026-06-01,micropython-rp2-rpi-pico-w-stubs,1.21.0.post3
1,rp2,rpi-pico-w,1.23.0,2026-06-01,micropython-rp2-rpi-pico-w-stubs,1.23.0.post2
1,rp2,rpi-pico-w,1.24.1,2026-06-01,micropython-rp2-rpi-pico-w-stubs,1.24.1.post2
1,rp2,rpi-pico-w,1.25.0,2026-06-01,micropython-rp2-rpi-pico-w-stubs,1.25.0.post1
1,rp2,rpi-pico-w,1.25.0,2026-06-01,micropython-rp2-rpi-pico-w-stubs,1.25.0.post3
7,rp2,rpi-pico-w,1.26.0,2026-06-01,micropython-rp2-rpi-pico-w-stubs,1.26.0.post1
7,rp2,rpi-pico-w,1.28.0,2026-06-01,micropython-rp2-rpi-pico-w-stubs,1.28.0.post1
12,rp2,rpi-pico-w,1.28.0,2026-06-01,micropython-rp2-rpi-pico-w-stubs,1.28.0.post2
24,rp2,rpi-pico-w,1.28.0,2026-06-01,micropython-rp2-rpi-pico-w-stubs,1.28.0.post3
171,rp2,rpi-pico-w,1.28.0,2026-06-01,micropython-rp2-rpi-pico-w-stubs,1.28.0.post4
6,rp2,rpi-pico2,1.24.1,2026-06-01,micropython-rp2-rpi-pico2-stubs,1.24.1.post1
6,rp2,rpi-pico2,1.24.1,2026-06-01,micropython-rp2-rpi-pico2-stubs,1.24.1.post2
1,rp2,rpi-pico2,1.26.0,2026-06-01,micropython-rp2-rpi-pico2-stubs,1.26.0.post1
5,rp2,rpi-pico2,1.27.0,2026-06-01,micropython-rp2-rpi-pico2-stubs,1.27.0.post1
6,rp2,rpi-pico2,1.28.0,2026-06-01,micropython-rp2-rpi-pico2-stubs,1.28.0.post1
13,rp2,rpi-pico2,1.28.0,2026-06-01,micropython-rp2-rpi-pico2-stubs,1.28.0.post2
24,rp2,rpi-pico2,1.28.0,2026-06-01,micropython-rp2-rpi-pico2-stubs,1.28.0.post3
89,rp2,rpi-pico2,1.28.0,2026-06-01,micropython-rp2-rpi-pico2-stubs,1.28.0.post4
7,rp2,rpi-pico2-w,1.25.0,2026-06-01,micropython-rp2-rpi-pico2-w-stubs,1.25.0.post1
3,rp2,rpi-pico2-w,1.25.0,2026-06-01,micropython-rp2-rpi-pico2-w-stubs,1.25.0.post2
1,rp2,rpi-pico2-w,1.25.0,2026-06-01,micropython-rp2-rpi-pico2-w-stubs,1.25.0.post3
4,rp2,rpi-pico2-w,1.25.0,2026-06-01,micropython-rp2-rpi-pico2-w-stubs,1.25.0.post4
24,rp2,rpi-pico2-w,1.26.0,2026-06-01,micropython-rp2-rpi-pico2-w-stubs,1.26.0.post1
7,rp2,rpi-pico2-w,1.27.0,2026-06-01,micropython-rp2-rpi-pico2-w-stubs,1.27.0.post1
6,rp2,rpi-pico2-w,1.28.0,2026-06-01,micropython-rp2-rpi-pico2-w-stubs,1.28.0.post1
13,rp2,rpi-pico2-w,1.28.0,2026-06-01,micropython-rp2-rpi-pico2-w-stubs,1.28.0.post2
26,rp2,rpi-pico2-w,1.28.0,2026-06-01,micropython-rp2-rpi-pico2-w-stubs,1.28.0.post3
90,rp2,rpi-pico2-w,1.28.0,2026-06-01,micropython-rp2-rpi-pico2-w-stubs,1.28.0.post4
7,rp2,,1.17,2026-06-01,micropython-rp2-stubs,1.17.post1
20,rp2,,1.18,2026-06-01,micropython-rp2-stubs,1.18.post1
1,rp2,,1.18,2026-06-01,micropython-rp2-stubs,1.18.post3
1,rp2,,1.19.1,2026-06-01,micropython-rp2-stubs,1.19.1.post11
12,rp2,,1.19.1,2026-06-01,micropython-rp2-stubs,1.19.1.post14
1,rp2,,1.19.1,2026-06-01,micropython-rp2-stubs,1.19.1.post9
2,rp2,,1.20.0,2026-06-01,micropython-rp2-stubs,1.20.0.post3
21,rp2,,1.20.0,2026-06-01,micropython-rp2-stubs,1.20.0.post5
1,rp2,,1.21.0,2026-06-01,micropython-rp2-stubs,1.21.0.post1
13,rp2,,1.21.0,2026-06-01,micropython-rp2-stubs,1.21.0.post2
1,rp2,,1.22.1,2026-06-01,micropython-rp2-stubs,1.22.1.post2
1,rp2,,1.23.0,2026-06-01,micropython-rp2-stubs,1.23.0.post1
1,rp2,,1.24.1,2026-06-01,micropython-rp2-stubs,1.24.1.post1
1,rp2,,1.24.1,2026-06-01,micropython-rp2-stubs,1.24.1.post2
1,rp2,,1.25.0,2026-06-01,micropython-rp2-stubs,1.25.0.post1
1,rp2,,1.26.0,2026-06-01,micropython-rp2-stubs,1.26.0.post1
11,rp2,,1.27.0,2026-06-01,micropython-rp2-stubs,1.27.0.post1
6,rp2,,1.28.0,2026-06-01,micropython-rp2-stubs,1.28.0.post1
12,rp2,,1.28.0,2026-06-01,micropython-rp2-stubs,1.28.0.post2
23,rp2,,1.28.0,2026-06-01,micropython-rp2-stubs,1.28.0.post3
635,rp2,,1.28.0,2026-06-01,micropython-rp2-stubs,1.28.0.post4
17,rp2,waveshare-rp2040-zero,1.28.0,2026-06-01,micropython-rp2-waveshare-rp2040-zero-stubs,1.28.0.post1
15,rp2,waveshare-rp2040-zero,1.28.0,2026-06-01,micropython-rp2-waveshare-rp2040-zero-stubs,1.28.0.post2
28,rp2,waveshare-rp2040-zero,1.28.0,2026-06-01,micropython-rp2-waveshare-rp2040-zero-stubs,1.28.0.post3
85,rp2,waveshare-rp2040-zero,1.28.0,2026-06-01,micropython-rp2-waveshare-rp2040-zero-stubs,1.28.0.post4
20,samd,adafruit-feather-m4-express,1.20.0,2026-06-01,micropython-samd-adafruit-feather-m4-express-stubs,1.20.0.post1
23,samd,adafruit-feather-m4-express,1.20.0,2026-06-01,micropython-samd-adafruit-feather-m4-express-stubs,1.20.0.post2
47,samd,adafruit-feather-m4-express,1.20.0,2026-06-01,micropython-samd-adafruit-feather-m4-express-stubs,1.20.0.post3
109,samd,adafruit-feather-m4-express,1.20.0,2026-06-01,micropython-samd-adafruit-feather-m4-express-stubs,1.20.0.post4
20,samd,adafruit-itsybitsy-m4-express,1.20.0,2026-06-01,micropython-samd-adafruit-itsybitsy-m4-express-stubs,1.20.0.post1
24,samd,adafruit-itsybitsy-m4-express,1.20.0,2026-06-01,micropython-samd-adafruit-itsybitsy-m4-express-stubs,1.20.0.post2
48,samd,adafruit-itsybitsy-m4-express,1.20.0,2026-06-01,micropython-samd-adafruit-itsybitsy-m4-express-stubs,1.20.0.post3
116,samd,adafruit-itsybitsy-m4-express,1.20.0,2026-06-01,micropython-samd-adafruit-itsybitsy-m4-express-stubs,1.20.0.post4
21,samd,minisam-m4,1.20.0,2026-06-01,micropython-samd-minisam-m4-stubs,1.20.0.post1
25,samd,minisam-m4,1.20.0,2026-06-01,micropython-samd-minisam-m4-stubs,1.20.0.post2
50,samd,minisam-m4,1.20.0,2026-06-01,micropython-samd-minisam-m4-stubs,1.20.0.post3
104,samd,minisam-m4,1.20.0,2026-06-01,micropython-samd-minisam-m4-stubs,1.20.0.post4
15,samd,seeed-wio-terminal,1.20.0,2026-06-01,micropython-samd-seeed-wio-terminal-stubs,1.20.0.post1
11,samd,seeed-wio-terminal,1.20.0,2026-06-01,micropython-samd-seeed-wio-terminal-stubs,1.20.0.post2
8,samd,seeed-wio-terminal,1.20.0,2026-06-01,micropython-samd-seeed-wio-terminal-stubs,1.20.0.post3
8,samd,seeed-wio-terminal,1.20.0,2026-06-01,micropython-samd-seeed-wio-terminal-stubs,1.20.0.post4
26,samd,seeed-wio-terminal,1.20.0,2026-06-01,micropython-samd-seeed-wio-terminal-stubs,1.20.0.post5
8,samd,seeed-wio-terminal,1.21.0,2026-06-01,micropython-samd-seeed-wio-terminal-stubs,1.21.0.post1
8,samd,seeed-wio-terminal,1.21.0,2026-06-01,micropython-samd-seeed-wio-terminal-stubs,1.21.0.post2
20,samd,seeed-wio-terminal,1.21.0,2026-06-01,micropython-samd-seeed-wio-terminal-stubs,1.21.0.post3
7,samd,seeed-wio-terminal,1.22.0,2026-06-01,micropython-samd-seeed-wio-terminal-stubs,1.22.0.post1
7,samd,seeed-wio-terminal,1.22.1,2026-06-01,micropython-samd-seeed-wio-terminal-stubs,1.22.1.post1
8,samd,seeed-wio-terminal,1.23.0,2026-06-01,micropython-samd-seeed-wio-terminal-stubs,1.23.0.post1
10,samd,seeed-wio-terminal,1.23.0,2026-06-01,micropython-samd-seeed-wio-terminal-stubs,1.23.0.post2
9,samd,seeed-wio-terminal,1.24.1,2026-06-01,micropython-samd-seeed-wio-terminal-stubs,1.24.1.post1
8,samd,seeed-wio-terminal,1.24.1,2026-06-01,micropython-samd-seeed-wio-terminal-stubs,1.24.1.post2
8,samd,seeed-wio-terminal,1.25.0,2026-06-01,micropython-samd-seeed-wio-terminal-stubs,1.25.0.post1
7,samd,seeed-wio-terminal,1.25.0,2026-06-01,micropython-samd-seeed-wio-terminal-stubs,1.25.0.post2
7,samd,seeed-wio-terminal,1.25.0,2026-06-01,micropython-samd-seeed-wio-terminal-stubs,1.25.0.post3
10,samd,seeed-wio-terminal,1.26.0,2026-06-01,micropython-samd-seeed-wio-terminal-stubs,1.26.0.post1
12,samd,seeed-wio-terminal,1.27.0,2026-06-01,micropython-samd-seeed-wio-terminal-stubs,1.27.0.post1
17,samd,seeed-wio-terminal,1.28.0,2026-06-01,micropython-samd-seeed-wio-terminal-stubs,1.28.0.post1
21,samd,seeed-wio-terminal,1.28.0,2026-06-01,micropython-samd-seeed-wio-terminal-stubs,1.28.0.post2
49,samd,seeed-wio-terminal,1.28.0,2026-06-01,micropython-samd-seeed-wio-terminal-stubs,1.28.0.post3
109,samd,seeed-wio-terminal,1.28.0,2026-06-01,micropython-samd-seeed-wio-terminal-stubs,1.28.0.post4
15,samd,,1.20.0,2026-06-01,micropython-samd-stubs,1.20.0.post1
27,samd,,1.20.0,2026-06-01,micropython-samd-stubs,1.20.0.post2
11,samd,,1.21.0,2026-06-01,micropython-samd-stubs,1.21.0.post1
19,samd,,1.21.0,2026-06-01,micropython-samd-stubs,1.21.0.post2
9,samd,,1.22.0,2026-06-01,micropython-samd-stubs,1.22.0.post1
8,samd,,1.22.1,2026-06-01,micropython-samd-stubs,1.22.1.post1
7,samd,,1.23.0,2026-06-01,micropython-samd-stubs,1.23.0.post1
8,samd,,1.23.0,2026-06-01,micropython-samd-stubs,1.23.0.post2
8,samd,,,2026-06-01,micropython-samd-stubs,1.23.0a87
7,samd,,1.24.1,2026-06-01,micropython-samd-stubs,1.24.1.post1
10,samd,,1.24.1,2026-06-01,micropython-samd-stubs,1.24.1.post2
9,samd,,1.25.0,2026-06-01,micropython-samd-stubs,1.25.0.post1
7,samd,,1.25.0,2026-06-01,micropython-samd-stubs,1.25.0.post2
7,samd,,1.25.0,2026-06-01,micropython-samd-stubs,1.25.0.post3
7,samd,,1.26.0,2026-06-01,micropython-samd-stubs,1.26.0.post1
11,samd,,1.27.0,2026-06-01,micropython-samd-stubs,1.27.0.post1
17,samd,,1.28.0,2026-06-01,micropython-samd-stubs,1.28.0.post1
23,samd,,1.28.0,2026-06-01,micropython-samd-stubs,1.28.0.post2
50,samd,,1.28.0,2026-06-01,micropython-samd-stubs,1.28.0.post3
135,samd,,1.28.0,2026-06-01,micropython-samd-stubs,1.28.0.post4
6,stdlib,,,2026-06-01,micropython-stdlib-stubs,0.9.0
3,stdlib,,,2026-06-01,micropython-stdlib-stubs,1.0.0rc2
1,stdlib,,,2026-06-01,micropython-stdlib-stubs,1.0.1a1
1,stdlib,,,2026-06-01,micropython-stdlib-stubs,1.1.1
6,stdlib,,,2026-06-01,micropython-stdlib-stubs,1.1.1a2
22,stdlib,,,2026-06-01,micropython-stdlib-stubs,1.1.2
1,stdlib,,,2026-06-01,micropython-stdlib-stubs,1.1.2a0
2,stdlib,,,2026-06-01,micropython-stdlib-stubs,1.23.0
1,stdlib,,,2026-06-01,micropython-stdlib-stubs,1.24.0
24,stdlib,,,2026-06-01,micropython-stdlib-stubs,1.24.1
5,stdlib,,1.24.1,2026-06-01,micropython-stdlib-stubs,1.24.1.post2
36,stdlib,,,2026-06-01,micropython-stdlib-stubs,1.25.0
1,stdlib,,,2026-06-01,micropython-stdlib-stubs,1.26.0
104,stdlib,,1.26.0,2026-06-01,micropython-stdlib-stubs,1.26.0.post3
23,stdlib,,,2026-06-01,micropython-stdlib-stubs,1.27.0
6,stdlib,,1.27.0,2026-06-01,micropython-stdlib-stubs,1.27.0.post1
97,stdlib,,1.27.0,2026-06-01,micropython-stdlib-stubs,1.27.0.post2
12,stdlib,,1.28.0,2026-06-01,micropython-stdlib-stubs,1.28.0.post1
17,stdlib,,1.28.0,2026-06-01,micropython-stdlib-stubs,1.28.0.post2
134,stdlib,,1.28.0,2026-06-01,micropython-stdlib-stubs,1.28.0.post4
3656,stdlib,,1.28.0,2026-06-01,micropython-stdlib-stubs,1.28.0.post5
6,stm32,pybv11,1.20.0,2026-06-01,micropython-stm32-pybv11-stubs,1.20.0.post1
4,stm32,pybv11,1.20.0,2026-06-01,micropython-stm32-pybv11-stubs,1.20.0.post2
1,stm32,pybv11,1.20.0,2026-06-01,micropython-stm32-pybv11-stubs,1.20.0.post5
19,stm32,pybv11,1.20.0,2026-06-01,micropython-stm32-pybv11-stubs,1.20.0.post6
11,stm32,pybv11,1.21.0,2026-06-01,micropython-stm32-pybv11-stubs,1.21.0.post3
2,stm32,pybv11,1.23.0,2026-06-01,micropython-stm32-pybv11-stubs,1.23.0.post2
1,stm32,pybv11,1.24.1,2026-06-01,micropython-stm32-pybv11-stubs,1.24.1.post1
1,stm32,pybv11,1.24.1,2026-06-01,micropython-stm32-pybv11-stubs,1.24.1.post2
1,stm32,pybv11,1.25.0,2026-06-01,micropython-stm32-pybv11-stubs,1.25.0.post1
1,stm32,pybv11,1.25.0,2026-06-01,micropython-stm32-pybv11-stubs,1.25.0.post3
3,stm32,pybv11,1.26.0,2026-06-01,micropython-stm32-pybv11-stubs,1.26.0.post1
4,stm32,pybv11,1.27.0,2026-06-01,micropython-stm32-pybv11-stubs,1.27.0.post1
3,stm32,pybv11,1.28.0,2026-06-01,micropython-stm32-pybv11-stubs,1.28.0.post1
6,stm32,pybv11,1.28.0,2026-06-01,micropython-stm32-pybv11-stubs,1.28.0.post2
14,stm32,pybv11,1.28.0,2026-06-01,micropython-stm32-pybv11-stubs,1.28.0.post3
22,stm32,pybv11,1.28.0,2026-06-01,micropython-stm32-pybv11-stubs,1.28.0.post4
68,stm32,pybv11,1.28.0,2026-06-01,micropython-stm32-pybv11-stubs,1.28.0.post5
6,stm32,,1.17,2026-06-01,micropython-stm32-stubs,1.17.post1
4,stm32,,1.18,2026-06-01,micropython-stm32-stubs,1.18.post1
2,stm32,,1.18,2026-06-01,micropython-stm32-stubs,1.18.post2
2,stm32,,1.18,2026-06-01,micropython-stm32-stubs,1.18.post4
1,stm32,,1.19.1,2026-06-01,micropython-stm32-stubs,1.19.1.post10
2,stm32,,1.19.1,2026-06-01,micropython-stm32-stubs,1.19.1.post11
11,stm32,,1.19.1,2026-06-01,micropython-stm32-stubs,1.19.1.post12
7,stm32,,1.19.1,2026-06-01,micropython-stm32-stubs,1.19.1.post2
1,stm32,,1.19.1,2026-06-01,micropython-stm32-stubs,1.19.1.post5
1,stm32,,1.19.1,2026-06-01,micropython-stm32-stubs,1.19.1.post6
1,stm32,,1.19.1,2026-06-01,micropython-stm32-stubs,1.19.1.post9
1,stm32,,1.20.0,2026-06-01,micropython-stm32-stubs,1.20.0.post1
1,stm32,,1.20.0,2026-06-01,micropython-stm32-stubs,1.20.0.post2
1,stm32,,1.20.0,2026-06-01,micropython-stm32-stubs,1.20.0.post4
25,stm32,,1.20.0,2026-06-01,micropython-stm32-stubs,1.20.0.post5
11,stm32,,1.21.0,2026-06-01,micropython-stm32-stubs,1.21.0.post2
1,stm32,,1.23.0,2026-06-01,micropython-stm32-stubs,1.23.0.post1
2,stm32,,1.24.1,2026-06-01,micropython-stm32-stubs,1.24.1.post2
1,stm32,,1.25.0,2026-06-01,micropython-stm32-stubs,1.25.0.post2
1,stm32,,1.25.0,2026-06-01,micropython-stm32-stubs,1.25.0.post3
4,stm32,,1.26.0,2026-06-01,micropython-stm32-stubs,1.26.0.post1
8,stm32,,1.27.0,2026-06-01,micropython-stm32-stubs,1.27.0.post1
5,stm32,,1.28.0,2026-06-01,micropython-stm32-stubs,1.28.0.post1
10,stm32,,1.28.0,2026-06-01,micropython-stm32-stubs,1.28.0.post2
16,stm32,,1.28.0,2026-06-01,micropython-stm32-stubs,1.28.0.post3
25,stm32,,1.28.0,2026-06-01,micropython-stm32-stubs,1.28.0.post4
256,stm32,,1.28.0,2026-06-01,micropython-stm32-stubs,1.28.0.post5
7,unix,,1.20.0,2026-06-01,micropython-unix-stubs,1.20.0.post1
20,unix,,1.21.0,2026-06-01,micropython-unix-stubs,1.21.0.post1
5,unix,,1.24.1,2026-06-01,micropython-unix-stubs,1.24.1.post2
9,unix,,1.25.0,2026-06-01,micropython-unix-stubs,1.25.0.post1
42,unix,,1.26.0,2026-06-01,micropython-unix-stubs,1.26.0.post1
96,unix,,1.28.0,2026-06-01,micropython-unix-stubs,1.28.0.post1
6,webassembly,,1.21.0,2026-06-01,micropython-webassembly-stubs,1.21.0.post1
3,webassembly,,1.21.0,2026-06-01,micropython-webassembly-stubs,1.21.0.post2
1,webassembly,,1.24.1,2026-06-01,micropython-webassembly-stubs,1.24.1.post1
5,webassembly,,1.25.0,2026-06-01,micropython-webassembly-stubs,1.25.0.post1
10,webassembly,,1.25.0,2026-06-01,micropython-webassembly-stubs,1.25.0.post2
23,webassembly,,1.26.0,2026-06-01,micropython-webassembly-stubs,1.26.0.post1
69,webassembly,,1.26.0,2026-06-01,micropython-webassembly-stubs,1.26.0.post2
6,windows,,1.20.0,2026-06-01,micropython-windows-stubs,1.20.0.post1
3,windows,,1.21.0,2026-06-01,micropython-windows-stubs,1.21.0.post1
1,windows,,1.24.1,2026-06-01,micropython-windows-stubs,1.24.1.post2
5,windows,,1.24.1,2026-06-01,micropython-windows-stubs,1.24.1.post3
9,windows,,1.25.0,2026-06-01,micropython-windows-stubs,1.25.0.post1
23,windows,,1.26.0,2026-06-01,micropython-windows-stubs,1.26.0.post1
72,windows,,1.28.0,2026-06-01,micropython-windows-stubs,1.28.0.post1
2,esp32,esp32-generic-c3,1.23.0,2026-07-01,micropython-esp32-esp32-generic-c3-stubs,1.23.0.post2
9,esp32,esp32-generic-c3,1.27.0,2026-07-01,micropython-esp32-esp32-generic-c3-stubs,1.27.0.post1
5,esp32,esp32-generic-c3,1.28.0,2026-07-01,micropython-esp32-esp32-generic-c3-stubs,1.28.0.post1
3,esp32,esp32-generic-c3,1.28.0,2026-07-01,micropython-esp32-esp32-generic-c3-stubs,1.28.0.post2
340,esp32,esp32-generic-c3,1.28.0,2026-07-01,micropython-esp32-esp32-generic-c3-stubs,1.28.0.post3
485,esp32,esp32-generic-c3,1.28.0,2026-07-01,micropython-esp32-esp32-generic-c3-stubs,1.28.0.post4
4,esp32,esp32-generic-c5,1.28.0,2026-07-01,micropython-esp32-esp32-generic-c5-stubs,1.28.0.post1
48,esp32,esp32-generic-c5,1.28.0,2026-07-01,micropython-esp32-esp32-generic-c5-stubs,1.28.0.post2
2,esp32,esp32-generic-c6,1.24.1,2026-07-01,micropython-esp32-esp32-generic-c6-stubs,1.24.1.post2
2,esp32,esp32-generic-c6,1.25.0,2026-07-01,micropython-esp32-esp32-generic-c6-stubs,1.25.0.post4
2,esp32,esp32-generic-c6,1.26.0,2026-07-01,micropython-esp32-esp32-generic-c6-stubs,1.26.0.post1
10,esp32,esp32-generic-c6,1.27.0,2026-07-01,micropython-esp32-esp32-generic-c6-stubs,1.27.0.post1
4,esp32,esp32-generic-c6,1.28.0,2026-07-01,micropython-esp32-esp32-generic-c6-stubs,1.28.0.post1
2,esp32,esp32-generic-c6,1.28.0,2026-07-01,micropython-esp32-esp32-generic-c6-stubs,1.28.0.post2
339,esp32,esp32-generic-c6,1.28.0,2026-07-01,micropython-esp32-esp32-generic-c6-stubs,1.28.0.post3
467,esp32,esp32-generic-c6,1.28.0,2026-07-01,micropython-esp32-esp32-generic-c6-stubs,1.28.0.post4
2,esp32,esp32-generic-s2,1.25.0,2026-07-01,micropython-esp32-esp32-generic-s2-stubs,1.25.0.post4
2,esp32,esp32-generic-s2,1.26.0,2026-07-01,micropython-esp32-esp32-generic-s2-stubs,1.26.0.post1
7,esp32,esp32-generic-s2,1.27.0,2026-07-01,micropython-esp32-esp32-generic-s2-stubs,1.27.0.post1
4,esp32,esp32-generic-s2,1.28.0,2026-07-01,micropython-esp32-esp32-generic-s2-stubs,1.28.0.post1
2,esp32,esp32-generic-s2,1.28.0,2026-07-01,micropython-esp32-esp32-generic-s2-stubs,1.28.0.post2
4,esp32,esp32-generic-s2,1.28.0,2026-07-01,micropython-esp32-esp32-generic-s2-stubs,1.28.0.post3
50,esp32,esp32-generic-s2,1.28.0,2026-07-01,micropython-esp32-esp32-generic-s2-stubs,1.28.0.post4
5,esp32,esp32-generic-s3,1.22.0,2026-07-01,micropython-esp32-esp32-generic-s3-stubs,1.22.0.post1
2,esp32,esp32-generic-s3,1.23.0,2026-07-01,micropython-esp32-esp32-generic-s3-stubs,1.23.0.post2
2,esp32,esp32-generic-s3,1.24.1,2026-07-01,micropython-esp32-esp32-generic-s3-stubs,1.24.1.post2
5,esp32,esp32-generic-s3,1.26.0,2026-07-01,micropython-esp32-esp32-generic-s3-stubs,1.26.0.post1
10,esp32,esp32-generic-s3,1.27.0,2026-07-01,micropython-esp32-esp32-generic-s3-stubs,1.27.0.post1
9,esp32,esp32-generic-s3,1.28.0,2026-07-01,micropython-esp32-esp32-generic-s3-stubs,1.28.0.post1
4,esp32,esp32-generic-s3,1.28.0,2026-07-01,micropython-esp32-esp32-generic-s3-stubs,1.28.0.post2
7,esp32,esp32-generic-s3,1.28.0,2026-07-01,micropython-esp32-esp32-generic-s3-stubs,1.28.0.post3
534,esp32,esp32-generic-s3,1.28.0,2026-07-01,micropython-esp32-esp32-generic-s3-stubs,1.28.0.post4
2,esp32,esp32-generic,1.21.0,2026-07-01,micropython-esp32-esp32-generic-stubs,1.21.0.post2
2,esp32,esp32-generic,1.22.0,2026-07-01,micropython-esp32-esp32-generic-stubs,1.22.0.post1
3,esp32,esp32-generic,1.23.0,2026-07-01,micropython-esp32-esp32-generic-stubs,1.23.0.post2
4,esp32,esp32-generic,1.24.1,2026-07-01,micropython-esp32-esp32-generic-stubs,1.24.1.post2
3,esp32,esp32-generic,1.25.0,2026-07-01,micropython-esp32-esp32-generic-stubs,1.25.0.post5
3,esp32,esp32-generic,1.26.0,2026-07-01,micropython-esp32-esp32-generic-stubs,1.26.0.post1
11,esp32,esp32-generic,1.27.0,2026-07-01,micropython-esp32-esp32-generic-stubs,1.27.0.post1
4,esp32,esp32-generic,1.28.0,2026-07-01,micropython-esp32-esp32-generic-stubs,1.28.0.post1
3,esp32,esp32-generic,1.28.0,2026-07-01,micropython-esp32-esp32-generic-stubs,1.28.0.post2
3,esp32,esp32-generic,1.28.0,2026-07-01,micropython-esp32-esp32-generic-stubs,1.28.0.post3
125,esp32,esp32-generic,1.28.0,2026-07-01,micropython-esp32-esp32-generic-stubs,1.28.0.post4
7,esp32,generic-ota,1.20.0,2026-07-01,micropython-esp32-generic-ota-stubs,1.20.0.post1
45,esp32,generic-ota,1.20.0,2026-07-01,micropython-esp32-generic-ota-stubs,1.20.0.post2
5,esp32,generic-s3,1.19.1,2026-07-01,micropython-esp32-generic-s3-stubs,1.19.1.post1
1,esp32,generic-s3,1.20.0,2026-07-01,micropython-esp32-generic-s3-stubs,1.20.0.post1
40,esp32,generic-s3,1.20.0,2026-07-01,micropython-esp32-generic-s3-stubs,1.20.0.post2
38,esp32,generic-spiram,1.19.1,2026-07-01,micropython-esp32-generic-spiram-stubs,1.19.1.post1
1,esp32,ota,1.20.0,2026-07-01,micropython-esp32-ota-stubs,1.20.0.post1
32,esp32,ota,1.20.0,2026-07-01,micropython-esp32-ota-stubs,1.20.0.post2
5,esp32,s3,1.19.1,2026-07-01,micropython-esp32-s3-stubs,1.19.1.post1
44,esp32,s3,1.20.0,2026-07-01,micropython-esp32-s3-stubs,1.20.0.post1
2,esp32,,1.17,2026-07-01,micropython-esp32-stubs,1.17.post1
1,esp32,,1.17,2026-07-01,micropython-esp32-stubs,1.17.post2
5,esp32,,1.17,2026-07-01,micropython-esp32-stubs,1.17.post3
2,esp32,,1.18,2026-07-01,micropython-esp32-stubs,1.18.post3
1,esp32,,1.19.1,2026-07-01,micropython-esp32-stubs,1.19.1.post11
2,esp32,,1.19.1,2026-07-01,micropython-esp32-stubs,1.19.1.post15
1,esp32,,1.19.1,2026-07-01,micropython-esp32-stubs,1.19.1.post4
1,esp32,,1.19.1,2026-07-01,micropython-esp32-stubs,1.19.1.post9
2,esp32,,1.20.0,2026-07-01,micropython-esp32-stubs,1.20.0.post5
2,esp32,,1.21.0,2026-07-01,micropython-esp32-stubs,1.21.0.post1
3,esp32,,1.21.0,2026-07-01,micropython-esp32-stubs,1.21.0.post4
12,esp32,,1.22.0,2026-07-01,micropython-esp32-stubs,1.22.0.post1
8,esp32,,1.23.0,2026-07-01,micropython-esp32-stubs,1.23.0.post2
4,esp32,,,2026-07-01,micropython-esp32-stubs,1.23.0a87
3,esp32,,1.24.1,2026-07-01,micropython-esp32-stubs,1.24.1.post1
18,esp32,,1.24.1,2026-07-01,micropython-esp32-stubs,1.24.1.post2
3,esp32,,1.25.0,2026-07-01,micropython-esp32-stubs,1.25.0.post2
1,esp32,,1.25.0,2026-07-01,micropython-esp32-stubs,1.25.0.post3
8,esp32,,1.25.0,2026-07-01,micropython-esp32-stubs,1.25.0.post5
25,esp32,,1.26.0,2026-07-01,micropython-esp32-stubs,1.26.0.post1
112,esp32,,1.27.0,2026-07-01,micropython-esp32-stubs,1.27.0.post1
12,esp32,,1.28.0,2026-07-01,micropython-esp32-stubs,1.28.0.post1
4,esp32,,1.28.0,2026-07-01,micropython-esp32-stubs,1.28.0.post2
33,esp32,,1.28.0,2026-07-01,micropython-esp32-stubs,1.28.0.post3
1443,esp32,,1.28.0,2026-07-01,micropython-esp32-stubs,1.28.0.post4
1,esp32,um-tinypico,1.19.1,2026-07-01,micropython-esp32-um-tinypico-stubs,1.19.1.post5
1,esp32,um-tinypico,1.19.1,2026-07-01,micropython-esp32-um-tinypico-stubs,1.19.1.post7
29,esp32,um-tinypico,1.19.1,2026-07-01,micropython-esp32-um-tinypico-stubs,1.19.1.post8
2,esp8266,esp8266-generic,1.23.0,2026-07-01,micropython-esp8266-esp8266-generic-stubs,1.23.0.post2
1,esp8266,esp8266-generic,1.25.0,2026-07-01,micropython-esp8266-esp8266-generic-stubs,1.25.0.post1
1,esp8266,esp8266-generic,1.25.0,2026-07-01,micropython-esp8266-esp8266-generic-stubs,1.25.0.post2
3,esp8266,esp8266-generic,1.25.0,2026-07-01,micropython-esp8266-esp8266-generic-stubs,1.25.0.post4
2,esp8266,esp8266-generic,1.26.0,2026-07-01,micropython-esp8266-esp8266-generic-stubs,1.26.0.post1
7,esp8266,esp8266-generic,1.27.0,2026-07-01,micropython-esp8266-esp8266-generic-stubs,1.27.0.post1
4,esp8266,esp8266-generic,1.28.0,2026-07-01,micropython-esp8266-esp8266-generic-stubs,1.28.0.post1
2,esp8266,esp8266-generic,1.28.0,2026-07-01,micropython-esp8266-esp8266-generic-stubs,1.28.0.post2
3,esp8266,esp8266-generic,1.28.0,2026-07-01,micropython-esp8266-esp8266-generic-stubs,1.28.0.post3
47,esp8266,esp8266-generic,1.28.0,2026-07-01,micropython-esp8266-esp8266-generic-stubs,1.28.0.post4
2,esp8266,,1.17,2026-07-01,micropython-esp8266-stubs,1.17.post3
2,esp8266,,1.18,2026-07-01,micropython-esp8266-stubs,1.18.post4
2,esp8266,,1.19.1,2026-07-01,micropython-esp8266-stubs,1.19.1.post12
1,esp8266,,1.19.1,2026-07-01,micropython-esp8266-stubs,1.19.1.post2
1,esp8266,,1.19.1,2026-07-01,micropython-esp8266-stubs,1.19.1.post4
1,esp8266,,1.19.1,2026-07-01,micropython-esp8266-stubs,1.19.1.post5
1,esp8266,,1.19.1,2026-07-01,micropython-esp8266-stubs,1.19.1.post9
1,esp8266,,1.23.0,2026-07-01,micropython-esp8266-stubs,1.23.0.post1
3,esp8266,,1.23.0,2026-07-01,micropython-esp8266-stubs,1.23.0.post2
2,esp8266,,1.24.1,2026-07-01,micropython-esp8266-stubs,1.24.1.post1
1,esp8266,,1.25.0,2026-07-01,micropython-esp8266-stubs,1.25.0.post1
1,esp8266,,1.25.0,2026-07-01,micropython-esp8266-stubs,1.25.0.post3
3,esp8266,,1.25.0,2026-07-01,micropython-esp8266-stubs,1.25.0.post4
3,esp8266,,1.26.0,2026-07-01,micropython-esp8266-stubs,1.26.0.post1
10,esp8266,,1.27.0,2026-07-01,micropython-esp8266-stubs,1.27.0.post1
5,esp8266,,1.28.0,2026-07-01,micropython-esp8266-stubs,1.28.0.post1
2,esp8266,,1.28.0,2026-07-01,micropython-esp8266-stubs,1.28.0.post2
3,esp8266,,1.28.0,2026-07-01,micropython-esp8266-stubs,1.28.0.post3
137,esp8266,,1.28.0,2026-07-01,micropython-esp8266-stubs,1.28.0.post4
30,mimxrt,mimxrt1010-evk,1.26.1,2026-07-01,micropython-mimxrt-mimxrt1010-evk-stubs,1.26.1.post1
31,mimxrt,seeed-arch-mix,1.26.1,2026-07-01,micropython-mimxrt-seeed-arch-mix-stubs,1.26.1.post1
34,mimxrt,,1.26.1,2026-07-01,micropython-mimxrt-stubs,1.26.1.post1
2,rp2,arduino-nano-rp2040-connect,1.22.0,2026-07-01,micropython-rp2-arduino-nano-rp2040-connect-stubs,1.22.0.post1
2,rp2,arduino-nano-rp2040-connect,1.22.1,2026-07-01,micropython-rp2-arduino-nano-rp2040-connect-stubs,1.22.1.post1
3,rp2,arduino-nano-rp2040-connect,1.22.1,2026-07-01,micropython-rp2-arduino-nano-rp2040-connect-stubs,1.22.1.post2
3,rp2,arduino-nano-rp2040-connect,1.24.1,2026-07-01,micropython-rp2-arduino-nano-rp2040-connect-stubs,1.24.1.post1
7,rp2,arduino-nano-rp2040-connect,1.24.1,2026-07-01,micropython-rp2-arduino-nano-rp2040-connect-stubs,1.24.1.post2
5,rp2,arduino-nano-rp2040-connect,1.28.0,2026-07-01,micropython-rp2-arduino-nano-rp2040-connect-stubs,1.28.0.post1
3,rp2,arduino-nano-rp2040-connect,1.28.0,2026-07-01,micropython-rp2-arduino-nano-rp2040-connect-stubs,1.28.0.post2
3,rp2,arduino-nano-rp2040-connect,1.28.0,2026-07-01,micropython-rp2-arduino-nano-rp2040-connect-stubs,1.28.0.post3
40,rp2,arduino-nano-rp2040-connect,1.28.0,2026-07-01,micropython-rp2-arduino-nano-rp2040-connect-stubs,1.28.0.post4
2,rp2,pico,1.20.0,2026-07-01,micropython-rp2-pico-stubs,1.20.0.post2
1,rp2,pico,1.20.0,2026-07-01,micropython-rp2-pico-stubs,1.20.0.post3
2,rp2,pico,1.20.0,2026-07-01,micropython-rp2-pico-stubs,1.20.0.post4
197,rp2,pico,1.20.0,2026-07-01,micropython-rp2-pico-stubs,1.20.0.post5
1,rp2,pico-w,1.20.0,2026-07-01,micropython-rp2-pico-w-stubs,1.20.0.post2
2,rp2,pico-w,1.20.0,2026-07-01,micropython-rp2-pico-w-stubs,1.20.0.post4
98,rp2,pico-w,1.20.0,2026-07-01,micropython-rp2-pico-w-stubs,1.20.0.post5
3,rp2,pimoroni-picolipo-16mb,1.20.0,2026-07-01,micropython-rp2-pimoroni-picolipo-16mb-stubs,1.20.0.post3
34,rp2,pimoroni-picolipo-16mb,1.22.0,2026-07-01,micropython-rp2-pimoroni-picolipo-16mb-stubs,1.22.0.post1
3,rp2,pimoroni-picolipo,1.26.0,2026-07-01,micropython-rp2-pimoroni-picolipo-stubs,1.26.0.post1
34,rp2,pimoroni-picolipo,1.27.0,2026-07-01,micropython-rp2-pimoroni-picolipo-stubs,1.27.0.post1
2,rp2,rpi-pico,1.21.0,2026-07-01,micropython-rp2-rpi-pico-stubs,1.21.0.post3
2,rp2,rpi-pico,1.22.0,2026-07-01,micropython-rp2-rpi-pico-stubs,1.22.0.post1
2,rp2,rpi-pico,1.22.1,2026-07-01,micropython-rp2-rpi-pico-stubs,1.22.1.post2
2,rp2,rpi-pico,1.23.0,2026-07-01,micropython-rp2-rpi-pico-stubs,1.23.0.post2
4,rp2,rpi-pico,1.24.1,2026-07-01,micropython-rp2-rpi-pico-stubs,1.24.1.post2
4,rp2,rpi-pico,1.25.0,2026-07-01,micropython-rp2-rpi-pico-stubs,1.25.0.post1
4,rp2,rpi-pico,1.25.0,2026-07-01,micropython-rp2-rpi-pico-stubs,1.25.0.post3
4,rp2,rpi-pico,1.26.0,2026-07-01,micropython-rp2-rpi-pico-stubs,1.26.0.post1
7,rp2,rpi-pico,1.27.0,2026-07-01,micropython-rp2-rpi-pico-stubs,1.27.0.post1
4,rp2,rpi-pico,1.28.0,2026-07-01,micropython-rp2-rpi-pico-stubs,1.28.0.post1
2,rp2,rpi-pico,1.28.0,2026-07-01,micropython-rp2-rpi-pico-stubs,1.28.0.post2
3,rp2,rpi-pico,1.28.0,2026-07-01,micropython-rp2-rpi-pico-stubs,1.28.0.post3
101,rp2,rpi-pico,1.28.0,2026-07-01,micropython-rp2-rpi-pico-stubs,1.28.0.post4
1,rp2,rpi-pico-w,1.21.0,2026-07-01,micropython-rp2-rpi-pico-w-stubs,1.21.0.post1
41,rp2,rpi-pico-w,1.21.0,2026-07-01,micropython-rp2-rpi-pico-w-stubs,1.21.0.post3
2,rp2,rpi-pico-w,1.22.0,2026-07-01,micropython-rp2-rpi-pico-w-stubs,1.22.0.post1
23,rp2,rpi-pico-w,1.22.1,2026-07-01,micropython-rp2-rpi-pico-w-stubs,1.22.1.post2
22,rp2,rpi-pico-w,1.23.0,2026-07-01,micropython-rp2-rpi-pico-w-stubs,1.23.0.post2
2,rp2,rpi-pico-w,1.24.1,2026-07-01,micropython-rp2-rpi-pico-w-stubs,1.24.1.post2
1,rp2,rpi-pico-w,1.25.0,2026-07-01,micropython-rp2-rpi-pico-w-stubs,1.25.0.post3
4,rp2,rpi-pico-w,1.25.0,2026-07-01,micropython-rp2-rpi-pico-w-stubs,1.25.0.post4
9,rp2,rpi-pico-w,1.26.0,2026-07-01,micropython-rp2-rpi-pico-w-stubs,1.26.0.post1
5,rp2,rpi-pico-w,1.28.0,2026-07-01,micropython-rp2-rpi-pico-w-stubs,1.28.0.post1
2,rp2,rpi-pico-w,1.28.0,2026-07-01,micropython-rp2-rpi-pico-w-stubs,1.28.0.post2
3,rp2,rpi-pico-w,1.28.0,2026-07-01,micropython-rp2-rpi-pico-w-stubs,1.28.0.post3
842,rp2,rpi-pico-w,1.28.0,2026-07-01,micropython-rp2-rpi-pico-w-stubs,1.28.0.post4
2,rp2,rpi-pico2,1.24.1,2026-07-01,micropython-rp2-rpi-pico2-stubs,1.24.1.post2
2,rp2,rpi-pico2,1.25.0,2026-07-01,micropython-rp2-rpi-pico2-stubs,1.25.0.post2
2,rp2,rpi-pico2,1.25.0,2026-07-01,micropython-rp2-rpi-pico2-stubs,1.25.0.post3
3,rp2,rpi-pico2,1.26.0,2026-07-01,micropython-rp2-rpi-pico2-stubs,1.26.0.post1
7,rp2,rpi-pico2,1.27.0,2026-07-01,micropython-rp2-rpi-pico2-stubs,1.27.0.post1
8,rp2,rpi-pico2,1.28.0,2026-07-01,micropython-rp2-rpi-pico2-stubs,1.28.0.post1
2,rp2,rpi-pico2,1.28.0,2026-07-01,micropython-rp2-rpi-pico2-stubs,1.28.0.post2
4,rp2,rpi-pico2,1.28.0,2026-07-01,micropython-rp2-rpi-pico2-stubs,1.28.0.post3
187,rp2,rpi-pico2,1.28.0,2026-07-01,micropython-rp2-rpi-pico2-stubs,1.28.0.post4
1,rp2,rpi-pico2-w,1.25.0,2026-07-01,micropython-rp2-rpi-pico2-w-stubs,1.25.0.post2
1,rp2,rpi-pico2-w,1.25.0,2026-07-01,micropython-rp2-rpi-pico2-w-stubs,1.25.0.post3
2,rp2,rpi-pico2-w,1.25.0,2026-07-01,micropython-rp2-rpi-pico2-w-stubs,1.25.0.post4
111,rp2,rpi-pico2-w,1.26.0,2026-07-01,micropython-rp2-rpi-pico2-w-stubs,1.26.0.post1
6,rp2,rpi-pico2-w,1.27.0,2026-07-01,micropython-rp2-rpi-pico2-w-stubs,1.27.0.post1
5,rp2,rpi-pico2-w,1.28.0,2026-07-01,micropython-rp2-rpi-pico2-w-stubs,1.28.0.post1
2,rp2,rpi-pico2-w,1.28.0,2026-07-01,micropython-rp2-rpi-pico2-w-stubs,1.28.0.post2
4,rp2,rpi-pico2-w,1.28.0,2026-07-01,micropython-rp2-rpi-pico2-w-stubs,1.28.0.post3
72,rp2,rpi-pico2-w,1.28.0,2026-07-01,micropython-rp2-rpi-pico2-w-stubs,1.28.0.post4
2,rp2,,1.17,2026-07-01,micropython-rp2-stubs,1.17.post3
2,rp2,,1.18,2026-07-01,micropython-rp2-stubs,1.18.post3
1,rp2,,1.19.1,2026-07-01,micropython-rp2-stubs,1.19.1.post10
2,rp2,,1.19.1,2026-07-01,micropython-rp2-stubs,1.19.1.post14
6,rp2,,1.20.0,2026-07-01,micropython-rp2-stubs,1.20.0.post5
2,rp2,,1.21.0,2026-07-01,micropython-rp2-stubs,1.21.0.post2
2,rp2,,1.22.0,2026-07-01,micropython-rp2-stubs,1.22.0.post1
3,rp2,,1.22.1,2026-07-01,micropython-rp2-stubs,1.22.1.post2
2,rp2,,1.23.0,2026-07-01,micropython-rp2-stubs,1.23.0.post2
2,rp2,,1.24.1,2026-07-01,micropython-rp2-stubs,1.24.1.post2
2,rp2,,1.25.0,2026-07-01,micropython-rp2-stubs,1.25.0.post3
3,rp2,,1.26.0,2026-07-01,micropython-rp2-stubs,1.26.0.post1
18,rp2,,1.27.0,2026-07-01,micropython-rp2-stubs,1.27.0.post1
4,rp2,,1.28.0,2026-07-01,micropython-rp2-stubs,1.28.0.post1
2,rp2,,1.28.0,2026-07-01,micropython-rp2-stubs,1.28.0.post2
6,rp2,,1.28.0,2026-07-01,micropython-rp2-stubs,1.28.0.post3
685,rp2,,1.28.0,2026-07-01,micropython-rp2-stubs,1.28.0.post4
2,rp2,waveshare-rp2040-zero,1.28.0,2026-07-01,micropython-rp2-waveshare-rp2040-zero-stubs,1.28.0.post1
2,rp2,waveshare-rp2040-zero,1.28.0,2026-07-01,micropython-rp2-waveshare-rp2040-zero-stubs,1.28.0.post2
4,rp2,waveshare-rp2040-zero,1.28.0,2026-07-01,micropython-rp2-waveshare-rp2040-zero-stubs,1.28.0.post3
39,rp2,waveshare-rp2040-zero,1.28.0,2026-07-01,micropython-rp2-waveshare-rp2040-zero-stubs,1.28.0.post4
1,samd,adafruit-feather-m4-express,1.20.0,2026-07-01,micropython-samd-adafruit-feather-m4-express-stubs,1.20.0.post3
33,samd,adafruit-feather-m4-express,1.20.0,2026-07-01,micropython-samd-adafruit-feather-m4-express-stubs,1.20.0.post4
1,samd,adafruit-itsybitsy-m4-express,1.20.0,2026-07-01,micropython-samd-adafruit-itsybitsy-m4-express-stubs,1.20.0.post3
35,samd,adafruit-itsybitsy-m4-express,1.20.0,2026-07-01,micropython-samd-adafruit-itsybitsy-m4-express-stubs,1.20.0.post4
1,samd,minisam-m4,1.20.0,2026-07-01,micropython-samd-minisam-m4-stubs,1.20.0.post2
1,samd,minisam-m4,1.20.0,2026-07-01,micropython-samd-minisam-m4-stubs,1.20.0.post3
33,samd,minisam-m4,1.20.0,2026-07-01,micropython-samd-minisam-m4-stubs,1.20.0.post4
1,samd,seeed-wio-terminal,1.20.0,2026-07-01,micropython-samd-seeed-wio-terminal-stubs,1.20.0.post1
1,samd,seeed-wio-terminal,1.20.0,2026-07-01,micropython-samd-seeed-wio-terminal-stubs,1.20.0.post4
2,samd,seeed-wio-terminal,1.20.0,2026-07-01,micropython-samd-seeed-wio-terminal-stubs,1.20.0.post5
2,samd,seeed-wio-terminal,1.21.0,2026-07-01,micropython-samd-seeed-wio-terminal-stubs,1.21.0.post3
2,samd,seeed-wio-terminal,1.22.0,2026-07-01,micropython-samd-seeed-wio-terminal-stubs,1.22.0.post1
2,samd,seeed-wio-terminal,1.22.1,2026-07-01,micropython-samd-seeed-wio-terminal-stubs,1.22.1.post1
3,samd,seeed-wio-terminal,1.23.0,2026-07-01,micropython-samd-seeed-wio-terminal-stubs,1.23.0.post2
2,samd,seeed-wio-terminal,1.24.1,2026-07-01,micropython-samd-seeed-wio-terminal-stubs,1.24.1.post2
2,samd,seeed-wio-terminal,1.25.0,2026-07-01,micropython-samd-seeed-wio-terminal-stubs,1.25.0.post3
3,samd,seeed-wio-terminal,1.26.0,2026-07-01,micropython-samd-seeed-wio-terminal-stubs,1.26.0.post1
8,samd,seeed-wio-terminal,1.27.0,2026-07-01,micropython-samd-seeed-wio-terminal-stubs,1.27.0.post1
4,samd,seeed-wio-terminal,1.28.0,2026-07-01,micropython-samd-seeed-wio-terminal-stubs,1.28.0.post1
2,samd,seeed-wio-terminal,1.28.0,2026-07-01,micropython-samd-seeed-wio-terminal-stubs,1.28.0.post2
3,samd,seeed-wio-terminal,1.28.0,2026-07-01,micropython-samd-seeed-wio-terminal-stubs,1.28.0.post3
43,samd,seeed-wio-terminal,1.28.0,2026-07-01,micropython-samd-seeed-wio-terminal-stubs,1.28.0.post4
3,samd,,1.20.0,2026-07-01,micropython-samd-stubs,1.20.0.post2
2,samd,,1.21.0,2026-07-01,micropython-samd-stubs,1.21.0.post1
3,samd,,1.21.0,2026-07-01,micropython-samd-stubs,1.21.0.post2
4,samd,,1.22.0,2026-07-01,micropython-samd-stubs,1.22.0.post1
3,samd,,1.22.1,2026-07-01,micropython-samd-stubs,1.22.1.post1
1,samd,,1.23.0,2026-07-01,micropython-samd-stubs,1.23.0.post1
4,samd,,1.23.0,2026-07-01,micropython-samd-stubs,1.23.0.post2
2,samd,,,2026-07-01,micropython-samd-stubs,1.23.0a87
3,samd,,1.24.1,2026-07-01,micropython-samd-stubs,1.24.1.post2
2,samd,,1.25.0,2026-07-01,micropython-samd-stubs,1.25.0.post3
2,samd,,1.26.0,2026-07-01,micropython-samd-stubs,1.26.0.post1
8,samd,,1.27.0,2026-07-01,micropython-samd-stubs,1.27.0.post1
5,samd,,1.28.0,2026-07-01,micropython-samd-stubs,1.28.0.post1
2,samd,,1.28.0,2026-07-01,micropython-samd-stubs,1.28.0.post2
4,samd,,1.28.0,2026-07-01,micropython-samd-stubs,1.28.0.post3
108,samd,,1.28.0,2026-07-01,micropython-samd-stubs,1.28.0.post4
6,stdlib,,,2026-07-01,micropython-stdlib-stubs,0.9.0
4,stdlib,,,2026-07-01,micropython-stdlib-stubs,1.0.1a1
1,stdlib,,,2026-07-01,micropython-stdlib-stubs,1.1.0
14,stdlib,,,2026-07-01,micropython-stdlib-stubs,1.1.2
4,stdlib,,,2026-07-01,micropython-stdlib-stubs,1.1.2a0
6,stdlib,,,2026-07-01,micropython-stdlib-stubs,1.23.0
2,stdlib,,,2026-07-01,micropython-stdlib-stubs,1.24.0
5,stdlib,,,2026-07-01,micropython-stdlib-stubs,1.24.1
6,stdlib,,1.24.1,2026-07-01,micropython-stdlib-stubs,1.24.1.post2
47,stdlib,,,2026-07-01,micropython-stdlib-stubs,1.25.0
4,stdlib,,1.26.0,2026-07-01,micropython-stdlib-stubs,1.26.0.post1
170,stdlib,,1.26.0,2026-07-01,micropython-stdlib-stubs,1.26.0.post3
122,stdlib,,,2026-07-01,micropython-stdlib-stubs,1.27.0
7,stdlib,,1.27.0,2026-07-01,micropython-stdlib-stubs,1.27.0.post1
141,stdlib,,1.27.0,2026-07-01,micropython-stdlib-stubs,1.27.0.post2
4,stdlib,,1.28.0,2026-07-01,micropython-stdlib-stubs,1.28.0.post1
4,stdlib,,1.28.0,2026-07-01,micropython-stdlib-stubs,1.28.0.post2
370,stdlib,,1.28.0,2026-07-01,micropython-stdlib-stubs,1.28.0.post4
2339,stdlib,,1.28.0,2026-07-01,micropython-stdlib-stubs,1.28.0.post5
2303,stdlib,,1.28.0,2026-07-01,micropython-stdlib-stubs,1.28.0.post6
2,stm32,pybv11,1.20.0,2026-07-01,micropython-stm32-pybv11-stubs,1.20.0.post1
3,stm32,pybv11,1.20.0,2026-07-01,micropython-stm32-pybv11-stubs,1.20.0.post6
1,stm32,pybv11,1.21.0,2026-07-01,micropython-stm32-pybv11-stubs,1.21.0.post1
2,stm32,pybv11,1.21.0,2026-07-01,micropython-stm32-pybv11-stubs,1.21.0.post3
3,stm32,pybv11,1.22.0,2026-07-01,micropython-stm32-pybv11-stubs,1.22.0.post2
2,stm32,pybv11,1.23.0,2026-07-01,micropython-stm32-pybv11-stubs,1.23.0.post2
1,stm32,pybv11,1.24.1,2026-07-01,micropython-stm32-pybv11-stubs,1.24.1.post1
3,stm32,pybv11,1.24.1,2026-07-01,micropython-stm32-pybv11-stubs,1.24.1.post2
2,stm32,pybv11,1.25.0,2026-07-01,micropython-stm32-pybv11-stubs,1.25.0.post3
3,stm32,pybv11,1.26.0,2026-07-01,micropython-stm32-pybv11-stubs,1.26.0.post1
7,stm32,pybv11,1.27.0,2026-07-01,micropython-stm32-pybv11-stubs,1.27.0.post1
4,stm32,pybv11,1.28.0,2026-07-01,micropython-stm32-pybv11-stubs,1.28.0.post1
4,stm32,pybv11,1.28.0,2026-07-01,micropython-stm32-pybv11-stubs,1.28.0.post2
5,stm32,pybv11,1.28.0,2026-07-01,micropython-stm32-pybv11-stubs,1.28.0.post3
5,stm32,pybv11,1.28.0,2026-07-01,micropython-stm32-pybv11-stubs,1.28.0.post4
38,stm32,pybv11,1.28.0,2026-07-01,micropython-stm32-pybv11-stubs,1.28.0.post5
6,stm32,,1.17,2026-07-01,micropython-stm32-stubs,1.17.post3
1,stm32,,1.18,2026-07-01,micropython-stm32-stubs,1.18.post2
1,stm32,,1.18,2026-07-01,micropython-stm32-stubs,1.18.post3
3,stm32,,1.18,2026-07-01,micropython-stm32-stubs,1.18.post4
1,stm32,,1.19.1,2026-07-01,micropython-stm32-stubs,1.19.1.post1
2,stm32,,1.19.1,2026-07-01,micropython-stm32-stubs,1.19.1.post11
2,stm32,,1.19.1,2026-07-01,micropython-stm32-stubs,1.19.1.post12
1,stm32,,1.19.1,2026-07-01,micropython-stm32-stubs,1.19.1.post5
1,stm32,,1.19.1,2026-07-01,micropython-stm32-stubs,1.19.1.post6
2,stm32,,1.19.1,2026-07-01,micropython-stm32-stubs,1.19.1.post8
1,stm32,,1.19.1,2026-07-01,micropython-stm32-stubs,1.19.1.post9
1,stm32,,1.20.0,2026-07-01,micropython-stm32-stubs,1.20.0.post1
1,stm32,,1.20.0,2026-07-01,micropython-stm32-stubs,1.20.0.post3
4,stm32,,1.20.0,2026-07-01,micropython-stm32-stubs,1.20.0.post5
2,stm32,,1.21.0,2026-07-01,micropython-stm32-stubs,1.21.0.post2
4,stm32,,1.22.0,2026-07-01,micropython-stm32-stubs,1.22.0.post1
2,stm32,,1.23.0,2026-07-01,micropython-stm32-stubs,1.23.0.post2
1,stm32,,1.24.1,2026-07-01,micropython-stm32-stubs,1.24.1.post1
2,stm32,,1.24.1,2026-07-01,micropython-stm32-stubs,1.24.1.post2
1,stm32,,1.25.0,2026-07-01,micropython-stm32-stubs,1.25.0.post2
5,stm32,,1.25.0,2026-07-01,micropython-stm32-stubs,1.25.0.post3
4,stm32,,1.26.0,2026-07-01,micropython-stm32-stubs,1.26.0.post1
9,stm32,,1.27.0,2026-07-01,micropython-stm32-stubs,1.27.0.post1
5,stm32,,1.28.0,2026-07-01,micropython-stm32-stubs,1.28.0.post1
2,stm32,,1.28.0,2026-07-01,micropython-stm32-stubs,1.28.0.post2
2,stm32,,1.28.0,2026-07-01,micropython-stm32-stubs,1.28.0.post3
3,stm32,,1.28.0,2026-07-01,micropython-stm32-stubs,1.28.0.post4
169,stm32,,1.28.0,2026-07-01,micropython-stm32-stubs,1.28.0.post5
2,unix,,1.20.0,2026-07-01,micropython-unix-stubs,1.20.0.post1
114,unix,,1.21.0,2026-07-01,micropython-unix-stubs,1.21.0.post1
1,unix,,1.24.1,2026-07-01,micropython-unix-stubs,1.24.1.post1
3,unix,,1.24.1,2026-07-01,micropython-unix-stubs,1.24.1.post2
3,unix,,1.25.0,2026-07-01,micropython-unix-stubs,1.25.0.post1
18,unix,,1.26.0,2026-07-01,micropython-unix-stubs,1.26.0.post1
54,unix,,1.28.0,2026-07-01,micropython-unix-stubs,1.28.0.post1
2,webassembly,,1.21.0,2026-07-01,micropython-webassembly-stubs,1.21.0.post2
3,webassembly,,1.24.1,2026-07-01,micropython-webassembly-stubs,1.24.1.post2
4,webassembly,,1.25.0,2026-07-01,micropython-webassembly-stubs,1.25.0.post2
1,webassembly,,1.26.0,2026-07-01,micropython-webassembly-stubs,1.26.0.post1
57,webassembly,,1.26.0,2026-07-01,micropython-webassembly-stubs,1.26.0.post2
2,windows,,1.24.1,2026-07-01,micropython-windows-stubs,1.24.1.post3
3,windows,,1.25.0,2026-07-01,micropython-windows-stubs,1.25.0.post1
5,windows,,1.26.0,2026-07-01,micropython-windows-stubs,1.26.0.post1
38,windows,,1.28.0,2026-07-01,micropython-windows-stubs,1.28.0.post1
